.\.venv\Scripts\python.exe : INFO:     Started server process [37580]
At line:15 char:1
+ .\.venv\Scripts\python.exe -m uvicorn app.main:app --port 8000 *> uvi ...
+ ~~~~~~~~~~~~~~~~~~~~~~~~~~~~~~~~~~~~~~~~~~~~~~~~~~~~~~~~~~~~~~~~~~~~~
    + CategoryInfo          : NotSpecified: (INFO:     Started server process [37580]:String) [], RemoteException
    + FullyQualifiedErrorId : NativeCommandError
 
INFO:     Waiting for application startup.
INFO:pcrf_fms:Isolation Forest model loaded (artifacts/isolation_forest_model.pkl)
INFO:apscheduler.scheduler:Adding job tentatively -- it will be properly scheduled when the scheduler starts
INFO:apscheduler.scheduler:Added job "_run_daily_report_job" to job store "default"
INFO:apscheduler.scheduler:Scheduler started
INFO:app.scheduler:Report scheduler started -- daily job at 10:30 UTC
INFO:pcrf_fms:Startup complete: ingest worker + report scheduler running in-process.
WARNING:app.ingest_worker:INGEST_S3_BUCKET is not set -- ingestion worker will not poll S3.
INFO:app.ingest_worker:Ingestion worker started. Polling every 300s.
INFO:     Application startup complete.
INFO:     Uvicorn running on http://127.0.0.1:8000 (Press CTRL+C to quit)
INFO:botocore.credentials:Found credentials in shared credentials file: ~/.aws/credentials
INFO:     127.0.0.1:64944 - "GET /api/health HTTP/1.1" 200 OK
INFO:     127.0.0.1:64953 - "POST /api/score HTTP/1.1" 200 OK
INFO:     127.0.0.1:64954 - "GET /api/health HTTP/1.1" 200 OK
INFO:     127.0.0.1:64955 - "GET /openapi.json HTTP/1.1" 200 OK
INFO:     127.0.0.1:52999 - "GET /api/health HTTP/1.1" 200 OK
INFO:     127.0.0.1:53010 - "GET /api/health HTTP/1.1" 200 OK
INFO:     ('127.0.0.1', 51822) - "WebSocket /api/ws" [accepted]
INFO:app.websocket_manager:WebSocket connected. Total active: 1
INFO:     connection open
INFO:     ('127.0.0.1', 51833) - "WebSocket /api/ws" [accepted]
INFO:app.websocket_manager:WebSocket connected. Total active: 2
INFO:     connection open
INFO:     ('127.0.0.1', 51840) - "WebSocket /api/ws" [accepted]
INFO:app.websocket_manager:WebSocket connected. Total active: 3
INFO:     connection open
INFO:     ('127.0.0.1', 51843) - "WebSocket /api/ws" [accepted]
INFO:app.websocket_manager:WebSocket connected. Total active: 4
INFO:     connection open
INFO:app.websocket_manager:WebSocket disconnected. Total active: 3
INFO:     connection closed
INFO:app.websocket_manager:WebSocket disconnected. Total active: 2
INFO:     connection closed
INFO:app.websocket_manager:WebSocket disconnected. Total active: 1
INFO:     connection closed
INFO:app.websocket_manager:WebSocket disconnected. Total active: 0
INFO:     connection closed
INFO:     127.0.0.1:51829 - "GET /api/analytics/windows HTTP/1.1" 500 Internal Server Error
ERROR:    Exception in ASGI application
Traceback (most recent call last):
  File 
"C:\Users\ismai\Documents\GitHub\New-Data-Fraud-detection\backend\.venv\Lib\site-packages\sqlalchemy\engine\base.py", 
line 146, in __init__
    self._dbapi_connection = engine.raw_connection()
                             ^^^^^^^^^^^^^^^^^^^^^^^
  File 
"C:\Users\ismai\Documents\GitHub\New-Data-Fraud-detection\backend\.venv\Lib\site-packages\sqlalchemy\engine\base.py", 
line 3302, in raw_connection
    return self.pool.connect()
           ^^^^^^^^^^^^^^^^^^^
  File 
"C:\Users\ismai\Documents\GitHub\New-Data-Fraud-detection\backend\.venv\Lib\site-packages\sqlalchemy\pool\base.py", 
line 449, in connect
    return _ConnectionFairy._checkout(self)
           ^^^^^^^^^^^^^^^^^^^^^^^^^^^^^^^^
  File 
"C:\Users\ismai\Documents\GitHub\New-Data-Fraud-detection\backend\.venv\Lib\site-packages\sqlalchemy\pool\base.py", 
line 1263, in _checkout
    fairy = _ConnectionRecord.checkout(pool)
            ^^^^^^^^^^^^^^^^^^^^^^^^^^^^^^^^
  File 
"C:\Users\ismai\Documents\GitHub\New-Data-Fraud-detection\backend\.venv\Lib\site-packages\sqlalchemy\pool\base.py", 
line 712, in checkout
    rec = pool._do_get()
          ^^^^^^^^^^^^^^
  File 
"C:\Users\ismai\Documents\GitHub\New-Data-Fraud-detection\backend\.venv\Lib\site-packages\sqlalchemy\pool\impl.py", 
line 179, in _do_get
    with util.safe_reraise():
  File "C:\Users\ismai\Documents\GitHub\New-Data-Fraud-detection\backend\.venv\Lib\site-packages\sqlalchemy\util\langhe
lpers.py", line 146, in __exit__
    raise exc_value.with_traceback(exc_tb)
  File 
"C:\Users\ismai\Documents\GitHub\New-Data-Fraud-detection\backend\.venv\Lib\site-packages\sqlalchemy\pool\impl.py", 
line 177, in _do_get
    return self._create_connection()
           ^^^^^^^^^^^^^^^^^^^^^^^^^
  File 
"C:\Users\ismai\Documents\GitHub\New-Data-Fraud-detection\backend\.venv\Lib\site-packages\sqlalchemy\pool\base.py", 
line 390, in _create_connection
    return _ConnectionRecord(self)
           ^^^^^^^^^^^^^^^^^^^^^^^
  File 
"C:\Users\ismai\Documents\GitHub\New-Data-Fraud-detection\backend\.venv\Lib\site-packages\sqlalchemy\pool\base.py", 
line 674, in __init__
    self.__connect()
  File 
"C:\Users\ismai\Documents\GitHub\New-Data-Fraud-detection\backend\.venv\Lib\site-packages\sqlalchemy\pool\base.py", 
line 900, in __connect
    with util.safe_reraise():
  File "C:\Users\ismai\Documents\GitHub\New-Data-Fraud-detection\backend\.venv\Lib\site-packages\sqlalchemy\util\langhe
lpers.py", line 146, in __exit__
    raise exc_value.with_traceback(exc_tb)
  File 
"C:\Users\ismai\Documents\GitHub\New-Data-Fraud-detection\backend\.venv\Lib\site-packages\sqlalchemy\pool\base.py", 
line 896, in __connect
    self.dbapi_connection = connection = pool._invoke_creator(self)
                                         ^^^^^^^^^^^^^^^^^^^^^^^^^^
  File "C:\Users\ismai\Documents\GitHub\New-Data-Fraud-detection\backend\.venv\Lib\site-packages\sqlalchemy\engine\crea
te.py", line 643, in connect
    return dialect.connect(*cargs, **cparams)
           ^^^^^^^^^^^^^^^^^^^^^^^^^^^^^^^^^^
  File "C:\Users\ismai\Documents\GitHub\New-Data-Fraud-detection\backend\.venv\Lib\site-packages\sqlalchemy\engine\defa
ult.py", line 621, in connect
    return self.loaded_dbapi.connect(*cargs, **cparams)
           ^^^^^^^^^^^^^^^^^^^^^^^^^^^^^^^^^^^^^^^^^^^^
  File 
"C:\Users\ismai\Documents\GitHub\New-Data-Fraud-detection\backend\.venv\Lib\site-packages\psycopg2\__init__.py", line 
122, in connect
    conn = _connect(dsn, connection_factory=connection_factory, **kwasync)
           ^^^^^^^^^^^^^^^^^^^^^^^^^^^^^^^^^^^^^^^^^^^^^^^^^^^^^^^^^^^^^^^
psycopg2.OperationalError: connection to server at "localhost" (::1), port 5432 failed: Connection refused 
(0x0000274D/10061)
	Is the server running on that host and accepting TCP/IP connections?
connection to server at "localhost" (127.0.0.1), port 5432 failed: Connection refused (0x0000274D/10061)
	Is the server running on that host and accepting TCP/IP connections?


The above exception was the direct cause of the following exception:

Traceback (most recent call last):
  File "C:\Users\ismai\Documents\GitHub\New-Data-Fraud-detection\backend\.venv\Lib\site-packages\uvicorn\protocols\http
\httptools_impl.py", line 409, in run_asgi
    result = await app(  # type: ignore[func-returns-value]
             ^^^^^^^^^^^^^^^^^^^^^^^^^^^^^^^^^^^^^^^^^^^^^^
  File "C:\Users\ismai\Documents\GitHub\New-Data-Fraud-detection\backend\.venv\Lib\site-packages\uvicorn\middleware\pro
xy_headers.py", line 60, in __call__
    return await self.app(scope, receive, send)
           ^^^^^^^^^^^^^^^^^^^^^^^^^^^^^^^^^^^^
  File 
"C:\Users\ismai\Documents\GitHub\New-Data-Fraud-detection\backend\.venv\Lib\site-packages\fastapi\applications.py", 
line 1054, in __call__
    await super().__call__(scope, receive, send)
  File 
"C:\Users\ismai\Documents\GitHub\New-Data-Fraud-detection\backend\.venv\Lib\site-packages\starlette\applications.py", 
line 113, in __call__
    await self.middleware_stack(scope, receive, send)
  File "C:\Users\ismai\Documents\GitHub\New-Data-Fraud-detection\backend\.venv\Lib\site-packages\starlette\middleware\e
rrors.py", line 187, in __call__
    raise exc
  File "C:\Users\ismai\Documents\GitHub\New-Data-Fraud-detection\backend\.venv\Lib\site-packages\starlette\middleware\e
rrors.py", line 165, in __call__
    await self.app(scope, receive, _send)
  File "C:\Users\ismai\Documents\GitHub\New-Data-Fraud-detection\backend\.venv\Lib\site-packages\starlette\middleware\c
ors.py", line 85, in __call__
    await self.app(scope, receive, send)
  File "C:\Users\ismai\Documents\GitHub\New-Data-Fraud-detection\backend\.venv\Lib\site-packages\starlette\middleware\e
xceptions.py", line 62, in __call__
    await wrap_app_handling_exceptions(self.app, conn)(scope, receive, send)
  File "C:\Users\ismai\Documents\GitHub\New-Data-Fraud-detection\backend\.venv\Lib\site-packages\starlette\_exception_h
andler.py", line 53, in wrapped_app
    raise exc
  File "C:\Users\ismai\Documents\GitHub\New-Data-Fraud-detection\backend\.venv\Lib\site-packages\starlette\_exception_h
andler.py", line 42, in wrapped_app
    await app(scope, receive, sender)
  File 
"C:\Users\ismai\Documents\GitHub\New-Data-Fraud-detection\backend\.venv\Lib\site-packages\starlette\routing.py", line 
715, in __call__
    await self.middleware_stack(scope, receive, send)
  File 
"C:\Users\ismai\Documents\GitHub\New-Data-Fraud-detection\backend\.venv\Lib\site-packages\starlette\routing.py", line 
735, in app
    await route.handle(scope, receive, send)
  File 
"C:\Users\ismai\Documents\GitHub\New-Data-Fraud-detection\backend\.venv\Lib\site-packages\starlette\routing.py", line 
288, in handle
    await self.app(scope, receive, send)
  File 
"C:\Users\ismai\Documents\GitHub\New-Data-Fraud-detection\backend\.venv\Lib\site-packages\starlette\routing.py", line 
76, in app
    await wrap_app_handling_exceptions(app, request)(scope, receive, send)
  File "C:\Users\ismai\Documents\GitHub\New-Data-Fraud-detection\backend\.venv\Lib\site-packages\starlette\_exception_h
andler.py", line 53, in wrapped_app
    raise exc
  File "C:\Users\ismai\Documents\GitHub\New-Data-Fraud-detection\backend\.venv\Lib\site-packages\starlette\_exception_h
andler.py", line 42, in wrapped_app
    await app(scope, receive, sender)
  File 
"C:\Users\ismai\Documents\GitHub\New-Data-Fraud-detection\backend\.venv\Lib\site-packages\starlette\routing.py", line 
73, in app
    response = await f(request)
               ^^^^^^^^^^^^^^^^
  File "C:\Users\ismai\Documents\GitHub\New-Data-Fraud-detection\backend\.venv\Lib\site-packages\fastapi\routing.py", 
line 301, in app
    raw_response = await run_endpoint_function(
                   ^^^^^^^^^^^^^^^^^^^^^^^^^^^^
  File "C:\Users\ismai\Documents\GitHub\New-Data-Fraud-detection\backend\.venv\Lib\site-packages\fastapi\routing.py", 
line 214, in run_endpoint_function
    return await run_in_threadpool(dependant.call, **values)
           ^^^^^^^^^^^^^^^^^^^^^^^^^^^^^^^^^^^^^^^^^^^^^^^^^
  File 
"C:\Users\ismai\Documents\GitHub\New-Data-Fraud-detection\backend\.venv\Lib\site-packages\starlette\concurrency.py", 
line 39, in run_in_threadpool
    return await anyio.to_thread.run_sync(func, *args)
           ^^^^^^^^^^^^^^^^^^^^^^^^^^^^^^^^^^^^^^^^^^^
  File "C:\Users\ismai\Documents\GitHub\New-Data-Fraud-detection\backend\.venv\Lib\site-packages\anyio\to_thread.py", 
line 65, in run_sync
    return await get_async_backend().run_sync_in_worker_thread(
           ^^^^^^^^^^^^^^^^^^^^^^^^^^^^^^^^^^^^^^^^^^^^^^^^^^^^
  File "C:\Users\ismai\Documents\GitHub\New-Data-Fraud-detection\backend\.venv\Lib\site-packages\anyio\_backends\_async
io.py", line 2706, in run_sync_in_worker_thread
    return await future
           ^^^^^^^^^^^^
  File "C:\Users\ismai\Documents\GitHub\New-Data-Fraud-detection\backend\.venv\Lib\site-packages\anyio\_backends\_async
io.py", line 1100, in run
    result = context.run(func, *args)
             ^^^^^^^^^^^^^^^^^^^^^^^^
  File "C:\Users\ismai\Documents\GitHub\New-Data-Fraud-detection\backend\app\routers\dashboard.py", line 155, in 
get_analytics_windows
    latest = session.execute(text("SELECT MAX(session_date) FROM subscribers_daily")).scalar_one()
             ^^^^^^^^^^^^^^^^^^^^^^^^^^^^^^^^^^^^^^^^^^^^^^^^^^^^^^^^^^^^^^^^^^^^^^^^
  File 
"C:\Users\ismai\Documents\GitHub\New-Data-Fraud-detection\backend\.venv\Lib\site-packages\sqlalchemy\orm\session.py", 
line 2362, in execute
    return self._execute_internal(
           ^^^^^^^^^^^^^^^^^^^^^^^
  File 
"C:\Users\ismai\Documents\GitHub\New-Data-Fraud-detection\backend\.venv\Lib\site-packages\sqlalchemy\orm\session.py", 
line 2237, in _execute_internal
    conn = self._connection_for_bind(bind)
           ^^^^^^^^^^^^^^^^^^^^^^^^^^^^^^^
  File 
"C:\Users\ismai\Documents\GitHub\New-Data-Fraud-detection\backend\.venv\Lib\site-packages\sqlalchemy\orm\session.py", 
line 2106, in _connection_for_bind
    return trans._connection_for_bind(engine, execution_options)
           ^^^^^^^^^^^^^^^^^^^^^^^^^^^^^^^^^^^^^^^^^^^^^^^^^^^^^
  File "<string>", line 2, in _connection_for_bind
  File "C:\Users\ismai\Documents\GitHub\New-Data-Fraud-detection\backend\.venv\Lib\site-packages\sqlalchemy\orm\state_c
hanges.py", line 139, in _go
    ret_value = fn(self, *arg, **kw)
                ^^^^^^^^^^^^^^^^^^^^
  File 
"C:\Users\ismai\Documents\GitHub\New-Data-Fraud-detection\backend\.venv\Lib\site-packages\sqlalchemy\orm\session.py", 
line 1189, in _connection_for_bind
    conn = bind.connect()
           ^^^^^^^^^^^^^^
  File 
"C:\Users\ismai\Documents\GitHub\New-Data-Fraud-detection\backend\.venv\Lib\site-packages\sqlalchemy\engine\base.py", 
line 3278, in connect
    return self._connection_cls(self)
           ^^^^^^^^^^^^^^^^^^^^^^^^^^
INFO:     127.0.0.1:51826 - "GET /api/kpis HTTP/1.1" 500 Internal Server Error
  File 
"C:\Users\ismai\Documents\GitHub\New-Data-Fraud-detection\backend\.venv\Lib\site-packages\sqlalchemy\engine\base.py", 
line 148, in __init__
    Connection._handle_dbapi_exception_noconnection(
  File 
"C:\Users\ismai\Documents\GitHub\New-Data-Fraud-detection\backend\.venv\Lib\site-packages\sqlalchemy\engine\base.py", 
line 2442, in _handle_dbapi_exception_noconnection
    raise sqlalchemy_exception.with_traceback(exc_info[2]) from e
  File 
"C:\Users\ismai\Documents\GitHub\New-Data-Fraud-detection\backend\.venv\Lib\site-packages\sqlalchemy\engine\base.py", 
line 146, in __init__
    self._dbapi_connection = engine.raw_connection()
                             ^^^^^^^^^^^^^^^^^^^^^^^
  File 
"C:\Users\ismai\Documents\GitHub\New-Data-Fraud-detection\backend\.venv\Lib\site-packages\sqlalchemy\engine\base.py", 
line 3302, in raw_connection
    return self.pool.connect()
           ^^^^^^^^^^^^^^^^^^^
  File 
"C:\Users\ismai\Documents\GitHub\New-Data-Fraud-detection\backend\.venv\Lib\site-packages\sqlalchemy\pool\base.py", 
line 449, in connect
    return _ConnectionFairy._checkout(self)
           ^^^^^^^^^^^^^^^^^^^^^^^^^^^^^^^^
  File 
"C:\Users\ismai\Documents\GitHub\New-Data-Fraud-detection\backend\.venv\Lib\site-packages\sqlalchemy\pool\base.py", 
line 1263, in _checkout
    fairy = _ConnectionRecord.checkout(pool)
            ^^^^^^^^^^^^^^^^^^^^^^^^^^^^^^^^
  File 
"C:\Users\ismai\Documents\GitHub\New-Data-Fraud-detection\backend\.venv\Lib\site-packages\sqlalchemy\pool\base.py", 
line 712, in checkout
    rec = pool._do_get()
          ^^^^^^^^^^^^^^
  File 
"C:\Users\ismai\Documents\GitHub\New-Data-Fraud-detection\backend\.venv\Lib\site-packages\sqlalchemy\pool\impl.py", 
line 179, in _do_get
    with util.safe_reraise():
  File "C:\Users\ismai\Documents\GitHub\New-Data-Fraud-detection\backend\.venv\Lib\site-packages\sqlalchemy\util\langhe
lpers.py", line 146, in __exit__
    raise exc_value.with_traceback(exc_tb)
  File 
"C:\Users\ismai\Documents\GitHub\New-Data-Fraud-detection\backend\.venv\Lib\site-packages\sqlalchemy\pool\impl.py", 
line 177, in _do_get
    return self._create_connection()
           ^^^^^^^^^^^^^^^^^^^^^^^^^
  File 
"C:\Users\ismai\Documents\GitHub\New-Data-Fraud-detection\backend\.venv\Lib\site-packages\sqlalchemy\pool\base.py", 
line 390, in _create_connection
    return _ConnectionRecord(self)
           ^^^^^^^^^^^^^^^^^^^^^^^
  File 
"C:\Users\ismai\Documents\GitHub\New-Data-Fraud-detection\backend\.venv\Lib\site-packages\sqlalchemy\pool\base.py", 
line 674, in __init__
    self.__connect()
  File 
"C:\Users\ismai\Documents\GitHub\New-Data-Fraud-detection\backend\.venv\Lib\site-packages\sqlalchemy\pool\base.py", 
line 900, in __connect
    with util.safe_reraise():
  File "C:\Users\ismai\Documents\GitHub\New-Data-Fraud-detection\backend\.venv\Lib\site-packages\sqlalchemy\util\langhe
lpers.py", line 146, in __exit__
    raise exc_value.with_traceback(exc_tb)
  File 
"C:\Users\ismai\Documents\GitHub\New-Data-Fraud-detection\backend\.venv\Lib\site-packages\sqlalchemy\pool\base.py", 
line 896, in __connect
    self.dbapi_connection = connection = pool._invoke_creator(self)
                                         ^^^^^^^^^^^^^^^^^^^^^^^^^^
  File "C:\Users\ismai\Documents\GitHub\New-Data-Fraud-detection\backend\.venv\Lib\site-packages\sqlalchemy\engine\crea
te.py", line 643, in connect
    return dialect.connect(*cargs, **cparams)
           ^^^^^^^^^^^^^^^^^^^^^^^^^^^^^^^^^^
  File "C:\Users\ismai\Documents\GitHub\New-Data-Fraud-detection\backend\.venv\Lib\site-packages\sqlalchemy\engine\defa
ult.py", line 621, in connect
    return self.loaded_dbapi.connect(*cargs, **cparams)
           ^^^^^^^^^^^^^^^^^^^^^^^^^^^^^^^^^^^^^^^^^^^^
  File 
"C:\Users\ismai\Documents\GitHub\New-Data-Fraud-detection\backend\.venv\Lib\site-packages\psycopg2\__init__.py", line 
122, in connect
    conn = _connect(dsn, connection_factory=connection_factory, **kwasync)
           ^^^^^^^^^^^^^^^^^^^^^^^^^^^^^^^^^^^^^^^^^^^^^^^^^^^^^^^^^^^^^^^
sqlalchemy.exc.OperationalError: (psycopg2.OperationalError) connection to server at "localhost" (::1), port 5432 
failed: Connection refused (0x0000274D/10061)
	Is the server running on that host and accepting TCP/IP connections?
connection to server at "localhost" (127.0.0.1), port 5432 failed: Connection refused (0x0000274D/10061)
	Is the server running on that host and accepting TCP/IP connections?

(Background on this error at: https://sqlalche.me/e/20/e3q8)
ERROR:    Exception in ASGI application
Traceback (most recent call last):
  File 
"C:\Users\ismai\Documents\GitHub\New-Data-Fraud-detection\backend\.venv\Lib\site-packages\sqlalchemy\engine\base.py", 
line 146, in __init__
    self._dbapi_connection = engine.raw_connection()
                             ^^^^^^^^^^^^^^^^^^^^^^^
  File 
"C:\Users\ismai\Documents\GitHub\New-Data-Fraud-detection\backend\.venv\Lib\site-packages\sqlalchemy\engine\base.py", 
line 3302, in raw_connection
    return self.pool.connect()
           ^^^^^^^^^^^^^^^^^^^
  File 
"C:\Users\ismai\Documents\GitHub\New-Data-Fraud-detection\backend\.venv\Lib\site-packages\sqlalchemy\pool\base.py", 
line 449, in connect
    return _ConnectionFairy._checkout(self)
           ^^^^^^^^^^^^^^^^^^^^^^^^^^^^^^^^
  File 
"C:\Users\ismai\Documents\GitHub\New-Data-Fraud-detection\backend\.venv\Lib\site-packages\sqlalchemy\pool\base.py", 
line 1263, in _checkout
    fairy = _ConnectionRecord.checkout(pool)
            ^^^^^^^^^^^^^^^^^^^^^^^^^^^^^^^^
  File 
"C:\Users\ismai\Documents\GitHub\New-Data-Fraud-detection\backend\.venv\Lib\site-packages\sqlalchemy\pool\base.py", 
line 712, in checkout
    rec = pool._do_get()
          ^^^^^^^^^^^^^^
  File 
"C:\Users\ismai\Documents\GitHub\New-Data-Fraud-detection\backend\.venv\Lib\site-packages\sqlalchemy\pool\impl.py", 
line 179, in _do_get
    with util.safe_reraise():
  File "C:\Users\ismai\Documents\GitHub\New-Data-Fraud-detection\backend\.venv\Lib\site-packages\sqlalchemy\util\langhe
lpers.py", line 146, in __exit__
    raise exc_value.with_traceback(exc_tb)
  File 
"C:\Users\ismai\Documents\GitHub\New-Data-Fraud-detection\backend\.venv\Lib\site-packages\sqlalchemy\pool\impl.py", 
line 177, in _do_get
    return self._create_connection()
           ^^^^^^^^^^^^^^^^^^^^^^^^^
  File 
"C:\Users\ismai\Documents\GitHub\New-Data-Fraud-detection\backend\.venv\Lib\site-packages\sqlalchemy\pool\base.py", 
line 390, in _create_connection
    return _ConnectionRecord(self)
           ^^^^^^^^^^^^^^^^^^^^^^^
  File 
"C:\Users\ismai\Documents\GitHub\New-Data-Fraud-detection\backend\.venv\Lib\site-packages\sqlalchemy\pool\base.py", 
line 674, in __init__
    self.__connect()
  File 
"C:\Users\ismai\Documents\GitHub\New-Data-Fraud-detection\backend\.venv\Lib\site-packages\sqlalchemy\pool\base.py", 
line 900, in __connect
    with util.safe_reraise():
  File "C:\Users\ismai\Documents\GitHub\New-Data-Fraud-detection\backend\.venv\Lib\site-packages\sqlalchemy\util\langhe
lpers.py", line 146, in __exit__
    raise exc_value.with_traceback(exc_tb)
  File 
"C:\Users\ismai\Documents\GitHub\New-Data-Fraud-detection\backend\.venv\Lib\site-packages\sqlalchemy\pool\base.py", 
line 896, in __connect
    self.dbapi_connection = connection = pool._invoke_creator(self)
                                         ^^^^^^^^^^^^^^^^^^^^^^^^^^
  File "C:\Users\ismai\Documents\GitHub\New-Data-Fraud-detection\backend\.venv\Lib\site-packages\sqlalchemy\engine\crea
te.py", line 643, in connect
    return dialect.connect(*cargs, **cparams)
           ^^^^^^^^^^^^^^^^^^^^^^^^^^^^^^^^^^
  File "C:\Users\ismai\Documents\GitHub\New-Data-Fraud-detection\backend\.venv\Lib\site-packages\sqlalchemy\engine\defa
ult.py", line 621, in connect
    return self.loaded_dbapi.connect(*cargs, **cparams)
           ^^^^^^^^^^^^^^^^^^^^^^^^^^^^^^^^^^^^^^^^^^^^
  File 
"C:\Users\ismai\Documents\GitHub\New-Data-Fraud-detection\backend\.venv\Lib\site-packages\psycopg2\__init__.py", line 
122, in connect
    conn = _connect(dsn, connection_factory=connection_factory, **kwasync)
           ^^^^^^^^^^^^^^^^^^^^^^^^^^^^^^^^^^^^^^^^^^^^^^^^^^^^^^^^^^^^^^^
psycopg2.OperationalError: connection to server at "localhost" (::1), port 5432 failed: Connection refused 
(0x0000274D/10061)
	Is the server running on that host and accepting TCP/IP connections?
connection to server at "localhost" (127.0.0.1), port 5432 failed: Connection refused (0x0000274D/10061)
	Is the server running on that host and accepting TCP/IP connections?


The above exception was the direct cause of the following exception:

Traceback (most recent call last):
  File "C:\Users\ismai\Documents\GitHub\New-Data-Fraud-detection\backend\.venv\Lib\site-packages\uvicorn\protocols\http
\httptools_impl.py", line 409, in run_asgi
    result = await app(  # type: ignore[func-returns-value]
             ^^^^^^^^^^^^^^^^^^^^^^^^^^^^^^^^^^^^^^^^^^^^^^
  File "C:\Users\ismai\Documents\GitHub\New-Data-Fraud-detection\backend\.venv\Lib\site-packages\uvicorn\middleware\pro
xy_headers.py", line 60, in __call__
    return await self.app(scope, receive, send)
           ^^^^^^^^^^^^^^^^^^^^^^^^^^^^^^^^^^^^
  File 
"C:\Users\ismai\Documents\GitHub\New-Data-Fraud-detection\backend\.venv\Lib\site-packages\fastapi\applications.py", 
line 1054, in __call__
    await super().__call__(scope, receive, send)
  File 
"C:\Users\ismai\Documents\GitHub\New-Data-Fraud-detection\backend\.venv\Lib\site-packages\starlette\applications.py", 
line 113, in __call__
    await self.middleware_stack(scope, receive, send)
  File "C:\Users\ismai\Documents\GitHub\New-Data-Fraud-detection\backend\.venv\Lib\site-packages\starlette\middleware\e
rrors.py", line 187, in __call__
    raise exc
  File "C:\Users\ismai\Documents\GitHub\New-Data-Fraud-detection\backend\.venv\Lib\site-packages\starlette\middleware\e
rrors.py", line 165, in __call__
    await self.app(scope, receive, _send)
  File "C:\Users\ismai\Documents\GitHub\New-Data-Fraud-detection\backend\.venv\Lib\site-packages\starlette\middleware\c
ors.py", line 85, in __call__
    await self.app(scope, receive, send)
  File "C:\Users\ismai\Documents\GitHub\New-Data-Fraud-detection\backend\.venv\Lib\site-packages\starlette\middleware\e
xceptions.py", line 62, in __call__
    await wrap_app_handling_exceptions(self.app, conn)(scope, receive, send)
  File "C:\Users\ismai\Documents\GitHub\New-Data-Fraud-detection\backend\.venv\Lib\site-packages\starlette\_exception_h
andler.py", line 53, in wrapped_app
    raise exc
  File "C:\Users\ismai\Documents\GitHub\New-Data-Fraud-detection\backend\.venv\Lib\site-packages\starlette\_exception_h
andler.py", line 42, in wrapped_app
    await app(scope, receive, sender)
  File 
"C:\Users\ismai\Documents\GitHub\New-Data-Fraud-detection\backend\.venv\Lib\site-packages\starlette\routing.py", line 
715, in __call__
    await self.middleware_stack(scope, receive, send)
  File 
"C:\Users\ismai\Documents\GitHub\New-Data-Fraud-detection\backend\.venv\Lib\site-packages\starlette\routing.py", line 
735, in app
    await route.handle(scope, receive, send)
  File 
"C:\Users\ismai\Documents\GitHub\New-Data-Fraud-detection\backend\.venv\Lib\site-packages\starlette\routing.py", line 
288, in handle
    await self.app(scope, receive, send)
  File 
"C:\Users\ismai\Documents\GitHub\New-Data-Fraud-detection\backend\.venv\Lib\site-packages\starlette\routing.py", line 
76, in app
    await wrap_app_handling_exceptions(app, request)(scope, receive, send)
  File "C:\Users\ismai\Documents\GitHub\New-Data-Fraud-detection\backend\.venv\Lib\site-packages\starlette\_exception_h
andler.py", line 53, in wrapped_app
    raise exc
  File "C:\Users\ismai\Documents\GitHub\New-Data-Fraud-detection\backend\.venv\Lib\site-packages\starlette\_exception_h
andler.py", line 42, in wrapped_app
    await app(scope, receive, sender)
  File 
"C:\Users\ismai\Documents\GitHub\New-Data-Fraud-detection\backend\.venv\Lib\site-packages\starlette\routing.py", line 
73, in app
    response = await f(request)
               ^^^^^^^^^^^^^^^^
  File "C:\Users\ismai\Documents\GitHub\New-Data-Fraud-detection\backend\.venv\Lib\site-packages\fastapi\routing.py", 
line 301, in app
    raw_response = await run_endpoint_function(
                   ^^^^^^^^^^^^^^^^^^^^^^^^^^^^
  File "C:\Users\ismai\Documents\GitHub\New-Data-Fraud-detection\backend\.venv\Lib\site-packages\fastapi\routing.py", 
line 214, in run_endpoint_function
    return await run_in_threadpool(dependant.call, **values)
           ^^^^^^^^^^^^^^^^^^^^^^^^^^^^^^^^^^^^^^^^^^^^^^^^^
  File 
"C:\Users\ismai\Documents\GitHub\New-Data-Fraud-detection\backend\.venv\Lib\site-packages\starlette\concurrency.py", 
line 39, in run_in_threadpool
    return await anyio.to_thread.run_sync(func, *args)
           ^^^^^^^^^^^^^^^^^^^^^^^^^^^^^^^^^^^^^^^^^^^
  File "C:\Users\ismai\Documents\GitHub\New-Data-Fraud-detection\backend\.venv\Lib\site-packages\anyio\to_thread.py", 
line 65, in run_sync
    return await get_async_backend().run_sync_in_worker_thread(
           ^^^^^^^^^^^^^^^^^^^^^^^^^^^^^^^^^^^^^^^^^^^^^^^^^^^^
  File "C:\Users\ismai\Documents\GitHub\New-Data-Fraud-detection\backend\.venv\Lib\site-packages\anyio\_backends\_async
io.py", line 2706, in run_sync_in_worker_thread
    return await future
           ^^^^^^^^^^^^
  File "C:\Users\ismai\Documents\GitHub\New-Data-Fraud-detection\backend\.venv\Lib\site-packages\anyio\_backends\_async
io.py", line 1100, in run
    result = context.run(func, *args)
             ^^^^^^^^^^^^^^^^^^^^^^^^
  File "C:\Users\ismai\Documents\GitHub\New-Data-Fraud-detection\backend\app\routers\dashboard.py", line 59, in 
get_kpis
    row = session.execute(sql, params).mappings().one()
          ^^^^^^^^^^^^^^^^^^^^^^^^^^^^
  File 
"C:\Users\ismai\Documents\GitHub\New-Data-Fraud-detection\backend\.venv\Lib\site-packages\sqlalchemy\orm\session.py", 
line 2362, in execute
    return self._execute_internal(
           ^^^^^^^^^^^^^^^^^^^^^^^
  File 
"C:\Users\ismai\Documents\GitHub\New-Data-Fraud-detection\backend\.venv\Lib\site-packages\sqlalchemy\orm\session.py", 
line 2237, in _execute_internal
    conn = self._connection_for_bind(bind)
           ^^^^^^^^^^^^^^^^^^^^^^^^^^^^^^^
  File 
"C:\Users\ismai\Documents\GitHub\New-Data-Fraud-detection\backend\.venv\Lib\site-packages\sqlalchemy\orm\session.py", 
line 2106, in _connection_for_bind
    return trans._connection_for_bind(engine, execution_options)
           ^^^^^^^^^^^^^^^^^^^^^^^^^^^^^^^^^^^^^^^^^^^^^^^^^^^^^
  File "<string>", line 2, in _connection_for_bind
  File "C:\Users\ismai\Documents\GitHub\New-Data-Fraud-detection\backend\.venv\Lib\site-packages\sqlalchemy\orm\state_c
hanges.py", line 139, in _go
    ret_value = fn(self, *arg, **kw)
                ^^^^^^^^^^^^^^^^^^^^
  File 
"C:\Users\ismai\Documents\GitHub\New-Data-Fraud-detection\backend\.venv\Lib\site-packages\sqlalchemy\orm\session.py", 
line 1189, in _connection_for_bind
    conn = bind.connect()
           ^^^^^^^^^^^^^^
  File 
"C:\Users\ismai\Documents\GitHub\New-Data-Fraud-detection\backend\.venv\Lib\site-packages\sqlalchemy\engine\base.py", 
line 3278, in connect
    return self._connection_cls(self)
           ^^^^^^^^^^^^^^^^^^^^^^^^^^
  File 
"C:\Users\ismai\Documents\GitHub\New-Data-Fraud-detection\backend\.venv\Lib\site-packages\sqlalchemy\engine\base.py", 
line 148, in __init__
    Connection._handle_dbapi_exception_noconnection(
  File 
"C:\Users\ismai\Documents\GitHub\New-Data-Fraud-detection\backend\.venv\Lib\site-packages\sqlalchemy\engine\base.py", 
line 2442, in _handle_dbapi_exception_noconnection
    raise sqlalchemy_exception.with_traceback(exc_info[2]) from e
  File 
"C:\Users\ismai\Documents\GitHub\New-Data-Fraud-detection\backend\.venv\Lib\site-packages\sqlalchemy\engine\base.py", 
line 146, in __init__
    self._dbapi_connection = engine.raw_connection()
                             ^^^^^^^^^^^^^^^^^^^^^^^
  File 
"C:\Users\ismai\Documents\GitHub\New-Data-Fraud-detection\backend\.venv\Lib\site-packages\sqlalchemy\engine\base.py", 
line 3302, in raw_connection
    return self.pool.connect()
           ^^^^^^^^^^^^^^^^^^^
  File 
"C:\Users\ismai\Documents\GitHub\New-Data-Fraud-detection\backend\.venv\Lib\site-packages\sqlalchemy\pool\base.py", 
line 449, in connect
    return _ConnectionFairy._checkout(self)
           ^^^^^^^^^^^^^^^^^^^^^^^^^^^^^^^^
  File 
"C:\Users\ismai\Documents\GitHub\New-Data-Fraud-detection\backend\.venv\Lib\site-packages\sqlalchemy\pool\base.py", 
line 1263, in _checkout
    fairy = _ConnectionRecord.checkout(pool)
            ^^^^^^^^^^^^^^^^^^^^^^^^^^^^^^^^
  File 
"C:\Users\ismai\Documents\GitHub\New-Data-Fraud-detection\backend\.venv\Lib\site-packages\sqlalchemy\pool\base.py", 
line 712, in checkout
    rec = pool._do_get()
          ^^^^^^^^^^^^^^
  File 
"C:\Users\ismai\Documents\GitHub\New-Data-Fraud-detection\backend\.venv\Lib\site-packages\sqlalchemy\pool\impl.py", 
line 179, in _do_get
    with util.safe_reraise():
  File "C:\Users\ismai\Documents\GitHub\New-Data-Fraud-detection\backend\.venv\Lib\site-packages\sqlalchemy\util\langhe
lpers.py", line 146, in __exit__
    raise exc_value.with_traceback(exc_tb)
  File 
"C:\Users\ismai\Documents\GitHub\New-Data-Fraud-detection\backend\.venv\Lib\site-packages\sqlalchemy\pool\impl.py", 
line 177, in _do_get
    return self._create_connection()
           ^^^^^^^^^^^^^^^^^^^^^^^^^
  File 
"C:\Users\ismai\Documents\GitHub\New-Data-Fraud-detection\backend\.venv\Lib\site-packages\sqlalchemy\pool\base.py", 
line 390, in _create_connection
    return _ConnectionRecord(self)
           ^^^^^^^^^^^^^^^^^^^^^^^
  File 
"C:\Users\ismai\Documents\GitHub\New-Data-Fraud-detection\backend\.venv\Lib\site-packages\sqlalchemy\pool\base.py", 
line 674, in __init__
    self.__connect()
  File 
"C:\Users\ismai\Documents\GitHub\New-Data-Fraud-detection\backend\.venv\Lib\site-packages\sqlalchemy\pool\base.py", 
line 900, in __connect
    with util.safe_reraise():
INFO:     127.0.0.1:51828 - "GET /api/analytics/daily HTTP/1.1" 500 Internal Server Error
  File "C:\Users\ismai\Documents\GitHub\New-Data-Fraud-detection\backend\.venv\Lib\site-packages\sqlalchemy\util\langhe
lpers.py", line 146, in __exit__
    raise exc_value.with_traceback(exc_tb)
  File 
"C:\Users\ismai\Documents\GitHub\New-Data-Fraud-detection\backend\.venv\Lib\site-packages\sqlalchemy\pool\base.py", 
line 896, in __connect
    self.dbapi_connection = connection = pool._invoke_creator(self)
                                         ^^^^^^^^^^^^^^^^^^^^^^^^^^
  File "C:\Users\ismai\Documents\GitHub\New-Data-Fraud-detection\backend\.venv\Lib\site-packages\sqlalchemy\engine\crea
te.py", line 643, in connect
    return dialect.connect(*cargs, **cparams)
           ^^^^^^^^^^^^^^^^^^^^^^^^^^^^^^^^^^
  File "C:\Users\ismai\Documents\GitHub\New-Data-Fraud-detection\backend\.venv\Lib\site-packages\sqlalchemy\engine\defa
ult.py", line 621, in connect
    return self.loaded_dbapi.connect(*cargs, **cparams)
           ^^^^^^^^^^^^^^^^^^^^^^^^^^^^^^^^^^^^^^^^^^^^
  File 
"C:\Users\ismai\Documents\GitHub\New-Data-Fraud-detection\backend\.venv\Lib\site-packages\psycopg2\__init__.py", line 
122, in connect
    conn = _connect(dsn, connection_factory=connection_factory, **kwasync)
           ^^^^^^^^^^^^^^^^^^^^^^^^^^^^^^^^^^^^^^^^^^^^^^^^^^^^^^^^^^^^^^^
sqlalchemy.exc.OperationalError: (psycopg2.OperationalError) connection to server at "localhost" (::1), port 5432 
failed: Connection refused (0x0000274D/10061)
	Is the server running on that host and accepting TCP/IP connections?
connection to server at "localhost" (127.0.0.1), port 5432 failed: Connection refused (0x0000274D/10061)
	Is the server running on that host and accepting TCP/IP connections?

(Background on this error at: https://sqlalche.me/e/20/e3q8)
ERROR:    Exception in ASGI application
Traceback (most recent call last):
  File 
"C:\Users\ismai\Documents\GitHub\New-Data-Fraud-detection\backend\.venv\Lib\site-packages\sqlalchemy\engine\base.py", 
line 146, in __init__
    self._dbapi_connection = engine.raw_connection()
                             ^^^^^^^^^^^^^^^^^^^^^^^
  File 
"C:\Users\ismai\Documents\GitHub\New-Data-Fraud-detection\backend\.venv\Lib\site-packages\sqlalchemy\engine\base.py", 
line 3302, in raw_connection
    return self.pool.connect()
           ^^^^^^^^^^^^^^^^^^^
  File 
"C:\Users\ismai\Documents\GitHub\New-Data-Fraud-detection\backend\.venv\Lib\site-packages\sqlalchemy\pool\base.py", 
line 449, in connect
    return _ConnectionFairy._checkout(self)
           ^^^^^^^^^^^^^^^^^^^^^^^^^^^^^^^^
  File 
"C:\Users\ismai\Documents\GitHub\New-Data-Fraud-detection\backend\.venv\Lib\site-packages\sqlalchemy\pool\base.py", 
line 1263, in _checkout
    fairy = _ConnectionRecord.checkout(pool)
            ^^^^^^^^^^^^^^^^^^^^^^^^^^^^^^^^
  File 
"C:\Users\ismai\Documents\GitHub\New-Data-Fraud-detection\backend\.venv\Lib\site-packages\sqlalchemy\pool\base.py", 
line 712, in checkout
    rec = pool._do_get()
          ^^^^^^^^^^^^^^
  File 
"C:\Users\ismai\Documents\GitHub\New-Data-Fraud-detection\backend\.venv\Lib\site-packages\sqlalchemy\pool\impl.py", 
line 179, in _do_get
    with util.safe_reraise():
  File "C:\Users\ismai\Documents\GitHub\New-Data-Fraud-detection\backend\.venv\Lib\site-packages\sqlalchemy\util\langhe
lpers.py", line 146, in __exit__
    raise exc_value.with_traceback(exc_tb)
  File 
"C:\Users\ismai\Documents\GitHub\New-Data-Fraud-detection\backend\.venv\Lib\site-packages\sqlalchemy\pool\impl.py", 
line 177, in _do_get
    return self._create_connection()
           ^^^^^^^^^^^^^^^^^^^^^^^^^
  File 
"C:\Users\ismai\Documents\GitHub\New-Data-Fraud-detection\backend\.venv\Lib\site-packages\sqlalchemy\pool\base.py", 
line 390, in _create_connection
    return _ConnectionRecord(self)
           ^^^^^^^^^^^^^^^^^^^^^^^
  File 
"C:\Users\ismai\Documents\GitHub\New-Data-Fraud-detection\backend\.venv\Lib\site-packages\sqlalchemy\pool\base.py", 
line 674, in __init__
    self.__connect()
  File 
"C:\Users\ismai\Documents\GitHub\New-Data-Fraud-detection\backend\.venv\Lib\site-packages\sqlalchemy\pool\base.py", 
line 900, in __connect
    with util.safe_reraise():
  File "C:\Users\ismai\Documents\GitHub\New-Data-Fraud-detection\backend\.venv\Lib\site-packages\sqlalchemy\util\langhe
lpers.py", line 146, in __exit__
    raise exc_value.with_traceback(exc_tb)
  File 
"C:\Users\ismai\Documents\GitHub\New-Data-Fraud-detection\backend\.venv\Lib\site-packages\sqlalchemy\pool\base.py", 
line 896, in __connect
    self.dbapi_connection = connection = pool._invoke_creator(self)
                                         ^^^^^^^^^^^^^^^^^^^^^^^^^^
  File "C:\Users\ismai\Documents\GitHub\New-Data-Fraud-detection\backend\.venv\Lib\site-packages\sqlalchemy\engine\crea
te.py", line 643, in connect
    return dialect.connect(*cargs, **cparams)
           ^^^^^^^^^^^^^^^^^^^^^^^^^^^^^^^^^^
  File "C:\Users\ismai\Documents\GitHub\New-Data-Fraud-detection\backend\.venv\Lib\site-packages\sqlalchemy\engine\defa
ult.py", line 621, in connect
    return self.loaded_dbapi.connect(*cargs, **cparams)
           ^^^^^^^^^^^^^^^^^^^^^^^^^^^^^^^^^^^^^^^^^^^^
  File 
"C:\Users\ismai\Documents\GitHub\New-Data-Fraud-detection\backend\.venv\Lib\site-packages\psycopg2\__init__.py", line 
122, in connect
    conn = _connect(dsn, connection_factory=connection_factory, **kwasync)
           ^^^^^^^^^^^^^^^^^^^^^^^^^^^^^^^^^^^^^^^^^^^^^^^^^^^^^^^^^^^^^^^
psycopg2.OperationalError: connection to server at "localhost" (::1), port 5432 failed: Connection refused 
(0x0000274D/10061)
	Is the server running on that host and accepting TCP/IP connections?
connection to server at "localhost" (127.0.0.1), port 5432 failed: Connection refused (0x0000274D/10061)
	Is the server running on that host and accepting TCP/IP connections?


The above exception was the direct cause of the following exception:

Traceback (most recent call last):
  File "C:\Users\ismai\Documents\GitHub\New-Data-Fraud-detection\backend\.venv\Lib\site-packages\uvicorn\protocols\http
\httptools_impl.py", line 409, in run_asgi
    result = await app(  # type: ignore[func-returns-value]
             ^^^^^^^^^^^^^^^^^^^^^^^^^^^^^^^^^^^^^^^^^^^^^^
  File "C:\Users\ismai\Documents\GitHub\New-Data-Fraud-detection\backend\.venv\Lib\site-packages\uvicorn\middleware\pro
xy_headers.py", line 60, in __call__
    return await self.app(scope, receive, send)
           ^^^^^^^^^^^^^^^^^^^^^^^^^^^^^^^^^^^^
  File 
"C:\Users\ismai\Documents\GitHub\New-Data-Fraud-detection\backend\.venv\Lib\site-packages\fastapi\applications.py", 
line 1054, in __call__
    await super().__call__(scope, receive, send)
  File 
"C:\Users\ismai\Documents\GitHub\New-Data-Fraud-detection\backend\.venv\Lib\site-packages\starlette\applications.py", 
line 113, in __call__
    await self.middleware_stack(scope, receive, send)
  File "C:\Users\ismai\Documents\GitHub\New-Data-Fraud-detection\backend\.venv\Lib\site-packages\starlette\middleware\e
rrors.py", line 187, in __call__
    raise exc
  File "C:\Users\ismai\Documents\GitHub\New-Data-Fraud-detection\backend\.venv\Lib\site-packages\starlette\middleware\e
rrors.py", line 165, in __call__
    await self.app(scope, receive, _send)
  File "C:\Users\ismai\Documents\GitHub\New-Data-Fraud-detection\backend\.venv\Lib\site-packages\starlette\middleware\c
ors.py", line 85, in __call__
    await self.app(scope, receive, send)
  File "C:\Users\ismai\Documents\GitHub\New-Data-Fraud-detection\backend\.venv\Lib\site-packages\starlette\middleware\e
xceptions.py", line 62, in __call__
    await wrap_app_handling_exceptions(self.app, conn)(scope, receive, send)
  File "C:\Users\ismai\Documents\GitHub\New-Data-Fraud-detection\backend\.venv\Lib\site-packages\starlette\_exception_h
andler.py", line 53, in wrapped_app
    raise exc
  File "C:\Users\ismai\Documents\GitHub\New-Data-Fraud-detection\backend\.venv\Lib\site-packages\starlette\_exception_h
andler.py", line 42, in wrapped_app
    await app(scope, receive, sender)
  File 
"C:\Users\ismai\Documents\GitHub\New-Data-Fraud-detection\backend\.venv\Lib\site-packages\starlette\routing.py", line 
715, in __call__
    await self.middleware_stack(scope, receive, send)
  File 
"C:\Users\ismai\Documents\GitHub\New-Data-Fraud-detection\backend\.venv\Lib\site-packages\starlette\routing.py", line 
735, in app
    await route.handle(scope, receive, send)
  File 
"C:\Users\ismai\Documents\GitHub\New-Data-Fraud-detection\backend\.venv\Lib\site-packages\starlette\routing.py", line 
288, in handle
    await self.app(scope, receive, send)
  File 
"C:\Users\ismai\Documents\GitHub\New-Data-Fraud-detection\backend\.venv\Lib\site-packages\starlette\routing.py", line 
76, in app
    await wrap_app_handling_exceptions(app, request)(scope, receive, send)
  File "C:\Users\ismai\Documents\GitHub\New-Data-Fraud-detection\backend\.venv\Lib\site-packages\starlette\_exception_h
andler.py", line 53, in wrapped_app
    raise exc
  File "C:\Users\ismai\Documents\GitHub\New-Data-Fraud-detection\backend\.venv\Lib\site-packages\starlette\_exception_h
andler.py", line 42, in wrapped_app
    await app(scope, receive, sender)
  File 
"C:\Users\ismai\Documents\GitHub\New-Data-Fraud-detection\backend\.venv\Lib\site-packages\starlette\routing.py", line 
73, in app
    response = await f(request)
               ^^^^^^^^^^^^^^^^
  File "C:\Users\ismai\Documents\GitHub\New-Data-Fraud-detection\backend\.venv\Lib\site-packages\fastapi\routing.py", 
line 301, in app
    raw_response = await run_endpoint_function(
                   ^^^^^^^^^^^^^^^^^^^^^^^^^^^^
  File "C:\Users\ismai\Documents\GitHub\New-Data-Fraud-detection\backend\.venv\Lib\site-packages\fastapi\routing.py", 
line 214, in run_endpoint_function
    return await run_in_threadpool(dependant.call, **values)
           ^^^^^^^^^^^^^^^^^^^^^^^^^^^^^^^^^^^^^^^^^^^^^^^^^
  File 
"C:\Users\ismai\Documents\GitHub\New-Data-Fraud-detection\backend\.venv\Lib\site-packages\starlette\concurrency.py", 
line 39, in run_in_threadpool
    return await anyio.to_thread.run_sync(func, *args)
           ^^^^^^^^^^^^^^^^^^^^^^^^^^^^^^^^^^^^^^^^^^^
  File "C:\Users\ismai\Documents\GitHub\New-Data-Fraud-detection\backend\.venv\Lib\site-packages\anyio\to_thread.py", 
line 65, in run_sync
    return await get_async_backend().run_sync_in_worker_thread(
           ^^^^^^^^^^^^^^^^^^^^^^^^^^^^^^^^^^^^^^^^^^^^^^^^^^^^
  File "C:\Users\ismai\Documents\GitHub\New-Data-Fraud-detection\backend\.venv\Lib\site-packages\anyio\_backends\_async
io.py", line 2706, in run_sync_in_worker_thread
    return await future
           ^^^^^^^^^^^^
  File "C:\Users\ismai\Documents\GitHub\New-Data-Fraud-detection\backend\.venv\Lib\site-packages\anyio\_backends\_async
io.py", line 1100, in run
    result = context.run(func, *args)
             ^^^^^^^^^^^^^^^^^^^^^^^^
  File "C:\Users\ismai\Documents\GitHub\New-Data-Fraud-detection\backend\app\routers\dashboard.py", line 104, in 
get_daily_trend
    rows = session.execute(sql, params).mappings().all()
           ^^^^^^^^^^^^^^^^^^^^^^^^^^^^
  File 
"C:\Users\ismai\Documents\GitHub\New-Data-Fraud-detection\backend\.venv\Lib\site-packages\sqlalchemy\orm\session.py", 
line 2362, in execute
    return self._execute_internal(
           ^^^^^^^^^^^^^^^^^^^^^^^
  File 
"C:\Users\ismai\Documents\GitHub\New-Data-Fraud-detection\backend\.venv\Lib\site-packages\sqlalchemy\orm\session.py", 
line 2237, in _execute_internal
    conn = self._connection_for_bind(bind)
           ^^^^^^^^^^^^^^^^^^^^^^^^^^^^^^^
  File 
"C:\Users\ismai\Documents\GitHub\New-Data-Fraud-detection\backend\.venv\Lib\site-packages\sqlalchemy\orm\session.py", 
line 2106, in _connection_for_bind
    return trans._connection_for_bind(engine, execution_options)
           ^^^^^^^^^^^^^^^^^^^^^^^^^^^^^^^^^^^^^^^^^^^^^^^^^^^^^
  File "<string>", line 2, in _connection_for_bind
  File "C:\Users\ismai\Documents\GitHub\New-Data-Fraud-detection\backend\.venv\Lib\site-packages\sqlalchemy\orm\state_c
hanges.py", line 139, in _go
    ret_value = fn(self, *arg, **kw)
                ^^^^^^^^^^^^^^^^^^^^
  File 
"C:\Users\ismai\Documents\GitHub\New-Data-Fraud-detection\backend\.venv\Lib\site-packages\sqlalchemy\orm\session.py", 
line 1189, in _connection_for_bind
    conn = bind.connect()
           ^^^^^^^^^^^^^^
  File 
"C:\Users\ismai\Documents\GitHub\New-Data-Fraud-detection\backend\.venv\Lib\site-packages\sqlalchemy\engine\base.py", 
line 3278, in connect
    return self._connection_cls(self)
           ^^^^^^^^^^^^^^^^^^^^^^^^^^
  File 
"C:\Users\ismai\Documents\GitHub\New-Data-Fraud-detection\backend\.venv\Lib\site-packages\sqlalchemy\engine\base.py", 
line 148, in __init__
    Connection._handle_dbapi_exception_noconnection(
  File 
"C:\Users\ismai\Documents\GitHub\New-Data-Fraud-detection\backend\.venv\Lib\site-packages\sqlalchemy\engine\base.py", 
line 2442, in _handle_dbapi_exception_noconnection
    raise sqlalchemy_exception.with_traceback(exc_info[2]) from e
  File 
"C:\Users\ismai\Documents\GitHub\New-Data-Fraud-detection\backend\.venv\Lib\site-packages\sqlalchemy\engine\base.py", 
line 146, in __init__
    self._dbapi_connection = engine.raw_connection()
                             ^^^^^^^^^^^^^^^^^^^^^^^
  File 
"C:\Users\ismai\Documents\GitHub\New-Data-Fraud-detection\backend\.venv\Lib\site-packages\sqlalchemy\engine\base.py", 
line 3302, in raw_connection
    return self.pool.connect()
           ^^^^^^^^^^^^^^^^^^^
  File 
"C:\Users\ismai\Documents\GitHub\New-Data-Fraud-detection\backend\.venv\Lib\site-packages\sqlalchemy\pool\base.py", 
line 449, in connect
INFO:     127.0.0.1:51830 - "GET /api/analytics/risk-distribution HTTP/1.1" 500 Internal Server Error
    return _ConnectionFairy._checkout(self)
           ^^^^^^^^^^^^^^^^^^^^^^^^^^^^^^^^
  File 
"C:\Users\ismai\Documents\GitHub\New-Data-Fraud-detection\backend\.venv\Lib\site-packages\sqlalchemy\pool\base.py", 
line 1263, in _checkout
    fairy = _ConnectionRecord.checkout(pool)
            ^^^^^^^^^^^^^^^^^^^^^^^^^^^^^^^^
  File 
"C:\Users\ismai\Documents\GitHub\New-Data-Fraud-detection\backend\.venv\Lib\site-packages\sqlalchemy\pool\base.py", 
line 712, in checkout
    rec = pool._do_get()
          ^^^^^^^^^^^^^^
  File 
"C:\Users\ismai\Documents\GitHub\New-Data-Fraud-detection\backend\.venv\Lib\site-packages\sqlalchemy\pool\impl.py", 
line 179, in _do_get
    with util.safe_reraise():
  File "C:\Users\ismai\Documents\GitHub\New-Data-Fraud-detection\backend\.venv\Lib\site-packages\sqlalchemy\util\langhe
lpers.py", line 146, in __exit__
    raise exc_value.with_traceback(exc_tb)
  File 
"C:\Users\ismai\Documents\GitHub\New-Data-Fraud-detection\backend\.venv\Lib\site-packages\sqlalchemy\pool\impl.py", 
line 177, in _do_get
    return self._create_connection()
           ^^^^^^^^^^^^^^^^^^^^^^^^^
  File 
"C:\Users\ismai\Documents\GitHub\New-Data-Fraud-detection\backend\.venv\Lib\site-packages\sqlalchemy\pool\base.py", 
line 390, in _create_connection
    return _ConnectionRecord(self)
           ^^^^^^^^^^^^^^^^^^^^^^^
  File 
"C:\Users\ismai\Documents\GitHub\New-Data-Fraud-detection\backend\.venv\Lib\site-packages\sqlalchemy\pool\base.py", 
line 674, in __init__
    self.__connect()
  File 
"C:\Users\ismai\Documents\GitHub\New-Data-Fraud-detection\backend\.venv\Lib\site-packages\sqlalchemy\pool\base.py", 
line 900, in __connect
    with util.safe_reraise():
  File "C:\Users\ismai\Documents\GitHub\New-Data-Fraud-detection\backend\.venv\Lib\site-packages\sqlalchemy\util\langhe
lpers.py", line 146, in __exit__
    raise exc_value.with_traceback(exc_tb)
  File 
"C:\Users\ismai\Documents\GitHub\New-Data-Fraud-detection\backend\.venv\Lib\site-packages\sqlalchemy\pool\base.py", 
line 896, in __connect
    self.dbapi_connection = connection = pool._invoke_creator(self)
                                         ^^^^^^^^^^^^^^^^^^^^^^^^^^
  File "C:\Users\ismai\Documents\GitHub\New-Data-Fraud-detection\backend\.venv\Lib\site-packages\sqlalchemy\engine\crea
te.py", line 643, in connect
    return dialect.connect(*cargs, **cparams)
           ^^^^^^^^^^^^^^^^^^^^^^^^^^^^^^^^^^
  File "C:\Users\ismai\Documents\GitHub\New-Data-Fraud-detection\backend\.venv\Lib\site-packages\sqlalchemy\engine\defa
ult.py", line 621, in connect
    return self.loaded_dbapi.connect(*cargs, **cparams)
           ^^^^^^^^^^^^^^^^^^^^^^^^^^^^^^^^^^^^^^^^^^^^
  File 
"C:\Users\ismai\Documents\GitHub\New-Data-Fraud-detection\backend\.venv\Lib\site-packages\psycopg2\__init__.py", line 
122, in connect
    conn = _connect(dsn, connection_factory=connection_factory, **kwasync)
           ^^^^^^^^^^^^^^^^^^^^^^^^^^^^^^^^^^^^^^^^^^^^^^^^^^^^^^^^^^^^^^^
sqlalchemy.exc.OperationalError: (psycopg2.OperationalError) connection to server at "localhost" (::1), port 5432 
failed: Connection refused (0x0000274D/10061)
	Is the server running on that host and accepting TCP/IP connections?
connection to server at "localhost" (127.0.0.1), port 5432 failed: Connection refused (0x0000274D/10061)
	Is the server running on that host and accepting TCP/IP connections?

(Background on this error at: https://sqlalche.me/e/20/e3q8)
ERROR:    Exception in ASGI application
Traceback (most recent call last):
  File 
"C:\Users\ismai\Documents\GitHub\New-Data-Fraud-detection\backend\.venv\Lib\site-packages\sqlalchemy\engine\base.py", 
line 146, in __init__
    self._dbapi_connection = engine.raw_connection()
                             ^^^^^^^^^^^^^^^^^^^^^^^
  File 
"C:\Users\ismai\Documents\GitHub\New-Data-Fraud-detection\backend\.venv\Lib\site-packages\sqlalchemy\engine\base.py", 
line 3302, in raw_connection
    return self.pool.connect()
           ^^^^^^^^^^^^^^^^^^^
  File 
"C:\Users\ismai\Documents\GitHub\New-Data-Fraud-detection\backend\.venv\Lib\site-packages\sqlalchemy\pool\base.py", 
line 449, in connect
    return _ConnectionFairy._checkout(self)
           ^^^^^^^^^^^^^^^^^^^^^^^^^^^^^^^^
  File 
"C:\Users\ismai\Documents\GitHub\New-Data-Fraud-detection\backend\.venv\Lib\site-packages\sqlalchemy\pool\base.py", 
line 1263, in _checkout
    fairy = _ConnectionRecord.checkout(pool)
            ^^^^^^^^^^^^^^^^^^^^^^^^^^^^^^^^
  File 
"C:\Users\ismai\Documents\GitHub\New-Data-Fraud-detection\backend\.venv\Lib\site-packages\sqlalchemy\pool\base.py", 
line 712, in checkout
    rec = pool._do_get()
          ^^^^^^^^^^^^^^
  File 
"C:\Users\ismai\Documents\GitHub\New-Data-Fraud-detection\backend\.venv\Lib\site-packages\sqlalchemy\pool\impl.py", 
line 179, in _do_get
    with util.safe_reraise():
  File "C:\Users\ismai\Documents\GitHub\New-Data-Fraud-detection\backend\.venv\Lib\site-packages\sqlalchemy\util\langhe
lpers.py", line 146, in __exit__
    raise exc_value.with_traceback(exc_tb)
  File 
"C:\Users\ismai\Documents\GitHub\New-Data-Fraud-detection\backend\.venv\Lib\site-packages\sqlalchemy\pool\impl.py", 
line 177, in _do_get
    return self._create_connection()
           ^^^^^^^^^^^^^^^^^^^^^^^^^
  File 
"C:\Users\ismai\Documents\GitHub\New-Data-Fraud-detection\backend\.venv\Lib\site-packages\sqlalchemy\pool\base.py", 
line 390, in _create_connection
    return _ConnectionRecord(self)
           ^^^^^^^^^^^^^^^^^^^^^^^
  File 
"C:\Users\ismai\Documents\GitHub\New-Data-Fraud-detection\backend\.venv\Lib\site-packages\sqlalchemy\pool\base.py", 
line 674, in __init__
    self.__connect()
  File 
"C:\Users\ismai\Documents\GitHub\New-Data-Fraud-detection\backend\.venv\Lib\site-packages\sqlalchemy\pool\base.py", 
line 900, in __connect
    with util.safe_reraise():
  File "C:\Users\ismai\Documents\GitHub\New-Data-Fraud-detection\backend\.venv\Lib\site-packages\sqlalchemy\util\langhe
lpers.py", line 146, in __exit__
    raise exc_value.with_traceback(exc_tb)
  File 
"C:\Users\ismai\Documents\GitHub\New-Data-Fraud-detection\backend\.venv\Lib\site-packages\sqlalchemy\pool\base.py", 
line 896, in __connect
    self.dbapi_connection = connection = pool._invoke_creator(self)
                                         ^^^^^^^^^^^^^^^^^^^^^^^^^^
  File "C:\Users\ismai\Documents\GitHub\New-Data-Fraud-detection\backend\.venv\Lib\site-packages\sqlalchemy\engine\crea
te.py", line 643, in connect
    return dialect.connect(*cargs, **cparams)
           ^^^^^^^^^^^^^^^^^^^^^^^^^^^^^^^^^^
  File "C:\Users\ismai\Documents\GitHub\New-Data-Fraud-detection\backend\.venv\Lib\site-packages\sqlalchemy\engine\defa
ult.py", line 621, in connect
    return self.loaded_dbapi.connect(*cargs, **cparams)
           ^^^^^^^^^^^^^^^^^^^^^^^^^^^^^^^^^^^^^^^^^^^^
  File 
"C:\Users\ismai\Documents\GitHub\New-Data-Fraud-detection\backend\.venv\Lib\site-packages\psycopg2\__init__.py", line 
122, in connect
    conn = _connect(dsn, connection_factory=connection_factory, **kwasync)
           ^^^^^^^^^^^^^^^^^^^^^^^^^^^^^^^^^^^^^^^^^^^^^^^^^^^^^^^^^^^^^^^
psycopg2.OperationalError: connection to server at "localhost" (::1), port 5432 failed: Connection refused 
(0x0000274D/10061)
	Is the server running on that host and accepting TCP/IP connections?
connection to server at "localhost" (127.0.0.1), port 5432 failed: Connection refused (0x0000274D/10061)
	Is the server running on that host and accepting TCP/IP connections?


The above exception was the direct cause of the following exception:

Traceback (most recent call last):
  File "C:\Users\ismai\Documents\GitHub\New-Data-Fraud-detection\backend\.venv\Lib\site-packages\uvicorn\protocols\http
\httptools_impl.py", line 409, in run_asgi
    result = await app(  # type: ignore[func-returns-value]
             ^^^^^^^^^^^^^^^^^^^^^^^^^^^^^^^^^^^^^^^^^^^^^^
  File "C:\Users\ismai\Documents\GitHub\New-Data-Fraud-detection\backend\.venv\Lib\site-packages\uvicorn\middleware\pro
xy_headers.py", line 60, in __call__
    return await self.app(scope, receive, send)
           ^^^^^^^^^^^^^^^^^^^^^^^^^^^^^^^^^^^^
  File 
"C:\Users\ismai\Documents\GitHub\New-Data-Fraud-detection\backend\.venv\Lib\site-packages\fastapi\applications.py", 
line 1054, in __call__
    await super().__call__(scope, receive, send)
  File 
"C:\Users\ismai\Documents\GitHub\New-Data-Fraud-detection\backend\.venv\Lib\site-packages\starlette\applications.py", 
line 113, in __call__
    await self.middleware_stack(scope, receive, send)
  File "C:\Users\ismai\Documents\GitHub\New-Data-Fraud-detection\backend\.venv\Lib\site-packages\starlette\middleware\e
rrors.py", line 187, in __call__
    raise exc
  File "C:\Users\ismai\Documents\GitHub\New-Data-Fraud-detection\backend\.venv\Lib\site-packages\starlette\middleware\e
rrors.py", line 165, in __call__
    await self.app(scope, receive, _send)
  File "C:\Users\ismai\Documents\GitHub\New-Data-Fraud-detection\backend\.venv\Lib\site-packages\starlette\middleware\c
ors.py", line 85, in __call__
    await self.app(scope, receive, send)
  File "C:\Users\ismai\Documents\GitHub\New-Data-Fraud-detection\backend\.venv\Lib\site-packages\starlette\middleware\e
xceptions.py", line 62, in __call__
    await wrap_app_handling_exceptions(self.app, conn)(scope, receive, send)
  File "C:\Users\ismai\Documents\GitHub\New-Data-Fraud-detection\backend\.venv\Lib\site-packages\starlette\_exception_h
andler.py", line 53, in wrapped_app
    raise exc
  File "C:\Users\ismai\Documents\GitHub\New-Data-Fraud-detection\backend\.venv\Lib\site-packages\starlette\_exception_h
andler.py", line 42, in wrapped_app
    await app(scope, receive, sender)
  File 
"C:\Users\ismai\Documents\GitHub\New-Data-Fraud-detection\backend\.venv\Lib\site-packages\starlette\routing.py", line 
715, in __call__
    await self.middleware_stack(scope, receive, send)
  File 
"C:\Users\ismai\Documents\GitHub\New-Data-Fraud-detection\backend\.venv\Lib\site-packages\starlette\routing.py", line 
735, in app
    await route.handle(scope, receive, send)
  File 
"C:\Users\ismai\Documents\GitHub\New-Data-Fraud-detection\backend\.venv\Lib\site-packages\starlette\routing.py", line 
288, in handle
    await self.app(scope, receive, send)
  File 
"C:\Users\ismai\Documents\GitHub\New-Data-Fraud-detection\backend\.venv\Lib\site-packages\starlette\routing.py", line 
76, in app
    await wrap_app_handling_exceptions(app, request)(scope, receive, send)
  File "C:\Users\ismai\Documents\GitHub\New-Data-Fraud-detection\backend\.venv\Lib\site-packages\starlette\_exception_h
andler.py", line 53, in wrapped_app
    raise exc
  File "C:\Users\ismai\Documents\GitHub\New-Data-Fraud-detection\backend\.venv\Lib\site-packages\starlette\_exception_h
andler.py", line 42, in wrapped_app
    await app(scope, receive, sender)
  File 
"C:\Users\ismai\Documents\GitHub\New-Data-Fraud-detection\backend\.venv\Lib\site-packages\starlette\routing.py", line 
73, in app
    response = await f(request)
               ^^^^^^^^^^^^^^^^
  File "C:\Users\ismai\Documents\GitHub\New-Data-Fraud-detection\backend\.venv\Lib\site-packages\fastapi\routing.py", 
line 301, in app
    raw_response = await run_endpoint_function(
                   ^^^^^^^^^^^^^^^^^^^^^^^^^^^^
  File "C:\Users\ismai\Documents\GitHub\New-Data-Fraud-detection\backend\.venv\Lib\site-packages\fastapi\routing.py", 
line 214, in run_endpoint_function
    return await run_in_threadpool(dependant.call, **values)
           ^^^^^^^^^^^^^^^^^^^^^^^^^^^^^^^^^^^^^^^^^^^^^^^^^
  File 
"C:\Users\ismai\Documents\GitHub\New-Data-Fraud-detection\backend\.venv\Lib\site-packages\starlette\concurrency.py", 
line 39, in run_in_threadpool
    return await anyio.to_thread.run_sync(func, *args)
           ^^^^^^^^^^^^^^^^^^^^^^^^^^^^^^^^^^^^^^^^^^^
  File "C:\Users\ismai\Documents\GitHub\New-Data-Fraud-detection\backend\.venv\Lib\site-packages\anyio\to_thread.py", 
line 65, in run_sync
    return await get_async_backend().run_sync_in_worker_thread(
           ^^^^^^^^^^^^^^^^^^^^^^^^^^^^^^^^^^^^^^^^^^^^^^^^^^^^
  File "C:\Users\ismai\Documents\GitHub\New-Data-Fraud-detection\backend\.venv\Lib\site-packages\anyio\_backends\_async
io.py", line 2706, in run_sync_in_worker_thread
    return await future
           ^^^^^^^^^^^^
  File "C:\Users\ismai\Documents\GitHub\New-Data-Fraud-detection\backend\.venv\Lib\site-packages\anyio\_backends\_async
io.py", line 1100, in run
    result = context.run(func, *args)
             ^^^^^^^^^^^^^^^^^^^^^^^^
  File "C:\Users\ismai\Documents\GitHub\New-Data-Fraud-detection\backend\app\routers\dashboard.py", line 194, in 
get_risk_distribution
    rows = session.execute(sql).mappings().all()
           ^^^^^^^^^^^^^^^^^^^^
  File 
"C:\Users\ismai\Documents\GitHub\New-Data-Fraud-detection\backend\.venv\Lib\site-packages\sqlalchemy\orm\session.py", 
line 2362, in execute
    return self._execute_internal(
           ^^^^^^^^^^^^^^^^^^^^^^^
  File 
"C:\Users\ismai\Documents\GitHub\New-Data-Fraud-detection\backend\.venv\Lib\site-packages\sqlalchemy\orm\session.py", 
line 2237, in _execute_internal
    conn = self._connection_for_bind(bind)
           ^^^^^^^^^^^^^^^^^^^^^^^^^^^^^^^
  File 
"C:\Users\ismai\Documents\GitHub\New-Data-Fraud-detection\backend\.venv\Lib\site-packages\sqlalchemy\orm\session.py", 
line 2106, in _connection_for_bind
    return trans._connection_for_bind(engine, execution_options)
           ^^^^^^^^^^^^^^^^^^^^^^^^^^^^^^^^^^^^^^^^^^^^^^^^^^^^^
  File "<string>", line 2, in _connection_for_bind
  File "C:\Users\ismai\Documents\GitHub\New-Data-Fraud-detection\backend\.venv\Lib\site-packages\sqlalchemy\orm\state_c
hanges.py", line 139, in _go
    ret_value = fn(self, *arg, **kw)
                ^^^^^^^^^^^^^^^^^^^^
  File 
"C:\Users\ismai\Documents\GitHub\New-Data-Fraud-detection\backend\.venv\Lib\site-packages\sqlalchemy\orm\session.py", 
line 1189, in _connection_for_bind
    conn = bind.connect()
           ^^^^^^^^^^^^^^
  File 
"C:\Users\ismai\Documents\GitHub\New-Data-Fraud-detection\backend\.venv\Lib\site-packages\sqlalchemy\engine\base.py", 
line 3278, in connect
    return self._connection_cls(self)
           ^^^^^^^^^^^^^^^^^^^^^^^^^^
  File 
"C:\Users\ismai\Documents\GitHub\New-Data-Fraud-detection\backend\.venv\Lib\site-packages\sqlalchemy\engine\base.py", 
line 148, in __init__
    Connection._handle_dbapi_exception_noconnection(
  File 
"C:\Users\ismai\Documents\GitHub\New-Data-Fraud-detection\backend\.venv\Lib\site-packages\sqlalchemy\engine\base.py", 
line 2442, in _handle_dbapi_exception_noconnection
    raise sqlalchemy_exception.with_traceback(exc_info[2]) from e
  File 
"C:\Users\ismai\Documents\GitHub\New-Data-Fraud-detection\backend\.venv\Lib\site-packages\sqlalchemy\engine\base.py", 
line 146, in __init__
    self._dbapi_connection = engine.raw_connection()
                             ^^^^^^^^^^^^^^^^^^^^^^^
  File 
"C:\Users\ismai\Documents\GitHub\New-Data-Fraud-detection\backend\.venv\Lib\site-packages\sqlalchemy\engine\base.py", 
line 3302, in raw_connection
    return self.pool.connect()
           ^^^^^^^^^^^^^^^^^^^
  File 
"C:\Users\ismai\Documents\GitHub\New-Data-Fraud-detection\backend\.venv\Lib\site-packages\sqlalchemy\pool\base.py", 
line 449, in connect
    return _ConnectionFairy._checkout(self)
           ^^^^^^^^^^^^^^^^^^^^^^^^^^^^^^^^
  File 
"C:\Users\ismai\Documents\GitHub\New-Data-Fraud-detection\backend\.venv\Lib\site-packages\sqlalchemy\pool\base.py", 
line 1263, in _checkout
    fairy = _ConnectionRecord.checkout(pool)
            ^^^^^^^^^^^^^^^^^^^^^^^^^^^^^^^^
  File 
"C:\Users\ismai\Documents\GitHub\New-Data-Fraud-detection\backend\.venv\Lib\site-packages\sqlalchemy\pool\base.py", 
line 712, in checkout
    rec = pool._do_get()
          ^^^^^^^^^^^^^^
  File 
"C:\Users\ismai\Documents\GitHub\New-Data-Fraud-detection\backend\.venv\Lib\site-packages\sqlalchemy\pool\impl.py", 
line 179, in _do_get
    with util.safe_reraise():
  File "C:\Users\ismai\Documents\GitHub\New-Data-Fraud-detection\backend\.venv\Lib\site-packages\sqlalchemy\util\langhe
lpers.py", line 146, in __exit__
    raise exc_value.with_traceback(exc_tb)
  File 
"C:\Users\ismai\Documents\GitHub\New-Data-Fraud-detection\backend\.venv\Lib\site-packages\sqlalchemy\pool\impl.py", 
line 177, in _do_get
    return self._create_connection()
           ^^^^^^^^^^^^^^^^^^^^^^^^^
  File 
"C:\Users\ismai\Documents\GitHub\New-Data-Fraud-detection\backend\.venv\Lib\site-packages\sqlalchemy\pool\base.py", 
line 390, in _create_connection
    return _ConnectionRecord(self)
           ^^^^^^^^^^^^^^^^^^^^^^^
  File 
"C:\Users\ismai\Documents\GitHub\New-Data-Fraud-detection\backend\.venv\Lib\site-packages\sqlalchemy\pool\base.py", 
line 674, in __init__
    self.__connect()
  File 
"C:\Users\ismai\Documents\GitHub\New-Data-Fraud-detection\backend\.venv\Lib\site-packages\sqlalchemy\pool\base.py", 
line 900, in __connect
    with util.safe_reraise():
  File "C:\Users\ismai\Documents\GitHub\New-Data-Fraud-detection\backend\.venv\Lib\site-packages\sqlalchemy\util\langhe
lpers.py", line 146, in __exit__
    raise exc_value.with_traceback(exc_tb)
  File 
"C:\Users\ismai\Documents\GitHub\New-Data-Fraud-detection\backend\.venv\Lib\site-packages\sqlalchemy\pool\base.py", 
line 896, in __connect
    self.dbapi_connection = connection = pool._invoke_creator(self)
                                         ^^^^^^^^^^^^^^^^^^^^^^^^^^
  File "C:\Users\ismai\Documents\GitHub\New-Data-Fraud-detection\backend\.venv\Lib\site-packages\sqlalchemy\engine\crea
te.py", line 643, in connect
    return dialect.connect(*cargs, **cparams)
           ^^^^^^^^^^^^^^^^^^^^^^^^^^^^^^^^^^
  File "C:\Users\ismai\Documents\GitHub\New-Data-Fraud-detection\backend\.venv\Lib\site-packages\sqlalchemy\engine\defa
ult.py", line 621, in connect
    return self.loaded_dbapi.connect(*cargs, **cparams)
           ^^^^^^^^^^^^^^^^^^^^^^^^^^^^^^^^^^^^^^^^^^^^
  File 
"C:\Users\ismai\Documents\GitHub\New-Data-Fraud-detection\backend\.venv\Lib\site-packages\psycopg2\__init__.py", line 
122, in connect
    conn = _connect(dsn, connection_factory=connection_factory, **kwasync)
           ^^^^^^^^^^^^^^^^^^^^^^^^^^^^^^^^^^^^^^^^^^^^^^^^^^^^^^^^^^^^^^^
sqlalchemy.exc.OperationalError: (psycopg2.OperationalError) connection to server at "localhost" (::1), port 5432 
failed: Connection refused (0x0000274D/10061)
	Is the server running on that host and accepting TCP/IP connections?
connection to server at "localhost" (127.0.0.1), port 5432 failed: Connection refused (0x0000274D/10061)
	Is the server running on that host and accepting TCP/IP connections?

(Background on this error at: https://sqlalche.me/e/20/e3q8)
INFO:     127.0.0.1:62549 - "GET /api/health HTTP/1.1" 200 OK
INFO:     ('127.0.0.1', 59622) - "WebSocket /api/ws" [accepted]
INFO:app.websocket_manager:WebSocket connected. Total active: 1
INFO:     connection open
INFO:     ('127.0.0.1', 54693) - "WebSocket /api/ws" [accepted]
INFO:app.websocket_manager:WebSocket connected. Total active: 2
INFO:     connection open
INFO:     ('127.0.0.1', 57437) - "WebSocket /api/ws" [accepted]
INFO:app.websocket_manager:WebSocket connected. Total active: 3
INFO:     connection open
INFO:     ('127.0.0.1', 56144) - "WebSocket /api/ws" [accepted]
INFO:app.websocket_manager:WebSocket connected. Total active: 4
INFO:     connection open
INFO:     127.0.0.1:59629 - "GET /api/analytics/windows HTTP/1.1" 500 Internal Server Error
ERROR:    Exception in ASGI application
Traceback (most recent call last):
  File 
"C:\Users\ismai\Documents\GitHub\New-Data-Fraud-detection\backend\.venv\Lib\site-packages\sqlalchemy\engine\base.py", 
line 146, in __init__
    self._dbapi_connection = engine.raw_connection()
                             ^^^^^^^^^^^^^^^^^^^^^^^
  File 
"C:\Users\ismai\Documents\GitHub\New-Data-Fraud-detection\backend\.venv\Lib\site-packages\sqlalchemy\engine\base.py", 
line 3302, in raw_connection
    return self.pool.connect()
           ^^^^^^^^^^^^^^^^^^^
  File 
"C:\Users\ismai\Documents\GitHub\New-Data-Fraud-detection\backend\.venv\Lib\site-packages\sqlalchemy\pool\base.py", 
line 449, in connect
    return _ConnectionFairy._checkout(self)
           ^^^^^^^^^^^^^^^^^^^^^^^^^^^^^^^^
  File 
"C:\Users\ismai\Documents\GitHub\New-Data-Fraud-detection\backend\.venv\Lib\site-packages\sqlalchemy\pool\base.py", 
line 1263, in _checkout
    fairy = _ConnectionRecord.checkout(pool)
            ^^^^^^^^^^^^^^^^^^^^^^^^^^^^^^^^
  File 
"C:\Users\ismai\Documents\GitHub\New-Data-Fraud-detection\backend\.venv\Lib\site-packages\sqlalchemy\pool\base.py", 
line 712, in checkout
    rec = pool._do_get()
          ^^^^^^^^^^^^^^
  File 
"C:\Users\ismai\Documents\GitHub\New-Data-Fraud-detection\backend\.venv\Lib\site-packages\sqlalchemy\pool\impl.py", 
line 179, in _do_get
    with util.safe_reraise():
  File "C:\Users\ismai\Documents\GitHub\New-Data-Fraud-detection\backend\.venv\Lib\site-packages\sqlalchemy\util\langhe
lpers.py", line 146, in __exit__
    raise exc_value.with_traceback(exc_tb)
  File 
"C:\Users\ismai\Documents\GitHub\New-Data-Fraud-detection\backend\.venv\Lib\site-packages\sqlalchemy\pool\impl.py", 
line 177, in _do_get
    return self._create_connection()
           ^^^^^^^^^^^^^^^^^^^^^^^^^
  File 
"C:\Users\ismai\Documents\GitHub\New-Data-Fraud-detection\backend\.venv\Lib\site-packages\sqlalchemy\pool\base.py", 
line 390, in _create_connection
    return _ConnectionRecord(self)
           ^^^^^^^^^^^^^^^^^^^^^^^
  File 
"C:\Users\ismai\Documents\GitHub\New-Data-Fraud-detection\backend\.venv\Lib\site-packages\sqlalchemy\pool\base.py", 
line 674, in __init__
    self.__connect()
  File 
"C:\Users\ismai\Documents\GitHub\New-Data-Fraud-detection\backend\.venv\Lib\site-packages\sqlalchemy\pool\base.py", 
line 900, in __connect
    with util.safe_reraise():
  File "C:\Users\ismai\Documents\GitHub\New-Data-Fraud-detection\backend\.venv\Lib\site-packages\sqlalchemy\util\langhe
lpers.py", line 146, in __exit__
    raise exc_value.with_traceback(exc_tb)
  File 
"C:\Users\ismai\Documents\GitHub\New-Data-Fraud-detection\backend\.venv\Lib\site-packages\sqlalchemy\pool\base.py", 
line 896, in __connect
    self.dbapi_connection = connection = pool._invoke_creator(self)
                                         ^^^^^^^^^^^^^^^^^^^^^^^^^^
  File "C:\Users\ismai\Documents\GitHub\New-Data-Fraud-detection\backend\.venv\Lib\site-packages\sqlalchemy\engine\crea
te.py", line 643, in connect
    return dialect.connect(*cargs, **cparams)
           ^^^^^^^^^^^^^^^^^^^^^^^^^^^^^^^^^^
  File "C:\Users\ismai\Documents\GitHub\New-Data-Fraud-detection\backend\.venv\Lib\site-packages\sqlalchemy\engine\defa
ult.py", line 621, in connect
    return self.loaded_dbapi.connect(*cargs, **cparams)
           ^^^^^^^^^^^^^^^^^^^^^^^^^^^^^^^^^^^^^^^^^^^^
  File 
"C:\Users\ismai\Documents\GitHub\New-Data-Fraud-detection\backend\.venv\Lib\site-packages\psycopg2\__init__.py", line 
122, in connect
    conn = _connect(dsn, connection_factory=connection_factory, **kwasync)
           ^^^^^^^^^^^^^^^^^^^^^^^^^^^^^^^^^^^^^^^^^^^^^^^^^^^^^^^^^^^^^^^
psycopg2.OperationalError: connection to server at "localhost" (::1), port 5432 failed: Connection refused 
(0x0000274D/10061)
	Is the server running on that host and accepting TCP/IP connections?
connection to server at "localhost" (127.0.0.1), port 5432 failed: Connection refused (0x0000274D/10061)
	Is the server running on that host and accepting TCP/IP connections?


The above exception was the direct cause of the following exception:

Traceback (most recent call last):
  File "C:\Users\ismai\Documents\GitHub\New-Data-Fraud-detection\backend\.venv\Lib\site-packages\uvicorn\protocols\http
\httptools_impl.py", line 409, in run_asgi
    result = await app(  # type: ignore[func-returns-value]
             ^^^^^^^^^^^^^^^^^^^^^^^^^^^^^^^^^^^^^^^^^^^^^^
  File "C:\Users\ismai\Documents\GitHub\New-Data-Fraud-detection\backend\.venv\Lib\site-packages\uvicorn\middleware\pro
xy_headers.py", line 60, in __call__
    return await self.app(scope, receive, send)
           ^^^^^^^^^^^^^^^^^^^^^^^^^^^^^^^^^^^^
  File 
"C:\Users\ismai\Documents\GitHub\New-Data-Fraud-detection\backend\.venv\Lib\site-packages\fastapi\applications.py", 
line 1054, in __call__
    await super().__call__(scope, receive, send)
  File 
"C:\Users\ismai\Documents\GitHub\New-Data-Fraud-detection\backend\.venv\Lib\site-packages\starlette\applications.py", 
line 113, in __call__
    await self.middleware_stack(scope, receive, send)
  File "C:\Users\ismai\Documents\GitHub\New-Data-Fraud-detection\backend\.venv\Lib\site-packages\starlette\middleware\e
rrors.py", line 187, in __call__
    raise exc
  File "C:\Users\ismai\Documents\GitHub\New-Data-Fraud-detection\backend\.venv\Lib\site-packages\starlette\middleware\e
rrors.py", line 165, in __call__
    await self.app(scope, receive, _send)
  File "C:\Users\ismai\Documents\GitHub\New-Data-Fraud-detection\backend\.venv\Lib\site-packages\starlette\middleware\c
ors.py", line 85, in __call__
    await self.app(scope, receive, send)
  File "C:\Users\ismai\Documents\GitHub\New-Data-Fraud-detection\backend\.venv\Lib\site-packages\starlette\middleware\e
xceptions.py", line 62, in __call__
    await wrap_app_handling_exceptions(self.app, conn)(scope, receive, send)
  File "C:\Users\ismai\Documents\GitHub\New-Data-Fraud-detection\backend\.venv\Lib\site-packages\starlette\_exception_h
andler.py", line 53, in wrapped_app
    raise exc
  File "C:\Users\ismai\Documents\GitHub\New-Data-Fraud-detection\backend\.venv\Lib\site-packages\starlette\_exception_h
andler.py", line 42, in wrapped_app
    await app(scope, receive, sender)
  File 
"C:\Users\ismai\Documents\GitHub\New-Data-Fraud-detection\backend\.venv\Lib\site-packages\starlette\routing.py", line 
715, in __call__
    await self.middleware_stack(scope, receive, send)
  File 
"C:\Users\ismai\Documents\GitHub\New-Data-Fraud-detection\backend\.venv\Lib\site-packages\starlette\routing.py", line 
735, in app
    await route.handle(scope, receive, send)
  File 
"C:\Users\ismai\Documents\GitHub\New-Data-Fraud-detection\backend\.venv\Lib\site-packages\starlette\routing.py", line 
288, in handle
    await self.app(scope, receive, send)
  File 
"C:\Users\ismai\Documents\GitHub\New-Data-Fraud-detection\backend\.venv\Lib\site-packages\starlette\routing.py", line 
76, in app
    await wrap_app_handling_exceptions(app, request)(scope, receive, send)
  File "C:\Users\ismai\Documents\GitHub\New-Data-Fraud-detection\backend\.venv\Lib\site-packages\starlette\_exception_h
andler.py", line 53, in wrapped_app
    raise exc
  File "C:\Users\ismai\Documents\GitHub\New-Data-Fraud-detection\backend\.venv\Lib\site-packages\starlette\_exception_h
andler.py", line 42, in wrapped_app
    await app(scope, receive, sender)
  File 
"C:\Users\ismai\Documents\GitHub\New-Data-Fraud-detection\backend\.venv\Lib\site-packages\starlette\routing.py", line 
73, in app
    response = await f(request)
               ^^^^^^^^^^^^^^^^
  File "C:\Users\ismai\Documents\GitHub\New-Data-Fraud-detection\backend\.venv\Lib\site-packages\fastapi\routing.py", 
line 301, in app
    raw_response = await run_endpoint_function(
                   ^^^^^^^^^^^^^^^^^^^^^^^^^^^^
  File "C:\Users\ismai\Documents\GitHub\New-Data-Fraud-detection\backend\.venv\Lib\site-packages\fastapi\routing.py", 
line 214, in run_endpoint_function
    return await run_in_threadpool(dependant.call, **values)
           ^^^^^^^^^^^^^^^^^^^^^^^^^^^^^^^^^^^^^^^^^^^^^^^^^
  File 
"C:\Users\ismai\Documents\GitHub\New-Data-Fraud-detection\backend\.venv\Lib\site-packages\starlette\concurrency.py", 
line 39, in run_in_threadpool
    return await anyio.to_thread.run_sync(func, *args)
           ^^^^^^^^^^^^^^^^^^^^^^^^^^^^^^^^^^^^^^^^^^^
  File "C:\Users\ismai\Documents\GitHub\New-Data-Fraud-detection\backend\.venv\Lib\site-packages\anyio\to_thread.py", 
line 65, in run_sync
    return await get_async_backend().run_sync_in_worker_thread(
           ^^^^^^^^^^^^^^^^^^^^^^^^^^^^^^^^^^^^^^^^^^^^^^^^^^^^
  File "C:\Users\ismai\Documents\GitHub\New-Data-Fraud-detection\backend\.venv\Lib\site-packages\anyio\_backends\_async
io.py", line 2706, in run_sync_in_worker_thread
    return await future
           ^^^^^^^^^^^^
  File "C:\Users\ismai\Documents\GitHub\New-Data-Fraud-detection\backend\.venv\Lib\site-packages\anyio\_backends\_async
io.py", line 1100, in run
    result = context.run(func, *args)
             ^^^^^^^^^^^^^^^^^^^^^^^^
  File "C:\Users\ismai\Documents\GitHub\New-Data-Fraud-detection\backend\app\routers\dashboard.py", line 155, in 
get_analytics_windows
    latest = session.execute(text("SELECT MAX(session_date) FROM subscribers_daily")).scalar_one()
             ^^^^^^^^^^^^^^^^^^^^^^^^^^^^^^^^^^^^^^^^^^^^^^^^^^^^^^^^^^^^^^^^^^^^^^^^
  File 
"C:\Users\ismai\Documents\GitHub\New-Data-Fraud-detection\backend\.venv\Lib\site-packages\sqlalchemy\orm\session.py", 
line 2362, in execute
    return self._execute_internal(
           ^^^^^^^^^^^^^^^^^^^^^^^
  File 
"C:\Users\ismai\Documents\GitHub\New-Data-Fraud-detection\backend\.venv\Lib\site-packages\sqlalchemy\orm\session.py", 
line 2237, in _execute_internal
    conn = self._connection_for_bind(bind)
           ^^^^^^^^^^^^^^^^^^^^^^^^^^^^^^^
  File 
"C:\Users\ismai\Documents\GitHub\New-Data-Fraud-detection\backend\.venv\Lib\site-packages\sqlalchemy\orm\session.py", 
line 2106, in _connection_for_bind
    return trans._connection_for_bind(engine, execution_options)
           ^^^^^^^^^^^^^^^^^^^^^^^^^^^^^^^^^^^^^^^^^^^^^^^^^^^^^
  File "<string>", line 2, in _connection_for_bind
  File "C:\Users\ismai\Documents\GitHub\New-Data-Fraud-detection\backend\.venv\Lib\site-packages\sqlalchemy\orm\state_c
hanges.py", line 139, in _go
    ret_value = fn(self, *arg, **kw)
                ^^^^^^^^^^^^^^^^^^^^
  File 
"C:\Users\ismai\Documents\GitHub\New-Data-Fraud-detection\backend\.venv\Lib\site-packages\sqlalchemy\orm\session.py", 
line 1189, in _connection_for_bind
    conn = bind.connect()
           ^^^^^^^^^^^^^^
  File 
"C:\Users\ismai\Documents\GitHub\New-Data-Fraud-detection\backend\.venv\Lib\site-packages\sqlalchemy\engine\base.py", 
line 3278, in connect
    return self._connection_cls(self)
           ^^^^^^^^^^^^^^^^^^^^^^^^^^
  File 
"C:\Users\ismai\Documents\GitHub\New-Data-Fraud-detection\backend\.venv\Lib\site-packages\sqlalchemy\engine\base.py", 
line 148, in __init__
    Connection._handle_dbapi_exception_noconnection(
  File 
"C:\Users\ismai\Documents\GitHub\New-Data-Fraud-detection\backend\.venv\Lib\site-packages\sqlalchemy\engine\base.py", 
line 2442, in _handle_dbapi_exception_noconnection
    raise sqlalchemy_exception.with_traceback(exc_info[2]) from e
  File 
"C:\Users\ismai\Documents\GitHub\New-Data-Fraud-detection\backend\.venv\Lib\site-packages\sqlalchemy\engine\base.py", 
line 146, in __init__
    self._dbapi_connection = engine.raw_connection()
                             ^^^^^^^^^^^^^^^^^^^^^^^
  File 
"C:\Users\ismai\Documents\GitHub\New-Data-Fraud-detection\backend\.venv\Lib\site-packages\sqlalchemy\engine\base.py", 
line 3302, in raw_connection
    return self.pool.connect()
           ^^^^^^^^^^^^^^^^^^^
  File 
"C:\Users\ismai\Documents\GitHub\New-Data-Fraud-detection\backend\.venv\Lib\site-packages\sqlalchemy\pool\base.py", 
line 449, in connect
    return _ConnectionFairy._checkout(self)
           ^^^^^^^^^^^^^^^^^^^^^^^^^^^^^^^^
  File 
"C:\Users\ismai\Documents\GitHub\New-Data-Fraud-detection\backend\.venv\Lib\site-packages\sqlalchemy\pool\base.py", 
line 1263, in _checkout
    fairy = _ConnectionRecord.checkout(pool)
            ^^^^^^^^^^^^^^^^^^^^^^^^^^^^^^^^
  File 
"C:\Users\ismai\Documents\GitHub\New-Data-Fraud-detection\backend\.venv\Lib\site-packages\sqlalchemy\pool\base.py", 
line 712, in checkout
    rec = pool._do_get()
INFO:     127.0.0.1:59625 - "GET /api/kpis HTTP/1.1" 500 Internal Server Error
          ^^^^^^^^^^^^^^
  File 
"C:\Users\ismai\Documents\GitHub\New-Data-Fraud-detection\backend\.venv\Lib\site-packages\sqlalchemy\pool\impl.py", 
line 179, in _do_get
    with util.safe_reraise():
  File "C:\Users\ismai\Documents\GitHub\New-Data-Fraud-detection\backend\.venv\Lib\site-packages\sqlalchemy\util\langhe
lpers.py", line 146, in __exit__
    raise exc_value.with_traceback(exc_tb)
  File 
"C:\Users\ismai\Documents\GitHub\New-Data-Fraud-detection\backend\.venv\Lib\site-packages\sqlalchemy\pool\impl.py", 
line 177, in _do_get
    return self._create_connection()
           ^^^^^^^^^^^^^^^^^^^^^^^^^
  File 
"C:\Users\ismai\Documents\GitHub\New-Data-Fraud-detection\backend\.venv\Lib\site-packages\sqlalchemy\pool\base.py", 
line 390, in _create_connection
    return _ConnectionRecord(self)
           ^^^^^^^^^^^^^^^^^^^^^^^
  File 
"C:\Users\ismai\Documents\GitHub\New-Data-Fraud-detection\backend\.venv\Lib\site-packages\sqlalchemy\pool\base.py", 
line 674, in __init__
    self.__connect()
  File 
"C:\Users\ismai\Documents\GitHub\New-Data-Fraud-detection\backend\.venv\Lib\site-packages\sqlalchemy\pool\base.py", 
line 900, in __connect
    with util.safe_reraise():
  File "C:\Users\ismai\Documents\GitHub\New-Data-Fraud-detection\backend\.venv\Lib\site-packages\sqlalchemy\util\langhe
lpers.py", line 146, in __exit__
    raise exc_value.with_traceback(exc_tb)
  File 
"C:\Users\ismai\Documents\GitHub\New-Data-Fraud-detection\backend\.venv\Lib\site-packages\sqlalchemy\pool\base.py", 
line 896, in __connect
    self.dbapi_connection = connection = pool._invoke_creator(self)
                                         ^^^^^^^^^^^^^^^^^^^^^^^^^^
  File "C:\Users\ismai\Documents\GitHub\New-Data-Fraud-detection\backend\.venv\Lib\site-packages\sqlalchemy\engine\crea
te.py", line 643, in connect
    return dialect.connect(*cargs, **cparams)
           ^^^^^^^^^^^^^^^^^^^^^^^^^^^^^^^^^^
  File "C:\Users\ismai\Documents\GitHub\New-Data-Fraud-detection\backend\.venv\Lib\site-packages\sqlalchemy\engine\defa
ult.py", line 621, in connect
    return self.loaded_dbapi.connect(*cargs, **cparams)
           ^^^^^^^^^^^^^^^^^^^^^^^^^^^^^^^^^^^^^^^^^^^^
  File 
"C:\Users\ismai\Documents\GitHub\New-Data-Fraud-detection\backend\.venv\Lib\site-packages\psycopg2\__init__.py", line 
122, in connect
    conn = _connect(dsn, connection_factory=connection_factory, **kwasync)
           ^^^^^^^^^^^^^^^^^^^^^^^^^^^^^^^^^^^^^^^^^^^^^^^^^^^^^^^^^^^^^^^
sqlalchemy.exc.OperationalError: (psycopg2.OperationalError) connection to server at "localhost" (::1), port 5432 
failed: Connection refused (0x0000274D/10061)
	Is the server running on that host and accepting TCP/IP connections?
connection to server at "localhost" (127.0.0.1), port 5432 failed: Connection refused (0x0000274D/10061)
	Is the server running on that host and accepting TCP/IP connections?

(Background on this error at: https://sqlalche.me/e/20/e3q8)
ERROR:    Exception in ASGI application
Traceback (most recent call last):
  File 
"C:\Users\ismai\Documents\GitHub\New-Data-Fraud-detection\backend\.venv\Lib\site-packages\sqlalchemy\engine\base.py", 
line 146, in __init__
    self._dbapi_connection = engine.raw_connection()
                             ^^^^^^^^^^^^^^^^^^^^^^^
  File 
"C:\Users\ismai\Documents\GitHub\New-Data-Fraud-detection\backend\.venv\Lib\site-packages\sqlalchemy\engine\base.py", 
line 3302, in raw_connection
    return self.pool.connect()
           ^^^^^^^^^^^^^^^^^^^
  File 
"C:\Users\ismai\Documents\GitHub\New-Data-Fraud-detection\backend\.venv\Lib\site-packages\sqlalchemy\pool\base.py", 
line 449, in connect
    return _ConnectionFairy._checkout(self)
           ^^^^^^^^^^^^^^^^^^^^^^^^^^^^^^^^
  File 
"C:\Users\ismai\Documents\GitHub\New-Data-Fraud-detection\backend\.venv\Lib\site-packages\sqlalchemy\pool\base.py", 
line 1263, in _checkout
    fairy = _ConnectionRecord.checkout(pool)
            ^^^^^^^^^^^^^^^^^^^^^^^^^^^^^^^^
  File 
"C:\Users\ismai\Documents\GitHub\New-Data-Fraud-detection\backend\.venv\Lib\site-packages\sqlalchemy\pool\base.py", 
line 712, in checkout
    rec = pool._do_get()
          ^^^^^^^^^^^^^^
  File 
"C:\Users\ismai\Documents\GitHub\New-Data-Fraud-detection\backend\.venv\Lib\site-packages\sqlalchemy\pool\impl.py", 
line 179, in _do_get
    with util.safe_reraise():
  File "C:\Users\ismai\Documents\GitHub\New-Data-Fraud-detection\backend\.venv\Lib\site-packages\sqlalchemy\util\langhe
lpers.py", line 146, in __exit__
    raise exc_value.with_traceback(exc_tb)
  File 
"C:\Users\ismai\Documents\GitHub\New-Data-Fraud-detection\backend\.venv\Lib\site-packages\sqlalchemy\pool\impl.py", 
line 177, in _do_get
    return self._create_connection()
           ^^^^^^^^^^^^^^^^^^^^^^^^^
  File 
"C:\Users\ismai\Documents\GitHub\New-Data-Fraud-detection\backend\.venv\Lib\site-packages\sqlalchemy\pool\base.py", 
line 390, in _create_connection
    return _ConnectionRecord(self)
           ^^^^^^^^^^^^^^^^^^^^^^^
  File 
"C:\Users\ismai\Documents\GitHub\New-Data-Fraud-detection\backend\.venv\Lib\site-packages\sqlalchemy\pool\base.py", 
line 674, in __init__
    self.__connect()
  File 
"C:\Users\ismai\Documents\GitHub\New-Data-Fraud-detection\backend\.venv\Lib\site-packages\sqlalchemy\pool\base.py", 
line 900, in __connect
    with util.safe_reraise():
  File "C:\Users\ismai\Documents\GitHub\New-Data-Fraud-detection\backend\.venv\Lib\site-packages\sqlalchemy\util\langhe
lpers.py", line 146, in __exit__
    raise exc_value.with_traceback(exc_tb)
  File 
"C:\Users\ismai\Documents\GitHub\New-Data-Fraud-detection\backend\.venv\Lib\site-packages\sqlalchemy\pool\base.py", 
line 896, in __connect
    self.dbapi_connection = connection = pool._invoke_creator(self)
                                         ^^^^^^^^^^^^^^^^^^^^^^^^^^
  File "C:\Users\ismai\Documents\GitHub\New-Data-Fraud-detection\backend\.venv\Lib\site-packages\sqlalchemy\engine\crea
te.py", line 643, in connect
    return dialect.connect(*cargs, **cparams)
           ^^^^^^^^^^^^^^^^^^^^^^^^^^^^^^^^^^
  File "C:\Users\ismai\Documents\GitHub\New-Data-Fraud-detection\backend\.venv\Lib\site-packages\sqlalchemy\engine\defa
ult.py", line 621, in connect
    return self.loaded_dbapi.connect(*cargs, **cparams)
           ^^^^^^^^^^^^^^^^^^^^^^^^^^^^^^^^^^^^^^^^^^^^
  File 
"C:\Users\ismai\Documents\GitHub\New-Data-Fraud-detection\backend\.venv\Lib\site-packages\psycopg2\__init__.py", line 
122, in connect
    conn = _connect(dsn, connection_factory=connection_factory, **kwasync)
           ^^^^^^^^^^^^^^^^^^^^^^^^^^^^^^^^^^^^^^^^^^^^^^^^^^^^^^^^^^^^^^^
psycopg2.OperationalError: connection to server at "localhost" (::1), port 5432 failed: Connection refused 
(0x0000274D/10061)
	Is the server running on that host and accepting TCP/IP connections?
connection to server at "localhost" (127.0.0.1), port 5432 failed: Connection refused (0x0000274D/10061)
	Is the server running on that host and accepting TCP/IP connections?


The above exception was the direct cause of the following exception:

Traceback (most recent call last):
  File "C:\Users\ismai\Documents\GitHub\New-Data-Fraud-detection\backend\.venv\Lib\site-packages\uvicorn\protocols\http
\httptools_impl.py", line 409, in run_asgi
    result = await app(  # type: ignore[func-returns-value]
             ^^^^^^^^^^^^^^^^^^^^^^^^^^^^^^^^^^^^^^^^^^^^^^
  File "C:\Users\ismai\Documents\GitHub\New-Data-Fraud-detection\backend\.venv\Lib\site-packages\uvicorn\middleware\pro
xy_headers.py", line 60, in __call__
    return await self.app(scope, receive, send)
           ^^^^^^^^^^^^^^^^^^^^^^^^^^^^^^^^^^^^
  File 
"C:\Users\ismai\Documents\GitHub\New-Data-Fraud-detection\backend\.venv\Lib\site-packages\fastapi\applications.py", 
line 1054, in __call__
    await super().__call__(scope, receive, send)
  File 
"C:\Users\ismai\Documents\GitHub\New-Data-Fraud-detection\backend\.venv\Lib\site-packages\starlette\applications.py", 
line 113, in __call__
    await self.middleware_stack(scope, receive, send)
  File "C:\Users\ismai\Documents\GitHub\New-Data-Fraud-detection\backend\.venv\Lib\site-packages\starlette\middleware\e
rrors.py", line 187, in __call__
    raise exc
  File "C:\Users\ismai\Documents\GitHub\New-Data-Fraud-detection\backend\.venv\Lib\site-packages\starlette\middleware\e
rrors.py", line 165, in __call__
    await self.app(scope, receive, _send)
  File "C:\Users\ismai\Documents\GitHub\New-Data-Fraud-detection\backend\.venv\Lib\site-packages\starlette\middleware\c
ors.py", line 85, in __call__
    await self.app(scope, receive, send)
  File "C:\Users\ismai\Documents\GitHub\New-Data-Fraud-detection\backend\.venv\Lib\site-packages\starlette\middleware\e
xceptions.py", line 62, in __call__
    await wrap_app_handling_exceptions(self.app, conn)(scope, receive, send)
  File "C:\Users\ismai\Documents\GitHub\New-Data-Fraud-detection\backend\.venv\Lib\site-packages\starlette\_exception_h
andler.py", line 53, in wrapped_app
    raise exc
  File "C:\Users\ismai\Documents\GitHub\New-Data-Fraud-detection\backend\.venv\Lib\site-packages\starlette\_exception_h
andler.py", line 42, in wrapped_app
    await app(scope, receive, sender)
  File 
"C:\Users\ismai\Documents\GitHub\New-Data-Fraud-detection\backend\.venv\Lib\site-packages\starlette\routing.py", line 
715, in __call__
    await self.middleware_stack(scope, receive, send)
  File 
"C:\Users\ismai\Documents\GitHub\New-Data-Fraud-detection\backend\.venv\Lib\site-packages\starlette\routing.py", line 
735, in app
    await route.handle(scope, receive, send)
  File 
"C:\Users\ismai\Documents\GitHub\New-Data-Fraud-detection\backend\.venv\Lib\site-packages\starlette\routing.py", line 
288, in handle
    await self.app(scope, receive, send)
  File 
"C:\Users\ismai\Documents\GitHub\New-Data-Fraud-detection\backend\.venv\Lib\site-packages\starlette\routing.py", line 
76, in app
    await wrap_app_handling_exceptions(app, request)(scope, receive, send)
  File "C:\Users\ismai\Documents\GitHub\New-Data-Fraud-detection\backend\.venv\Lib\site-packages\starlette\_exception_h
andler.py", line 53, in wrapped_app
    raise exc
  File "C:\Users\ismai\Documents\GitHub\New-Data-Fraud-detection\backend\.venv\Lib\site-packages\starlette\_exception_h
andler.py", line 42, in wrapped_app
    await app(scope, receive, sender)
  File 
"C:\Users\ismai\Documents\GitHub\New-Data-Fraud-detection\backend\.venv\Lib\site-packages\starlette\routing.py", line 
73, in app
    response = await f(request)
               ^^^^^^^^^^^^^^^^
  File "C:\Users\ismai\Documents\GitHub\New-Data-Fraud-detection\backend\.venv\Lib\site-packages\fastapi\routing.py", 
line 301, in app
    raw_response = await run_endpoint_function(
                   ^^^^^^^^^^^^^^^^^^^^^^^^^^^^
  File "C:\Users\ismai\Documents\GitHub\New-Data-Fraud-detection\backend\.venv\Lib\site-packages\fastapi\routing.py", 
line 214, in run_endpoint_function
    return await run_in_threadpool(dependant.call, **values)
           ^^^^^^^^^^^^^^^^^^^^^^^^^^^^^^^^^^^^^^^^^^^^^^^^^
  File 
"C:\Users\ismai\Documents\GitHub\New-Data-Fraud-detection\backend\.venv\Lib\site-packages\starlette\concurrency.py", 
line 39, in run_in_threadpool
    return await anyio.to_thread.run_sync(func, *args)
           ^^^^^^^^^^^^^^^^^^^^^^^^^^^^^^^^^^^^^^^^^^^
  File "C:\Users\ismai\Documents\GitHub\New-Data-Fraud-detection\backend\.venv\Lib\site-packages\anyio\to_thread.py", 
line 65, in run_sync
    return await get_async_backend().run_sync_in_worker_thread(
           ^^^^^^^^^^^^^^^^^^^^^^^^^^^^^^^^^^^^^^^^^^^^^^^^^^^^
  File "C:\Users\ismai\Documents\GitHub\New-Data-Fraud-detection\backend\.venv\Lib\site-packages\anyio\_backends\_async
io.py", line 2706, in run_sync_in_worker_thread
    return await future
           ^^^^^^^^^^^^
  File "C:\Users\ismai\Documents\GitHub\New-Data-Fraud-detection\backend\.venv\Lib\site-packages\anyio\_backends\_async
io.py", line 1100, in run
    result = context.run(func, *args)
             ^^^^^^^^^^^^^^^^^^^^^^^^
  File "C:\Users\ismai\Documents\GitHub\New-Data-Fraud-detection\backend\app\routers\dashboard.py", line 59, in 
get_kpis
    row = session.execute(sql, params).mappings().one()
          ^^^^^^^^^^^^^^^^^^^^^^^^^^^^
  File 
"C:\Users\ismai\Documents\GitHub\New-Data-Fraud-detection\backend\.venv\Lib\site-packages\sqlalchemy\orm\session.py", 
line 2362, in execute
    return self._execute_internal(
           ^^^^^^^^^^^^^^^^^^^^^^^
  File 
"C:\Users\ismai\Documents\GitHub\New-Data-Fraud-detection\backend\.venv\Lib\site-packages\sqlalchemy\orm\session.py", 
line 2237, in _execute_internal
    conn = self._connection_for_bind(bind)
           ^^^^^^^^^^^^^^^^^^^^^^^^^^^^^^^
  File 
"C:\Users\ismai\Documents\GitHub\New-Data-Fraud-detection\backend\.venv\Lib\site-packages\sqlalchemy\orm\session.py", 
line 2106, in _connection_for_bind
    return trans._connection_for_bind(engine, execution_options)
           ^^^^^^^^^^^^^^^^^^^^^^^^^^^^^^^^^^^^^^^^^^^^^^^^^^^^^
  File "<string>", line 2, in _connection_for_bind
  File "C:\Users\ismai\Documents\GitHub\New-Data-Fraud-detection\backend\.venv\Lib\site-packages\sqlalchemy\orm\state_c
hanges.py", line 139, in _go
    ret_value = fn(self, *arg, **kw)
                ^^^^^^^^^^^^^^^^^^^^
  File 
"C:\Users\ismai\Documents\GitHub\New-Data-Fraud-detection\backend\.venv\Lib\site-packages\sqlalchemy\orm\session.py", 
line 1189, in _connection_for_bind
    conn = bind.connect()
           ^^^^^^^^^^^^^^
  File 
"C:\Users\ismai\Documents\GitHub\New-Data-Fraud-detection\backend\.venv\Lib\site-packages\sqlalchemy\engine\base.py", 
line 3278, in connect
    return self._connection_cls(self)
           ^^^^^^^^^^^^^^^^^^^^^^^^^^
  File 
"C:\Users\ismai\Documents\GitHub\New-Data-Fraud-detection\backend\.venv\Lib\site-packages\sqlalchemy\engine\base.py", 
line 148, in __init__
    Connection._handle_dbapi_exception_noconnection(
  File 
"C:\Users\ismai\Documents\GitHub\New-Data-Fraud-detection\backend\.venv\Lib\site-packages\sqlalchemy\engine\base.py", 
line 2442, in _handle_dbapi_exception_noconnection
    raise sqlalchemy_exception.with_traceback(exc_info[2]) from e
  File 
"C:\Users\ismai\Documents\GitHub\New-Data-Fraud-detection\backend\.venv\Lib\site-packages\sqlalchemy\engine\base.py", 
line 146, in __init__
    self._dbapi_connection = engine.raw_connection()
                             ^^^^^^^^^^^^^^^^^^^^^^^
  File 
"C:\Users\ismai\Documents\GitHub\New-Data-Fraud-detection\backend\.venv\Lib\site-packages\sqlalchemy\engine\base.py", 
line 3302, in raw_connection
    return self.pool.connect()
           ^^^^^^^^^^^^^^^^^^^
  File 
"C:\Users\ismai\Documents\GitHub\New-Data-Fraud-detection\backend\.venv\Lib\site-packages\sqlalchemy\pool\base.py", 
line 449, in connect
    return _ConnectionFairy._checkout(self)
           ^^^^^^^^^^^^^^^^^^^^^^^^^^^^^^^^
  File 
"C:\Users\ismai\Documents\GitHub\New-Data-Fraud-detection\backend\.venv\Lib\site-packages\sqlalchemy\pool\base.py", 
line 1263, in _checkout
    fairy = _ConnectionRecord.checkout(pool)
            ^^^^^^^^^^^^^^^^^^^^^^^^^^^^^^^^
  File 
"C:\Users\ismai\Documents\GitHub\New-Data-Fraud-detection\backend\.venv\Lib\site-packages\sqlalchemy\pool\base.py", 
line 712, in checkout
    rec = pool._do_get()
          ^^^^^^^^^^^^^^
  File 
"C:\Users\ismai\Documents\GitHub\New-Data-Fraud-detection\backend\.venv\Lib\site-packages\sqlalchemy\pool\impl.py", 
line 179, in _do_get
    with util.safe_reraise():
  File "C:\Users\ismai\Documents\GitHub\New-Data-Fraud-detection\backend\.venv\Lib\site-packages\sqlalchemy\util\langhe
lpers.py", line 146, in __exit__
    raise exc_value.with_traceback(exc_tb)
  File 
"C:\Users\ismai\Documents\GitHub\New-Data-Fraud-detection\backend\.venv\Lib\site-packages\sqlalchemy\pool\impl.py", 
line 177, in _do_get
    return self._create_connection()
           ^^^^^^^^^^^^^^^^^^^^^^^^^
  File 
"C:\Users\ismai\Documents\GitHub\New-Data-Fraud-detection\backend\.venv\Lib\site-packages\sqlalchemy\pool\base.py", 
line 390, in _create_connection
    return _ConnectionRecord(self)
           ^^^^^^^^^^^^^^^^^^^^^^^
  File 
"C:\Users\ismai\Documents\GitHub\New-Data-Fraud-detection\backend\.venv\Lib\site-packages\sqlalchemy\pool\base.py", 
line 674, in __init__
    self.__connect()
  File 
"C:\Users\ismai\Documents\GitHub\New-Data-Fraud-detection\backend\.venv\Lib\site-packages\sqlalchemy\pool\base.py", 
line 900, in __connect
    with util.safe_reraise():
  File "C:\Users\ismai\Documents\GitHub\New-Data-Fraud-detection\backend\.venv\Lib\site-packages\sqlalchemy\util\langhe
lpers.py", line 146, in __exit__
    raise exc_value.with_traceback(exc_tb)
  File 
"C:\Users\ismai\Documents\GitHub\New-Data-Fraud-detection\backend\.venv\Lib\site-packages\sqlalchemy\pool\base.py", 
line 896, in __connect
    self.dbapi_connection = connection = pool._invoke_creator(self)
                                         ^^^^^^^^^^^^^^^^^^^^^^^^^^
  File "C:\Users\ismai\Documents\GitHub\New-Data-Fraud-detection\backend\.venv\Lib\site-packages\sqlalchemy\engine\crea
te.py", line 643, in connect
    return dialect.connect(*cargs, **cparams)
           ^^^^^^^^^^^^^^^^^^^^^^^^^^^^^^^^^^
  File "C:\Users\ismai\Documents\GitHub\New-Data-Fraud-detection\backend\.venv\Lib\site-packages\sqlalchemy\engine\defa
ult.py", line 621, in connect
    return self.loaded_dbapi.connect(*cargs, **cparams)
           ^^^^^^^^^^^^^^^^^^^^^^^^^^^^^^^^^^^^^^^^^^^^
  File 
"C:\Users\ismai\Documents\GitHub\New-Data-Fraud-detection\backend\.venv\Lib\site-packages\psycopg2\__init__.py", line 
122, in connect
    conn = _connect(dsn, connection_factory=connection_factory, **kwasync)
           ^^^^^^^^^^^^^^^^^^^^^^^^^^^^^^^^^^^^^^^^^^^^^^^^^^^^^^^^^^^^^^^
sqlalchemy.exc.OperationalError: (psycopg2.OperationalError) connection to server at "localhost" (::1), port 5432 
failed: Connection refused (0x0000274D/10061)
	Is the server running on that host and accepting TCP/IP connections?
connection to server at "localhost" (127.0.0.1), port 5432 failed: Connection refused (0x0000274D/10061)
	Is the server running on that host and accepting TCP/IP connections?

(Background on this error at: https://sqlalche.me/e/20/e3q8)
ERROR:    Exception in ASGI application
Traceback (most recent call last):
  File 
"C:\Users\ismai\Documents\GitHub\New-Data-Fraud-detection\backend\.venv\Lib\site-packages\sqlalchemy\engine\base.py", 
line 146, in __init__
    self._dbapi_connection = engine.raw_connection()
                             ^^^^^^^^^^^^^^^^^^^^^^^
  File 
"C:\Users\ismai\Documents\GitHub\New-Data-Fraud-detection\backend\.venv\Lib\site-packages\sqlalchemy\engine\base.py", 
line 3302, in raw_connection
    return self.pool.connect()
           ^^^^^^^^^^^^^^^^^^^
  File 
"C:\Users\ismai\Documents\GitHub\New-Data-Fraud-detection\backend\.venv\Lib\site-packages\sqlalchemy\pool\base.py", 
line 449, in connect
    return _ConnectionFairy._checkout(self)
           ^^^^^^^^^^^^^^^^^^^^^^^^^^^^^^^^
  File 
"C:\Users\ismai\Documents\GitHub\New-Data-Fraud-detection\backend\.venv\Lib\site-packages\sqlalchemy\pool\base.py", 
line 1263, in _checkout
    fairy = _ConnectionRecord.checkout(pool)
            ^^^^^^^^^^^^^^^^^^^^^^^^^^^^^^^^
  File 
"C:\Users\ismai\Documents\GitHub\New-Data-Fraud-detection\backend\.venv\Lib\site-packages\sqlalchemy\pool\base.py", 
line 712, in checkout
    rec = pool._do_get()
          ^^^^^^^^^^^^^^
  File 
"C:\Users\ismai\Documents\GitHub\New-Data-Fraud-detection\backend\.venv\Lib\site-packages\sqlalchemy\pool\impl.py", 
line 179, in _do_get
    with util.safe_reraise():
  File "C:\Users\ismai\Documents\GitHub\New-Data-Fraud-detection\backend\.venv\Lib\site-packages\sqlalchemy\util\langhe
lpers.py", line 146, in __exit__
    raise exc_value.with_traceback(exc_tb)
  File 
"C:\Users\ismai\Documents\GitHub\New-Data-Fraud-detection\backend\.venv\Lib\site-packages\sqlalchemy\pool\impl.py", 
line 177, in _do_get
    return self._create_connection()
           ^^^^^^^^^^^^^^^^^^^^^^^^^
  File 
"C:\Users\ismai\Documents\GitHub\New-Data-Fraud-detection\backend\.venv\Lib\site-packages\sqlalchemy\pool\base.py", 
line 390, in _create_connection
    return _ConnectionRecord(self)
           ^^^^^^^^^^^^^^^^^^^^^^^
  File 
"C:\Users\ismai\Documents\GitHub\New-Data-Fraud-detection\backend\.venv\Lib\site-packages\sqlalchemy\pool\base.py", 
line 674, in __init__
    self.__connect()
  File 
"C:\Users\ismai\Documents\GitHub\New-Data-Fraud-detection\backend\.venv\Lib\site-packages\sqlalchemy\pool\base.py", 
line 900, in __connect
    with util.safe_reraise():
  File "C:\Users\ismai\Documents\GitHub\New-Data-Fraud-detection\backend\.venv\Lib\site-packages\sqlalchemy\util\langhe
lpers.py", line 146, in __exit__
    raise exc_value.with_traceback(exc_tb)
  File 
"C:\Users\ismai\Documents\GitHub\New-Data-Fraud-detection\backend\.venv\Lib\site-packages\sqlalchemy\pool\base.py", 
line 896, in __connect
    self.dbapi_connection = connection = pool._invoke_creator(self)
                                         ^^^^^^^^^^^^^^^^^^^^^^^^^^
  File "C:\Users\ismai\Documents\GitHub\New-Data-Fraud-detection\backend\.venv\Lib\site-packages\sqlalchemy\engine\crea
te.py", line 643, in connect
    return dialect.connect(*cargs, **cparams)
           ^^^^^^^^^^^^^^^^^^^^^^^^^^^^^^^^^^
  File "C:\Users\ismai\Documents\GitHub\New-Data-Fraud-detection\backend\.venv\Lib\site-packages\sqlalchemy\engine\defa
ult.py", line 621, in connect
    return self.loaded_dbapi.connect(*cargs, **cparams)
           ^^^^^^^^^^^^^^^^^^^^^^^^^^^^^^^^^^^^^^^^^^^^
  File 
"C:\Users\ismai\Documents\GitHub\New-Data-Fraud-detection\backend\.venv\Lib\site-packages\psycopg2\__init__.py", line 
122, in connect
    conn = _connect(dsn, connection_factory=connection_factory, **kwasync)
           ^^^^^^^^^^^^^^^^^^^^^^^^^^^^^^^^^^^^^^^^^^^^^^^^^^^^^^^^^^^^^^^
psycopg2.OperationalError: connection to server at "localhost" (::1), port 5432 failed: Connection refused 
(0x0000274D/10061)
	Is the server running on that host and accepting TCP/IP connections?
connection to server at "localhost" (127.0.0.1), port 5432 failed: Connection refused (0x0000274D/10061)
	Is the server running on that host and accepting TCP/IP connections?


The above exception was the direct cause of the following exception:

Traceback (most recent call last):
  File "C:\Users\ismai\Documents\GitHub\New-Data-Fraud-detection\backend\.venv\Lib\site-packages\uvicorn\protocols\http
\httptools_impl.py", line 409, in run_asgi
    result = await app(  # type: ignore[func-returns-value]
             ^^^^^^^^^^^^^^^^^^^^^^^^^^^^^^^^^^^^^^^^^^^^^^
  File "C:\Users\ismai\Documents\GitHub\New-Data-Fraud-detection\backend\.venv\Lib\site-packages\uvicorn\middleware\pro
xy_headers.py", line 60, in __call__
    return await self.app(scope, receive, send)
           ^^^^^^^^^^^^^^^^^^^^^^^^^^^^^^^^^^^^
  File 
"C:\Users\ismai\Documents\GitHub\New-Data-Fraud-detection\backend\.venv\Lib\site-packages\fastapi\applications.py", 
line 1054, in __call__
    await super().__call__(scope, receive, send)
  File 
"C:\Users\ismai\Documents\GitHub\New-Data-Fraud-detection\backend\.venv\Lib\site-packages\starlette\applications.py", 
line 113, in __call__
    await self.middleware_stack(scope, receive, send)
  File "C:\Users\ismai\Documents\GitHub\New-Data-Fraud-detection\backend\.venv\Lib\site-packages\starlette\middleware\e
rrors.py", line 187, in __call__
    raise exc
  File "C:\Users\ismai\Documents\GitHub\New-Data-Fraud-detection\backend\.venv\Lib\site-packages\starlette\middleware\e
rrors.py", line 165, in __call__
    await self.app(scope, receive, _send)
  File "C:\Users\ismai\Documents\GitHub\New-Data-Fraud-detection\backend\.venv\Lib\site-packages\starlette\middleware\c
ors.py", line 85, in __call__
    await self.app(scope, receive, send)
  File "C:\Users\ismai\Documents\GitHub\New-Data-Fraud-detection\backend\.venv\Lib\site-packages\starlette\middleware\e
xceptions.py", line 62, in __call__
    await wrap_app_handling_exceptions(self.app, conn)(scope, receive, send)
  File "C:\Users\ismai\Documents\GitHub\New-Data-Fraud-detection\backend\.venv\Lib\site-packages\starlette\_exception_h
andler.py", line 53, in wrapped_app
    raise exc
  File "C:\Users\ismai\Documents\GitHub\New-Data-Fraud-detection\backend\.venv\Lib\site-packages\starlette\_exception_h
andler.py", line 42, in wrapped_app
    await app(scope, receive, sender)
  File 
"C:\Users\ismai\Documents\GitHub\New-Data-Fraud-detection\backend\.venv\Lib\site-packages\starlette\routing.py", line 
715, in __call__
    await self.middleware_stack(scope, receive, send)
  File 
"C:\Users\ismai\Documents\GitHub\New-Data-Fraud-detection\backend\.venv\Lib\site-packages\starlette\routing.py", line 
735, in app
    await route.handle(scope, receive, send)
  File 
"C:\Users\ismai\Documents\GitHub\New-Data-Fraud-detection\backend\.venv\Lib\site-packages\starlette\routing.py", line 
288, in handle
    await self.app(scope, receive, send)
  File 
"C:\Users\ismai\Documents\GitHub\New-Data-Fraud-detection\backend\.venv\Lib\site-packages\starlette\routing.py", line 
76, in app
    await wrap_app_handling_exceptions(app, request)(scope, receive, send)
  File "C:\Users\ismai\Documents\GitHub\New-Data-Fraud-detection\backend\.venv\Lib\site-packages\starlette\_exception_h
andler.py", line 53, in wrapped_app
    raise exc
  File "C:\Users\ismai\Documents\GitHub\New-Data-Fraud-detection\backend\.venv\Lib\site-packages\starlette\_exception_h
andler.py", line 42, in wrapped_app
    await app(scope, receive, sender)
  File 
"C:\Users\ismai\Documents\GitHub\New-Data-Fraud-detection\backend\.venv\Lib\site-packages\starlette\routing.py", line 
73, in app
    response = await f(request)
               ^^^^^^^^^^^^^^^^
  File "C:\Users\ismai\Documents\GitHub\New-Data-Fraud-detection\backend\.venv\Lib\site-packages\fastapi\routing.py", 
line 301, in app
    raw_response = await run_endpoint_function(
                   ^^^^^^^^^^^^^^^^^^^^^^^^^^^^
  File "C:\Users\ismai\Documents\GitHub\New-Data-Fraud-detection\backend\.venv\Lib\site-packages\fastapi\routing.py", 
line 214, in run_endpoint_function
    return await run_in_threadpool(dependant.call, **values)
           ^^^^^^^^^^^^^^^^^^^^^^^^^^^^^^^^^^^^^^^^^^^^^^^^^
  File 
"C:\Users\ismai\Documents\GitHub\New-Data-Fraud-detection\backend\.venv\Lib\site-packages\starlette\concurrency.py", 
line 39, in run_in_threadpool
    return await anyio.to_thread.run_sync(func, *args)
           ^^^^^^^^^^^^^^^^^^^^^^^^^^^^^^^^^^^^^^^^^^^
  File "C:\Users\ismai\Documents\GitHub\New-Data-Fraud-detection\backend\.venv\Lib\site-packages\anyio\to_thread.py", 
line 65, in run_sync
    return await get_async_backend().run_sync_in_worker_thread(
           ^^^^^^^^^^^^^^^^^^^^^^^^^^^^^^^^^^^^^^^^^^^^^^^^^^^^
  File "C:\Users\ismai\Documents\GitHub\New-Data-Fraud-detection\backend\.venv\Lib\site-packages\anyio\_backends\_async
io.py", line 2706, in run_sync_in_worker_thread
    return await future
           ^^^^^^^^^^^^
  File "C:\Users\ismai\Documents\GitHub\New-Data-Fraud-detection\backend\.venv\Lib\site-packages\anyio\_backends\_async
io.py", line 1100, in run
    result = context.run(func, *args)
             ^^^^^^^^^^^^^^^^^^^^^^^^
  File "C:\Users\ismai\Documents\GitHub\New-Data-Fraud-detection\backend\app\routers\dashboard.py", line 194, in 
get_risk_distribution
    rows = session.execute(sql).mappings().all()
           ^^^^^^^^^^^^^^^^^^^^
  File 
"C:\Users\ismai\Documents\GitHub\New-Data-Fraud-detection\backend\.venv\Lib\site-packages\sqlalchemy\orm\session.py", 
line 2362, in execute
    return self._execute_internal(
           ^^^^^^^^^^^^^^^^^^^^^^^
  File 
"C:\Users\ismai\Documents\GitHub\New-Data-Fraud-detection\backend\.venv\Lib\site-packages\sqlalchemy\orm\session.py", 
line 2237, in _execute_internal
    conn = self._connection_for_bind(bind)
           ^^^^^^^^^^^^^^^^^^^^^^^^^^^^^^^
  File 
"C:\Users\ismai\Documents\GitHub\New-Data-Fraud-detection\backend\.venv\Lib\site-packages\sqlalchemy\orm\session.py", 
line 2106, in _connection_for_bind
    return trans._connection_for_bind(engine, execution_options)
           ^^^^^^^^^^^^^^^^^^^^^^^^^^^^^^^^^^^^^^^^^^^^^^^^^^^^^
  File "<string>", line 2, in _connection_for_bind
  File "C:\Users\ismai\Documents\GitHub\New-Data-Fraud-detection\backend\.venv\Lib\site-packages\sqlalchemy\orm\state_c
hanges.py", line 139, in _go
    ret_value = fn(self, *arg, **kw)
                ^^^^^^^^^^^^^^^^^^^^
  File 
"C:\Users\ismai\Documents\GitHub\New-Data-Fraud-detection\backend\.venv\Lib\site-packages\sqlalchemy\orm\session.py", 
line 1189, in _connection_for_bind
    conn = bind.connect()
           ^^^^^^^^^^^^^^
  File 
"C:\Users\ismai\Documents\GitHub\New-Data-Fraud-detection\backend\.venv\Lib\site-packages\sqlalchemy\engine\base.py", 
line 3278, in connect
    return self._connection_cls(self)
           ^^^^^^^^^^^^^^^^^^^^^^^^^^
  File 
"C:\Users\ismai\Documents\GitHub\New-Data-Fraud-detection\backend\.venv\Lib\site-packages\sqlalchemy\engine\base.py", 
line 148, in __init__
    Connection._handle_dbapi_exception_noconnection(
  File 
"C:\Users\ismai\Documents\GitHub\New-Data-Fraud-detection\backend\.venv\Lib\site-packages\sqlalchemy\engine\base.py", 
line 2442, in _handle_dbapi_exception_noconnection
    raise sqlalchemy_exception.with_traceback(exc_info[2]) from e
  File 
"C:\Users\ismai\Documents\GitHub\New-Data-Fraud-detection\backend\.venv\Lib\site-packages\sqlalchemy\engine\base.py", 
line 146, in __init__
    self._dbapi_connection = engine.raw_connection()
                             ^^^^^^^^^^^^^^^^^^^^^^^
  File 
"C:\Users\ismai\Documents\GitHub\New-Data-Fraud-detection\backend\.venv\Lib\site-packages\sqlalchemy\engine\base.py", 
line 3302, in raw_connection
    return self.pool.connect()
           ^^^^^^^^^^^^^^^^^^^
  File 
"C:\Users\ismai\Documents\GitHub\New-Data-Fraud-detection\backend\.venv\Lib\site-packages\sqlalchemy\pool\base.py", 
line 449, in connect
    return _ConnectionFairy._checkout(self)
           ^^^^^^^^^^^^^^^^^^^^^^^^^^^^^^^^
  File 
"C:\Users\ismai\Documents\GitHub\New-Data-Fraud-detection\backend\.venv\Lib\site-packages\sqlalchemy\pool\base.py", 
line 1263, in _checkout
    fairy = _ConnectionRecord.checkout(pool)
            ^^^^^^^^^^^^^^^^^^^^^^^^^^^^^^^^
  File 
"C:\Users\ismai\Documents\GitHub\New-Data-Fraud-detection\backend\.venv\Lib\site-packages\sqlalchemy\pool\base.py", 
line 712, in checkout
    rec = pool._do_get()
          ^^^^^^^^^^^^^^
  File 
"C:\Users\ismai\Documents\GitHub\New-Data-Fraud-detection\backend\.venv\Lib\site-packages\sqlalchemy\pool\impl.py", 
line 179, in _do_get
    with util.safe_reraise():
  File "C:\Users\ismai\Documents\GitHub\New-Data-Fraud-detection\backend\.venv\Lib\site-packages\sqlalchemy\util\langhe
lpers.py", line 146, in __exit__
INFO:     127.0.0.1:54691 - "GET /api/analytics/risk-distribution HTTP/1.1" 500 Internal Server Error
INFO:     127.0.0.1:59626 - "GET /api/analytics/daily HTTP/1.1" 500 Internal Server Error
    raise exc_value.with_traceback(exc_tb)
  File 
"C:\Users\ismai\Documents\GitHub\New-Data-Fraud-detection\backend\.venv\Lib\site-packages\sqlalchemy\pool\impl.py", 
line 177, in _do_get
    return self._create_connection()
           ^^^^^^^^^^^^^^^^^^^^^^^^^
  File 
"C:\Users\ismai\Documents\GitHub\New-Data-Fraud-detection\backend\.venv\Lib\site-packages\sqlalchemy\pool\base.py", 
line 390, in _create_connection
    return _ConnectionRecord(self)
           ^^^^^^^^^^^^^^^^^^^^^^^
  File 
"C:\Users\ismai\Documents\GitHub\New-Data-Fraud-detection\backend\.venv\Lib\site-packages\sqlalchemy\pool\base.py", 
line 674, in __init__
    self.__connect()
  File 
"C:\Users\ismai\Documents\GitHub\New-Data-Fraud-detection\backend\.venv\Lib\site-packages\sqlalchemy\pool\base.py", 
line 900, in __connect
    with util.safe_reraise():
  File "C:\Users\ismai\Documents\GitHub\New-Data-Fraud-detection\backend\.venv\Lib\site-packages\sqlalchemy\util\langhe
lpers.py", line 146, in __exit__
    raise exc_value.with_traceback(exc_tb)
  File 
"C:\Users\ismai\Documents\GitHub\New-Data-Fraud-detection\backend\.venv\Lib\site-packages\sqlalchemy\pool\base.py", 
line 896, in __connect
    self.dbapi_connection = connection = pool._invoke_creator(self)
                                         ^^^^^^^^^^^^^^^^^^^^^^^^^^
  File "C:\Users\ismai\Documents\GitHub\New-Data-Fraud-detection\backend\.venv\Lib\site-packages\sqlalchemy\engine\crea
te.py", line 643, in connect
    return dialect.connect(*cargs, **cparams)
           ^^^^^^^^^^^^^^^^^^^^^^^^^^^^^^^^^^
  File "C:\Users\ismai\Documents\GitHub\New-Data-Fraud-detection\backend\.venv\Lib\site-packages\sqlalchemy\engine\defa
ult.py", line 621, in connect
    return self.loaded_dbapi.connect(*cargs, **cparams)
           ^^^^^^^^^^^^^^^^^^^^^^^^^^^^^^^^^^^^^^^^^^^^
  File 
"C:\Users\ismai\Documents\GitHub\New-Data-Fraud-detection\backend\.venv\Lib\site-packages\psycopg2\__init__.py", line 
122, in connect
    conn = _connect(dsn, connection_factory=connection_factory, **kwasync)
           ^^^^^^^^^^^^^^^^^^^^^^^^^^^^^^^^^^^^^^^^^^^^^^^^^^^^^^^^^^^^^^^
sqlalchemy.exc.OperationalError: (psycopg2.OperationalError) connection to server at "localhost" (::1), port 5432 
failed: Connection refused (0x0000274D/10061)
	Is the server running on that host and accepting TCP/IP connections?
connection to server at "localhost" (127.0.0.1), port 5432 failed: Connection refused (0x0000274D/10061)
	Is the server running on that host and accepting TCP/IP connections?

(Background on this error at: https://sqlalche.me/e/20/e3q8)
ERROR:    Exception in ASGI application
Traceback (most recent call last):
  File 
"C:\Users\ismai\Documents\GitHub\New-Data-Fraud-detection\backend\.venv\Lib\site-packages\sqlalchemy\engine\base.py", 
line 146, in __init__
    self._dbapi_connection = engine.raw_connection()
                             ^^^^^^^^^^^^^^^^^^^^^^^
  File 
"C:\Users\ismai\Documents\GitHub\New-Data-Fraud-detection\backend\.venv\Lib\site-packages\sqlalchemy\engine\base.py", 
line 3302, in raw_connection
    return self.pool.connect()
           ^^^^^^^^^^^^^^^^^^^
  File 
"C:\Users\ismai\Documents\GitHub\New-Data-Fraud-detection\backend\.venv\Lib\site-packages\sqlalchemy\pool\base.py", 
line 449, in connect
    return _ConnectionFairy._checkout(self)
           ^^^^^^^^^^^^^^^^^^^^^^^^^^^^^^^^
  File 
"C:\Users\ismai\Documents\GitHub\New-Data-Fraud-detection\backend\.venv\Lib\site-packages\sqlalchemy\pool\base.py", 
line 1263, in _checkout
    fairy = _ConnectionRecord.checkout(pool)
            ^^^^^^^^^^^^^^^^^^^^^^^^^^^^^^^^
  File 
"C:\Users\ismai\Documents\GitHub\New-Data-Fraud-detection\backend\.venv\Lib\site-packages\sqlalchemy\pool\base.py", 
line 712, in checkout
    rec = pool._do_get()
          ^^^^^^^^^^^^^^
  File 
"C:\Users\ismai\Documents\GitHub\New-Data-Fraud-detection\backend\.venv\Lib\site-packages\sqlalchemy\pool\impl.py", 
line 179, in _do_get
    with util.safe_reraise():
  File "C:\Users\ismai\Documents\GitHub\New-Data-Fraud-detection\backend\.venv\Lib\site-packages\sqlalchemy\util\langhe
lpers.py", line 146, in __exit__
    raise exc_value.with_traceback(exc_tb)
  File 
"C:\Users\ismai\Documents\GitHub\New-Data-Fraud-detection\backend\.venv\Lib\site-packages\sqlalchemy\pool\impl.py", 
line 177, in _do_get
    return self._create_connection()
           ^^^^^^^^^^^^^^^^^^^^^^^^^
  File 
"C:\Users\ismai\Documents\GitHub\New-Data-Fraud-detection\backend\.venv\Lib\site-packages\sqlalchemy\pool\base.py", 
line 390, in _create_connection
    return _ConnectionRecord(self)
           ^^^^^^^^^^^^^^^^^^^^^^^
  File 
"C:\Users\ismai\Documents\GitHub\New-Data-Fraud-detection\backend\.venv\Lib\site-packages\sqlalchemy\pool\base.py", 
line 674, in __init__
    self.__connect()
  File 
"C:\Users\ismai\Documents\GitHub\New-Data-Fraud-detection\backend\.venv\Lib\site-packages\sqlalchemy\pool\base.py", 
line 900, in __connect
    with util.safe_reraise():
  File "C:\Users\ismai\Documents\GitHub\New-Data-Fraud-detection\backend\.venv\Lib\site-packages\sqlalchemy\util\langhe
lpers.py", line 146, in __exit__
    raise exc_value.with_traceback(exc_tb)
  File 
"C:\Users\ismai\Documents\GitHub\New-Data-Fraud-detection\backend\.venv\Lib\site-packages\sqlalchemy\pool\base.py", 
line 896, in __connect
    self.dbapi_connection = connection = pool._invoke_creator(self)
                                         ^^^^^^^^^^^^^^^^^^^^^^^^^^
  File "C:\Users\ismai\Documents\GitHub\New-Data-Fraud-detection\backend\.venv\Lib\site-packages\sqlalchemy\engine\crea
te.py", line 643, in connect
    return dialect.connect(*cargs, **cparams)
           ^^^^^^^^^^^^^^^^^^^^^^^^^^^^^^^^^^
  File "C:\Users\ismai\Documents\GitHub\New-Data-Fraud-detection\backend\.venv\Lib\site-packages\sqlalchemy\engine\defa
ult.py", line 621, in connect
    return self.loaded_dbapi.connect(*cargs, **cparams)
           ^^^^^^^^^^^^^^^^^^^^^^^^^^^^^^^^^^^^^^^^^^^^
  File 
"C:\Users\ismai\Documents\GitHub\New-Data-Fraud-detection\backend\.venv\Lib\site-packages\psycopg2\__init__.py", line 
122, in connect
    conn = _connect(dsn, connection_factory=connection_factory, **kwasync)
           ^^^^^^^^^^^^^^^^^^^^^^^^^^^^^^^^^^^^^^^^^^^^^^^^^^^^^^^^^^^^^^^
psycopg2.OperationalError: connection to server at "localhost" (::1), port 5432 failed: Connection refused 
(0x0000274D/10061)
	Is the server running on that host and accepting TCP/IP connections?
connection to server at "localhost" (127.0.0.1), port 5432 failed: Connection refused (0x0000274D/10061)
	Is the server running on that host and accepting TCP/IP connections?


The above exception was the direct cause of the following exception:

Traceback (most recent call last):
  File "C:\Users\ismai\Documents\GitHub\New-Data-Fraud-detection\backend\.venv\Lib\site-packages\uvicorn\protocols\http
\httptools_impl.py", line 409, in run_asgi
    result = await app(  # type: ignore[func-returns-value]
             ^^^^^^^^^^^^^^^^^^^^^^^^^^^^^^^^^^^^^^^^^^^^^^
  File "C:\Users\ismai\Documents\GitHub\New-Data-Fraud-detection\backend\.venv\Lib\site-packages\uvicorn\middleware\pro
xy_headers.py", line 60, in __call__
    return await self.app(scope, receive, send)
           ^^^^^^^^^^^^^^^^^^^^^^^^^^^^^^^^^^^^
  File 
"C:\Users\ismai\Documents\GitHub\New-Data-Fraud-detection\backend\.venv\Lib\site-packages\fastapi\applications.py", 
line 1054, in __call__
    await super().__call__(scope, receive, send)
  File 
"C:\Users\ismai\Documents\GitHub\New-Data-Fraud-detection\backend\.venv\Lib\site-packages\starlette\applications.py", 
line 113, in __call__
    await self.middleware_stack(scope, receive, send)
  File "C:\Users\ismai\Documents\GitHub\New-Data-Fraud-detection\backend\.venv\Lib\site-packages\starlette\middleware\e
rrors.py", line 187, in __call__
    raise exc
  File "C:\Users\ismai\Documents\GitHub\New-Data-Fraud-detection\backend\.venv\Lib\site-packages\starlette\middleware\e
rrors.py", line 165, in __call__
    await self.app(scope, receive, _send)
  File "C:\Users\ismai\Documents\GitHub\New-Data-Fraud-detection\backend\.venv\Lib\site-packages\starlette\middleware\c
ors.py", line 85, in __call__
    await self.app(scope, receive, send)
  File "C:\Users\ismai\Documents\GitHub\New-Data-Fraud-detection\backend\.venv\Lib\site-packages\starlette\middleware\e
xceptions.py", line 62, in __call__
    await wrap_app_handling_exceptions(self.app, conn)(scope, receive, send)
  File "C:\Users\ismai\Documents\GitHub\New-Data-Fraud-detection\backend\.venv\Lib\site-packages\starlette\_exception_h
andler.py", line 53, in wrapped_app
    raise exc
  File "C:\Users\ismai\Documents\GitHub\New-Data-Fraud-detection\backend\.venv\Lib\site-packages\starlette\_exception_h
andler.py", line 42, in wrapped_app
    await app(scope, receive, sender)
  File 
"C:\Users\ismai\Documents\GitHub\New-Data-Fraud-detection\backend\.venv\Lib\site-packages\starlette\routing.py", line 
715, in __call__
    await self.middleware_stack(scope, receive, send)
  File 
"C:\Users\ismai\Documents\GitHub\New-Data-Fraud-detection\backend\.venv\Lib\site-packages\starlette\routing.py", line 
735, in app
    await route.handle(scope, receive, send)
  File 
"C:\Users\ismai\Documents\GitHub\New-Data-Fraud-detection\backend\.venv\Lib\site-packages\starlette\routing.py", line 
288, in handle
    await self.app(scope, receive, send)
  File 
"C:\Users\ismai\Documents\GitHub\New-Data-Fraud-detection\backend\.venv\Lib\site-packages\starlette\routing.py", line 
76, in app
    await wrap_app_handling_exceptions(app, request)(scope, receive, send)
  File "C:\Users\ismai\Documents\GitHub\New-Data-Fraud-detection\backend\.venv\Lib\site-packages\starlette\_exception_h
andler.py", line 53, in wrapped_app
    raise exc
  File "C:\Users\ismai\Documents\GitHub\New-Data-Fraud-detection\backend\.venv\Lib\site-packages\starlette\_exception_h
andler.py", line 42, in wrapped_app
    await app(scope, receive, sender)
  File 
"C:\Users\ismai\Documents\GitHub\New-Data-Fraud-detection\backend\.venv\Lib\site-packages\starlette\routing.py", line 
73, in app
    response = await f(request)
               ^^^^^^^^^^^^^^^^
  File "C:\Users\ismai\Documents\GitHub\New-Data-Fraud-detection\backend\.venv\Lib\site-packages\fastapi\routing.py", 
line 301, in app
    raw_response = await run_endpoint_function(
                   ^^^^^^^^^^^^^^^^^^^^^^^^^^^^
  File "C:\Users\ismai\Documents\GitHub\New-Data-Fraud-detection\backend\.venv\Lib\site-packages\fastapi\routing.py", 
line 214, in run_endpoint_function
    return await run_in_threadpool(dependant.call, **values)
           ^^^^^^^^^^^^^^^^^^^^^^^^^^^^^^^^^^^^^^^^^^^^^^^^^
  File 
"C:\Users\ismai\Documents\GitHub\New-Data-Fraud-detection\backend\.venv\Lib\site-packages\starlette\concurrency.py", 
line 39, in run_in_threadpool
    return await anyio.to_thread.run_sync(func, *args)
           ^^^^^^^^^^^^^^^^^^^^^^^^^^^^^^^^^^^^^^^^^^^
  File "C:\Users\ismai\Documents\GitHub\New-Data-Fraud-detection\backend\.venv\Lib\site-packages\anyio\to_thread.py", 
line 65, in run_sync
    return await get_async_backend().run_sync_in_worker_thread(
           ^^^^^^^^^^^^^^^^^^^^^^^^^^^^^^^^^^^^^^^^^^^^^^^^^^^^
  File "C:\Users\ismai\Documents\GitHub\New-Data-Fraud-detection\backend\.venv\Lib\site-packages\anyio\_backends\_async
io.py", line 2706, in run_sync_in_worker_thread
    return await future
           ^^^^^^^^^^^^
  File "C:\Users\ismai\Documents\GitHub\New-Data-Fraud-detection\backend\.venv\Lib\site-packages\anyio\_backends\_async
io.py", line 1100, in run
    result = context.run(func, *args)
             ^^^^^^^^^^^^^^^^^^^^^^^^
  File "C:\Users\ismai\Documents\GitHub\New-Data-Fraud-detection\backend\app\routers\dashboard.py", line 104, in 
get_daily_trend
    rows = session.execute(sql, params).mappings().all()
           ^^^^^^^^^^^^^^^^^^^^^^^^^^^^
  File 
"C:\Users\ismai\Documents\GitHub\New-Data-Fraud-detection\backend\.venv\Lib\site-packages\sqlalchemy\orm\session.py", 
line 2362, in execute
    return self._execute_internal(
           ^^^^^^^^^^^^^^^^^^^^^^^
  File 
"C:\Users\ismai\Documents\GitHub\New-Data-Fraud-detection\backend\.venv\Lib\site-packages\sqlalchemy\orm\session.py", 
line 2237, in _execute_internal
    conn = self._connection_for_bind(bind)
           ^^^^^^^^^^^^^^^^^^^^^^^^^^^^^^^
  File 
"C:\Users\ismai\Documents\GitHub\New-Data-Fraud-detection\backend\.venv\Lib\site-packages\sqlalchemy\orm\session.py", 
line 2106, in _connection_for_bind
    return trans._connection_for_bind(engine, execution_options)
           ^^^^^^^^^^^^^^^^^^^^^^^^^^^^^^^^^^^^^^^^^^^^^^^^^^^^^
  File "<string>", line 2, in _connection_for_bind
  File "C:\Users\ismai\Documents\GitHub\New-Data-Fraud-detection\backend\.venv\Lib\site-packages\sqlalchemy\orm\state_c
hanges.py", line 139, in _go
    ret_value = fn(self, *arg, **kw)
                ^^^^^^^^^^^^^^^^^^^^
  File 
"C:\Users\ismai\Documents\GitHub\New-Data-Fraud-detection\backend\.venv\Lib\site-packages\sqlalchemy\orm\session.py", 
line 1189, in _connection_for_bind
    conn = bind.connect()
           ^^^^^^^^^^^^^^
  File 
"C:\Users\ismai\Documents\GitHub\New-Data-Fraud-detection\backend\.venv\Lib\site-packages\sqlalchemy\engine\base.py", 
line 3278, in connect
    return self._connection_cls(self)
           ^^^^^^^^^^^^^^^^^^^^^^^^^^
  File 
"C:\Users\ismai\Documents\GitHub\New-Data-Fraud-detection\backend\.venv\Lib\site-packages\sqlalchemy\engine\base.py", 
line 148, in __init__
    Connection._handle_dbapi_exception_noconnection(
  File 
"C:\Users\ismai\Documents\GitHub\New-Data-Fraud-detection\backend\.venv\Lib\site-packages\sqlalchemy\engine\base.py", 
line 2442, in _handle_dbapi_exception_noconnection
    raise sqlalchemy_exception.with_traceback(exc_info[2]) from e
  File 
"C:\Users\ismai\Documents\GitHub\New-Data-Fraud-detection\backend\.venv\Lib\site-packages\sqlalchemy\engine\base.py", 
line 146, in __init__
    self._dbapi_connection = engine.raw_connection()
                             ^^^^^^^^^^^^^^^^^^^^^^^
  File 
"C:\Users\ismai\Documents\GitHub\New-Data-Fraud-detection\backend\.venv\Lib\site-packages\sqlalchemy\engine\base.py", 
line 3302, in raw_connection
    return self.pool.connect()
           ^^^^^^^^^^^^^^^^^^^
  File 
"C:\Users\ismai\Documents\GitHub\New-Data-Fraud-detection\backend\.venv\Lib\site-packages\sqlalchemy\pool\base.py", 
line 449, in connect
    return _ConnectionFairy._checkout(self)
           ^^^^^^^^^^^^^^^^^^^^^^^^^^^^^^^^
  File 
"C:\Users\ismai\Documents\GitHub\New-Data-Fraud-detection\backend\.venv\Lib\site-packages\sqlalchemy\pool\base.py", 
line 1263, in _checkout
    fairy = _ConnectionRecord.checkout(pool)
            ^^^^^^^^^^^^^^^^^^^^^^^^^^^^^^^^
  File 
"C:\Users\ismai\Documents\GitHub\New-Data-Fraud-detection\backend\.venv\Lib\site-packages\sqlalchemy\pool\base.py", 
line 712, in checkout
    rec = pool._do_get()
          ^^^^^^^^^^^^^^
  File 
"C:\Users\ismai\Documents\GitHub\New-Data-Fraud-detection\backend\.venv\Lib\site-packages\sqlalchemy\pool\impl.py", 
line 179, in _do_get
    with util.safe_reraise():
  File "C:\Users\ismai\Documents\GitHub\New-Data-Fraud-detection\backend\.venv\Lib\site-packages\sqlalchemy\util\langhe
lpers.py", line 146, in __exit__
    raise exc_value.with_traceback(exc_tb)
  File 
"C:\Users\ismai\Documents\GitHub\New-Data-Fraud-detection\backend\.venv\Lib\site-packages\sqlalchemy\pool\impl.py", 
line 177, in _do_get
    return self._create_connection()
           ^^^^^^^^^^^^^^^^^^^^^^^^^
  File 
"C:\Users\ismai\Documents\GitHub\New-Data-Fraud-detection\backend\.venv\Lib\site-packages\sqlalchemy\pool\base.py", 
line 390, in _create_connection
    return _ConnectionRecord(self)
           ^^^^^^^^^^^^^^^^^^^^^^^
  File 
"C:\Users\ismai\Documents\GitHub\New-Data-Fraud-detection\backend\.venv\Lib\site-packages\sqlalchemy\pool\base.py", 
line 674, in __init__
    self.__connect()
  File 
"C:\Users\ismai\Documents\GitHub\New-Data-Fraud-detection\backend\.venv\Lib\site-packages\sqlalchemy\pool\base.py", 
line 900, in __connect
    with util.safe_reraise():
  File "C:\Users\ismai\Documents\GitHub\New-Data-Fraud-detection\backend\.venv\Lib\site-packages\sqlalchemy\util\langhe
lpers.py", line 146, in __exit__
    raise exc_value.with_traceback(exc_tb)
  File 
"C:\Users\ismai\Documents\GitHub\New-Data-Fraud-detection\backend\.venv\Lib\site-packages\sqlalchemy\pool\base.py", 
line 896, in __connect
    self.dbapi_connection = connection = pool._invoke_creator(self)
                                         ^^^^^^^^^^^^^^^^^^^^^^^^^^
  File "C:\Users\ismai\Documents\GitHub\New-Data-Fraud-detection\backend\.venv\Lib\site-packages\sqlalchemy\engine\crea
te.py", line 643, in connect
    return dialect.connect(*cargs, **cparams)
           ^^^^^^^^^^^^^^^^^^^^^^^^^^^^^^^^^^
  File "C:\Users\ismai\Documents\GitHub\New-Data-Fraud-detection\backend\.venv\Lib\site-packages\sqlalchemy\engine\defa
ult.py", line 621, in connect
    return self.loaded_dbapi.connect(*cargs, **cparams)
           ^^^^^^^^^^^^^^^^^^^^^^^^^^^^^^^^^^^^^^^^^^^^
  File 
"C:\Users\ismai\Documents\GitHub\New-Data-Fraud-detection\backend\.venv\Lib\site-packages\psycopg2\__init__.py", line 
122, in connect
    conn = _connect(dsn, connection_factory=connection_factory, **kwasync)
           ^^^^^^^^^^^^^^^^^^^^^^^^^^^^^^^^^^^^^^^^^^^^^^^^^^^^^^^^^^^^^^^
sqlalchemy.exc.OperationalError: (psycopg2.OperationalError) connection to server at "localhost" (::1), port 5432 
failed: Connection refused (0x0000274D/10061)
	Is the server running on that host and accepting TCP/IP connections?
connection to server at "localhost" (127.0.0.1), port 5432 failed: Connection refused (0x0000274D/10061)
	Is the server running on that host and accepting TCP/IP connections?

(Background on this error at: https://sqlalche.me/e/20/e3q8)
INFO:     127.0.0.1:50544 - "GET /api/analytics/windows HTTP/1.1" 500 Internal Server Error
ERROR:    Exception in ASGI application
Traceback (most recent call last):
  File 
"C:\Users\ismai\Documents\GitHub\New-Data-Fraud-detection\backend\.venv\Lib\site-packages\sqlalchemy\engine\base.py", 
line 146, in __init__
    self._dbapi_connection = engine.raw_connection()
                             ^^^^^^^^^^^^^^^^^^^^^^^
  File 
"C:\Users\ismai\Documents\GitHub\New-Data-Fraud-detection\backend\.venv\Lib\site-packages\sqlalchemy\engine\base.py", 
line 3302, in raw_connection
    return self.pool.connect()
           ^^^^^^^^^^^^^^^^^^^
  File 
"C:\Users\ismai\Documents\GitHub\New-Data-Fraud-detection\backend\.venv\Lib\site-packages\sqlalchemy\pool\base.py", 
line 449, in connect
    return _ConnectionFairy._checkout(self)
           ^^^^^^^^^^^^^^^^^^^^^^^^^^^^^^^^
  File 
"C:\Users\ismai\Documents\GitHub\New-Data-Fraud-detection\backend\.venv\Lib\site-packages\sqlalchemy\pool\base.py", 
line 1263, in _checkout
    fairy = _ConnectionRecord.checkout(pool)
            ^^^^^^^^^^^^^^^^^^^^^^^^^^^^^^^^
  File 
"C:\Users\ismai\Documents\GitHub\New-Data-Fraud-detection\backend\.venv\Lib\site-packages\sqlalchemy\pool\base.py", 
line 712, in checkout
    rec = pool._do_get()
          ^^^^^^^^^^^^^^
  File 
"C:\Users\ismai\Documents\GitHub\New-Data-Fraud-detection\backend\.venv\Lib\site-packages\sqlalchemy\pool\impl.py", 
line 179, in _do_get
    with util.safe_reraise():
  File "C:\Users\ismai\Documents\GitHub\New-Data-Fraud-detection\backend\.venv\Lib\site-packages\sqlalchemy\util\langhe
lpers.py", line 146, in __exit__
    raise exc_value.with_traceback(exc_tb)
  File 
"C:\Users\ismai\Documents\GitHub\New-Data-Fraud-detection\backend\.venv\Lib\site-packages\sqlalchemy\pool\impl.py", 
line 177, in _do_get
    return self._create_connection()
           ^^^^^^^^^^^^^^^^^^^^^^^^^
  File 
"C:\Users\ismai\Documents\GitHub\New-Data-Fraud-detection\backend\.venv\Lib\site-packages\sqlalchemy\pool\base.py", 
line 390, in _create_connection
    return _ConnectionRecord(self)
           ^^^^^^^^^^^^^^^^^^^^^^^
  File 
"C:\Users\ismai\Documents\GitHub\New-Data-Fraud-detection\backend\.venv\Lib\site-packages\sqlalchemy\pool\base.py", 
line 674, in __init__
    self.__connect()
  File 
"C:\Users\ismai\Documents\GitHub\New-Data-Fraud-detection\backend\.venv\Lib\site-packages\sqlalchemy\pool\base.py", 
line 900, in __connect
    with util.safe_reraise():
  File "C:\Users\ismai\Documents\GitHub\New-Data-Fraud-detection\backend\.venv\Lib\site-packages\sqlalchemy\util\langhe
lpers.py", line 146, in __exit__
    raise exc_value.with_traceback(exc_tb)
  File 
"C:\Users\ismai\Documents\GitHub\New-Data-Fraud-detection\backend\.venv\Lib\site-packages\sqlalchemy\pool\base.py", 
line 896, in __connect
    self.dbapi_connection = connection = pool._invoke_creator(self)
                                         ^^^^^^^^^^^^^^^^^^^^^^^^^^
  File "C:\Users\ismai\Documents\GitHub\New-Data-Fraud-detection\backend\.venv\Lib\site-packages\sqlalchemy\engine\crea
te.py", line 643, in connect
    return dialect.connect(*cargs, **cparams)
           ^^^^^^^^^^^^^^^^^^^^^^^^^^^^^^^^^^
  File "C:\Users\ismai\Documents\GitHub\New-Data-Fraud-detection\backend\.venv\Lib\site-packages\sqlalchemy\engine\defa
ult.py", line 621, in connect
    return self.loaded_dbapi.connect(*cargs, **cparams)
           ^^^^^^^^^^^^^^^^^^^^^^^^^^^^^^^^^^^^^^^^^^^^
  File 
"C:\Users\ismai\Documents\GitHub\New-Data-Fraud-detection\backend\.venv\Lib\site-packages\psycopg2\__init__.py", line 
122, in connect
    conn = _connect(dsn, connection_factory=connection_factory, **kwasync)
           ^^^^^^^^^^^^^^^^^^^^^^^^^^^^^^^^^^^^^^^^^^^^^^^^^^^^^^^^^^^^^^^
psycopg2.OperationalError: connection to server at "localhost" (::1), port 5432 failed: Connection refused 
(0x0000274D/10061)
	Is the server running on that host and accepting TCP/IP connections?
connection to server at "localhost" (127.0.0.1), port 5432 failed: Connection refused (0x0000274D/10061)
	Is the server running on that host and accepting TCP/IP connections?


The above exception was the direct cause of the following exception:

Traceback (most recent call last):
  File "C:\Users\ismai\Documents\GitHub\New-Data-Fraud-detection\backend\.venv\Lib\site-packages\uvicorn\protocols\http
\httptools_impl.py", line 409, in run_asgi
    result = await app(  # type: ignore[func-returns-value]
             ^^^^^^^^^^^^^^^^^^^^^^^^^^^^^^^^^^^^^^^^^^^^^^
  File "C:\Users\ismai\Documents\GitHub\New-Data-Fraud-detection\backend\.venv\Lib\site-packages\uvicorn\middleware\pro
xy_headers.py", line 60, in __call__
    return await self.app(scope, receive, send)
           ^^^^^^^^^^^^^^^^^^^^^^^^^^^^^^^^^^^^
  File 
"C:\Users\ismai\Documents\GitHub\New-Data-Fraud-detection\backend\.venv\Lib\site-packages\fastapi\applications.py", 
line 1054, in __call__
    await super().__call__(scope, receive, send)
  File 
"C:\Users\ismai\Documents\GitHub\New-Data-Fraud-detection\backend\.venv\Lib\site-packages\starlette\applications.py", 
line 113, in __call__
    await self.middleware_stack(scope, receive, send)
  File "C:\Users\ismai\Documents\GitHub\New-Data-Fraud-detection\backend\.venv\Lib\site-packages\starlette\middleware\e
rrors.py", line 187, in __call__
    raise exc
  File "C:\Users\ismai\Documents\GitHub\New-Data-Fraud-detection\backend\.venv\Lib\site-packages\starlette\middleware\e
rrors.py", line 165, in __call__
    await self.app(scope, receive, _send)
  File "C:\Users\ismai\Documents\GitHub\New-Data-Fraud-detection\backend\.venv\Lib\site-packages\starlette\middleware\c
ors.py", line 85, in __call__
    await self.app(scope, receive, send)
  File "C:\Users\ismai\Documents\GitHub\New-Data-Fraud-detection\backend\.venv\Lib\site-packages\starlette\middleware\e
xceptions.py", line 62, in __call__
    await wrap_app_handling_exceptions(self.app, conn)(scope, receive, send)
  File "C:\Users\ismai\Documents\GitHub\New-Data-Fraud-detection\backend\.venv\Lib\site-packages\starlette\_exception_h
andler.py", line 53, in wrapped_app
    raise exc
  File "C:\Users\ismai\Documents\GitHub\New-Data-Fraud-detection\backend\.venv\Lib\site-packages\starlette\_exception_h
andler.py", line 42, in wrapped_app
    await app(scope, receive, sender)
  File 
"C:\Users\ismai\Documents\GitHub\New-Data-Fraud-detection\backend\.venv\Lib\site-packages\starlette\routing.py", line 
715, in __call__
    await self.middleware_stack(scope, receive, send)
  File 
"C:\Users\ismai\Documents\GitHub\New-Data-Fraud-detection\backend\.venv\Lib\site-packages\starlette\routing.py", line 
735, in app
    await route.handle(scope, receive, send)
  File 
"C:\Users\ismai\Documents\GitHub\New-Data-Fraud-detection\backend\.venv\Lib\site-packages\starlette\routing.py", line 
288, in handle
    await self.app(scope, receive, send)
  File 
"C:\Users\ismai\Documents\GitHub\New-Data-Fraud-detection\backend\.venv\Lib\site-packages\starlette\routing.py", line 
76, in app
    await wrap_app_handling_exceptions(app, request)(scope, receive, send)
  File "C:\Users\ismai\Documents\GitHub\New-Data-Fraud-detection\backend\.venv\Lib\site-packages\starlette\_exception_h
andler.py", line 53, in wrapped_app
    raise exc
  File "C:\Users\ismai\Documents\GitHub\New-Data-Fraud-detection\backend\.venv\Lib\site-packages\starlette\_exception_h
andler.py", line 42, in wrapped_app
    await app(scope, receive, sender)
  File 
"C:\Users\ismai\Documents\GitHub\New-Data-Fraud-detection\backend\.venv\Lib\site-packages\starlette\routing.py", line 
73, in app
    response = await f(request)
               ^^^^^^^^^^^^^^^^
  File "C:\Users\ismai\Documents\GitHub\New-Data-Fraud-detection\backend\.venv\Lib\site-packages\fastapi\routing.py", 
line 301, in app
    raw_response = await run_endpoint_function(
                   ^^^^^^^^^^^^^^^^^^^^^^^^^^^^
  File "C:\Users\ismai\Documents\GitHub\New-Data-Fraud-detection\backend\.venv\Lib\site-packages\fastapi\routing.py", 
line 214, in run_endpoint_function
    return await run_in_threadpool(dependant.call, **values)
           ^^^^^^^^^^^^^^^^^^^^^^^^^^^^^^^^^^^^^^^^^^^^^^^^^
  File 
"C:\Users\ismai\Documents\GitHub\New-Data-Fraud-detection\backend\.venv\Lib\site-packages\starlette\concurrency.py", 
line 39, in run_in_threadpool
    return await anyio.to_thread.run_sync(func, *args)
           ^^^^^^^^^^^^^^^^^^^^^^^^^^^^^^^^^^^^^^^^^^^
  File "C:\Users\ismai\Documents\GitHub\New-Data-Fraud-detection\backend\.venv\Lib\site-packages\anyio\to_thread.py", 
line 65, in run_sync
    return await get_async_backend().run_sync_in_worker_thread(
           ^^^^^^^^^^^^^^^^^^^^^^^^^^^^^^^^^^^^^^^^^^^^^^^^^^^^
  File "C:\Users\ismai\Documents\GitHub\New-Data-Fraud-detection\backend\.venv\Lib\site-packages\anyio\_backends\_async
io.py", line 2706, in run_sync_in_worker_thread
    return await future
           ^^^^^^^^^^^^
  File "C:\Users\ismai\Documents\GitHub\New-Data-Fraud-detection\backend\.venv\Lib\site-packages\anyio\_backends\_async
io.py", line 1100, in run
    result = context.run(func, *args)
             ^^^^^^^^^^^^^^^^^^^^^^^^
  File "C:\Users\ismai\Documents\GitHub\New-Data-Fraud-detection\backend\app\routers\dashboard.py", line 155, in 
get_analytics_windows
    latest = session.execute(text("SELECT MAX(session_date) FROM subscribers_daily")).scalar_one()
             ^^^^^^^^^^^^^^^^^^^^^^^^^^^^^^^^^^^^^^^^^^^^^^^^^^^^^^^^^^^^^^^^^^^^^^^^
  File 
"C:\Users\ismai\Documents\GitHub\New-Data-Fraud-detection\backend\.venv\Lib\site-packages\sqlalchemy\orm\session.py", 
line 2362, in execute
    return self._execute_internal(
           ^^^^^^^^^^^^^^^^^^^^^^^
  File 
"C:\Users\ismai\Documents\GitHub\New-Data-Fraud-detection\backend\.venv\Lib\site-packages\sqlalchemy\orm\session.py", 
line 2237, in _execute_internal
    conn = self._connection_for_bind(bind)
           ^^^^^^^^^^^^^^^^^^^^^^^^^^^^^^^
  File 
"C:\Users\ismai\Documents\GitHub\New-Data-Fraud-detection\backend\.venv\Lib\site-packages\sqlalchemy\orm\session.py", 
line 2106, in _connection_for_bind
    return trans._connection_for_bind(engine, execution_options)
           ^^^^^^^^^^^^^^^^^^^^^^^^^^^^^^^^^^^^^^^^^^^^^^^^^^^^^
  File "<string>", line 2, in _connection_for_bind
  File "C:\Users\ismai\Documents\GitHub\New-Data-Fraud-detection\backend\.venv\Lib\site-packages\sqlalchemy\orm\state_c
hanges.py", line 139, in _go
    ret_value = fn(self, *arg, **kw)
                ^^^^^^^^^^^^^^^^^^^^
  File 
"C:\Users\ismai\Documents\GitHub\New-Data-Fraud-detection\backend\.venv\Lib\site-packages\sqlalchemy\orm\session.py", 
line 1189, in _connection_for_bind
    conn = bind.connect()
           ^^^^^^^^^^^^^^
  File 
"C:\Users\ismai\Documents\GitHub\New-Data-Fraud-detection\backend\.venv\Lib\site-packages\sqlalchemy\engine\base.py", 
line 3278, in connect
    return self._connection_cls(self)
           ^^^^^^^^^^^^^^^^^^^^^^^^^^
  File 
"C:\Users\ismai\Documents\GitHub\New-Data-Fraud-detection\backend\.venv\Lib\site-packages\sqlalchemy\engine\base.py", 
line 148, in __init__
    Connection._handle_dbapi_exception_noconnection(
  File 
"C:\Users\ismai\Documents\GitHub\New-Data-Fraud-detection\backend\.venv\Lib\site-packages\sqlalchemy\engine\base.py", 
line 2442, in _handle_dbapi_exception_noconnection
    raise sqlalchemy_exception.with_traceback(exc_info[2]) from e
  File 
"C:\Users\ismai\Documents\GitHub\New-Data-Fraud-detection\backend\.venv\Lib\site-packages\sqlalchemy\engine\base.py", 
line 146, in __init__
    self._dbapi_connection = engine.raw_connection()
                             ^^^^^^^^^^^^^^^^^^^^^^^
  File 
"C:\Users\ismai\Documents\GitHub\New-Data-Fraud-detection\backend\.venv\Lib\site-packages\sqlalchemy\engine\base.py", 
line 3302, in raw_connection
    return self.pool.connect()
           ^^^^^^^^^^^^^^^^^^^
  File 
"C:\Users\ismai\Documents\GitHub\New-Data-Fraud-detection\backend\.venv\Lib\site-packages\sqlalchemy\pool\base.py", 
line 449, in connect
    return _ConnectionFairy._checkout(self)
           ^^^^^^^^^^^^^^^^^^^^^^^^^^^^^^^^
  File 
"C:\Users\ismai\Documents\GitHub\New-Data-Fraud-detection\backend\.venv\Lib\site-packages\sqlalchemy\pool\base.py", 
line 1263, in _checkout
    fairy = _ConnectionRecord.checkout(pool)
            ^^^^^^^^^^^^^^^^^^^^^^^^^^^^^^^^
  File 
"C:\Users\ismai\Documents\GitHub\New-Data-Fraud-detection\backend\.venv\Lib\site-packages\sqlalchemy\pool\base.py", 
line 712, in checkout
    rec = pool._do_get()
          ^^^^^^^^^^^^^^
  File 
"C:\Users\ismai\Documents\GitHub\New-Data-Fraud-detection\backend\.venv\Lib\site-packages\sqlalchemy\pool\impl.py", 
line 179, in _do_get
    with util.safe_reraise():
  File "C:\Users\ismai\Documents\GitHub\New-Data-Fraud-detection\backend\.venv\Lib\site-packages\sqlalchemy\util\langhe
lpers.py", line 146, in __exit__
    raise exc_value.with_traceback(exc_tb)
  File 
"C:\Users\ismai\Documents\GitHub\New-Data-Fraud-detection\backend\.venv\Lib\site-packages\sqlalchemy\pool\impl.py", 
line 177, in _do_get
    return self._create_connection()
           ^^^^^^^^^^^^^^^^^^^^^^^^^
  File 
"C:\Users\ismai\Documents\GitHub\New-Data-Fraud-detection\backend\.venv\Lib\site-packages\sqlalchemy\pool\base.py", 
line 390, in _create_connection
    return _ConnectionRecord(self)
           ^^^^^^^^^^^^^^^^^^^^^^^
  File 
"C:\Users\ismai\Documents\GitHub\New-Data-Fraud-detection\backend\.venv\Lib\site-packages\sqlalchemy\pool\base.py", 
line 674, in __init__
    self.__connect()
  File 
"C:\Users\ismai\Documents\GitHub\New-Data-Fraud-detection\backend\.venv\Lib\site-packages\sqlalchemy\pool\base.py", 
line 900, in __connect
    with util.safe_reraise():
  File "C:\Users\ismai\Documents\GitHub\New-Data-Fraud-detection\backend\.venv\Lib\site-packages\sqlalchemy\util\langhe
lpers.py", line 146, in __exit__
    raise exc_value.with_traceback(exc_tb)
  File 
"C:\Users\ismai\Documents\GitHub\New-Data-Fraud-detection\backend\.venv\Lib\site-packages\sqlalchemy\pool\base.py", 
line 896, in __connect
    self.dbapi_connection = connection = pool._invoke_creator(self)
                                         ^^^^^^^^^^^^^^^^^^^^^^^^^^
  File "C:\Users\ismai\Documents\GitHub\New-Data-Fraud-detection\backend\.venv\Lib\site-packages\sqlalchemy\engine\crea
te.py", line 643, in connect
    return dialect.connect(*cargs, **cparams)
           ^^^^^^^^^^^^^^^^^^^^^^^^^^^^^^^^^^
  File "C:\Users\ismai\Documents\GitHub\New-Data-Fraud-detection\backend\.venv\Lib\site-packages\sqlalchemy\engine\defa
ult.py", line 621, in connect
    return self.loaded_dbapi.connect(*cargs, **cparams)
           ^^^^^^^^^^^^^^^^^^^^^^^^^^^^^^^^^^^^^^^^^^^^
  File 
"C:\Users\ismai\Documents\GitHub\New-Data-Fraud-detection\backend\.venv\Lib\site-packages\psycopg2\__init__.py", line 
122, in connect
    conn = _connect(dsn, connection_factory=connection_factory, **kwasync)
           ^^^^^^^^^^^^^^^^^^^^^^^^^^^^^^^^^^^^^^^^^^^^^^^^^^^^^^^^^^^^^^^
sqlalchemy.exc.OperationalError: (psycopg2.OperationalError) connection to server at "localhost" (::1), port 5432 
failed: Connection refused (0x0000274D/10061)
	Is the server running on that host and accepting TCP/IP connections?
connection to server at "localhost" (127.0.0.1), port 5432 failed: Connection refused (0x0000274D/10061)
	Is the server running on that host and accepting TCP/IP connections?

(Background on this error at: https://sqlalche.me/e/20/e3q8)
ERROR:    Exception in ASGI application
Traceback (most recent call last):
  File 
"C:\Users\ismai\Documents\GitHub\New-Data-Fraud-detection\backend\.venv\Lib\site-packages\sqlalchemy\engine\base.py", 
line 146, in __init__
    self._dbapi_connection = engine.raw_connection()
                             ^^^^^^^^^^^^^^^^^^^^^^^
  File 
"C:\Users\ismai\Documents\GitHub\New-Data-Fraud-detection\backend\.venv\Lib\site-packages\sqlalchemy\engine\base.py", 
line 3302, in raw_connection
    return self.pool.connect()
           ^^^^^^^^^^^^^^^^^^^
  File 
"C:\Users\ismai\Documents\GitHub\New-Data-Fraud-detection\backend\.venv\Lib\site-packages\sqlalchemy\pool\base.py", 
line 449, in connect
    return _ConnectionFairy._checkout(self)
           ^^^^^^^^^^^^^^^^^^^^^^^^^^^^^^^^
  File 
"C:\Users\ismai\Documents\GitHub\New-Data-Fraud-detection\backend\.venv\Lib\site-packages\sqlalchemy\pool\base.py", 
line 1263, in _checkout
    fairy = _ConnectionRecord.checkout(pool)
            ^^^^^^^^^^^^^^^^^^^^^^^^^^^^^^^^
  File 
"C:\Users\ismai\Documents\GitHub\New-Data-Fraud-detection\backend\.venv\Lib\site-packages\sqlalchemy\pool\base.py", 
line 712, in checkout
    rec = pool._do_get()
          ^^^^^^^^^^^^^^
  File 
"C:\Users\ismai\Documents\GitHub\New-Data-Fraud-detection\backend\.venv\Lib\site-packages\sqlalchemy\pool\impl.py", 
line 179, in _do_get
    with util.safe_reraise():
  File "C:\Users\ismai\Documents\GitHub\New-Data-Fraud-detection\backend\.venv\Lib\site-packages\sqlalchemy\util\langhe
lpers.py", line 146, in __exit__
    raise exc_value.with_traceback(exc_tb)
  File 
"C:\Users\ismai\Documents\GitHub\New-Data-Fraud-detection\backend\.venv\Lib\site-packages\sqlalchemy\pool\impl.py", 
line 177, in _do_get
    return self._create_connection()
           ^^^^^^^^^^^^^^^^^^^^^^^^^
  File 
"C:\Users\ismai\Documents\GitHub\New-Data-Fraud-detection\backend\.venv\Lib\site-packages\sqlalchemy\pool\base.py", 
line 390, in _create_connection
    return _ConnectionRecord(self)
           ^^^^^^^^^^^^^^^^^^^^^^^
  File 
"C:\Users\ismai\Documents\GitHub\New-Data-Fraud-detection\backend\.venv\Lib\site-packages\sqlalchemy\pool\base.py", 
line 674, in __init__
    self.__connect()
  File 
"C:\Users\ismai\Documents\GitHub\New-Data-Fraud-detection\backend\.venv\Lib\site-packages\sqlalchemy\pool\base.py", 
line 900, in __connect
    with util.safe_reraise():
  File "C:\Users\ismai\Documents\GitHub\New-Data-Fraud-detection\backend\.venv\Lib\site-packages\sqlalchemy\util\langhe
lpers.py", line 146, in __exit__
    raise exc_value.with_traceback(exc_tb)
  File 
"C:\Users\ismai\Documents\GitHub\New-Data-Fraud-detection\backend\.venv\Lib\site-packages\sqlalchemy\pool\base.py", 
line 896, in __connect
    self.dbapi_connection = connection = pool._invoke_creator(self)
                                         ^^^^^^^^^^^^^^^^^^^^^^^^^^
  File "C:\Users\ismai\Documents\GitHub\New-Data-Fraud-detection\backend\.venv\Lib\site-packages\sqlalchemy\engine\crea
te.py", line 643, in connect
    return dialect.connect(*cargs, **cparams)
           ^^^^^^^^^^^^^^^^^^^^^^^^^^^^^^^^^^
  File "C:\Users\ismai\Documents\GitHub\New-Data-Fraud-detection\backend\.venv\Lib\site-packages\sqlalchemy\engine\defa
ult.py", line 621, in connect
    return self.loaded_dbapi.connect(*cargs, **cparams)
           ^^^^^^^^^^^^^^^^^^^^^^^^^^^^^^^^^^^^^^^^^^^^
  File 
"C:\Users\ismai\Documents\GitHub\New-Data-Fraud-detection\backend\.venv\Lib\site-packages\psycopg2\__init__.py", line 
122, in connect
    conn = _connect(dsn, connection_factory=connection_factory, **kwasync)
           ^^^^^^^^^^^^^^^^^^^^^^^^^^^^^^^^^^^^^^^^^^^^^^^^^^^^^^^^^^^^^^^
psycopg2.OperationalError: connection to server at "localhost" (::1), port 5432 failed: Connection refused 
(0x0000274D/10061)
	Is the server running on that host and accepting TCP/IP connections?
connection to server at "localhost" (127.0.0.1), port 5432 failed: Connection refused (0x0000274D/10061)
	Is the server running on that host and accepting TCP/IP connections?


The above exception was the direct cause of the following exception:

Traceback (most recent call last):
  File "C:\Users\ismai\Documents\GitHub\New-Data-Fraud-detection\backend\.venv\Lib\site-packages\uvicorn\protocols\http
\httptools_impl.py", line 409, in run_asgi
    result = await app(  # type: ignore[func-returns-value]
             ^^^^^^^^^^^^^^^^^^^^^^^^^^^^^^^^^^^^^^^^^^^^^^
  File "C:\Users\ismai\Documents\GitHub\New-Data-Fraud-detection\backend\.venv\Lib\site-packages\uvicorn\middleware\pro
xy_headers.py", line 60, in __call__
    return await self.app(scope, receive, send)
           ^^^^^^^^^^^^^^^^^^^^^^^^^^^^^^^^^^^^
  File 
"C:\Users\ismai\Documents\GitHub\New-Data-Fraud-detection\backend\.venv\Lib\site-packages\fastapi\applications.py", 
line 1054, in __call__
    await super().__call__(scope, receive, send)
  File 
"C:\Users\ismai\Documents\GitHub\New-Data-Fraud-detection\backend\.venv\Lib\site-packages\starlette\applications.py", 
line 113, in __call__
    await self.middleware_stack(scope, receive, send)
  File "C:\Users\ismai\Documents\GitHub\New-Data-Fraud-detection\backend\.venv\Lib\site-packages\starlette\middleware\e
rrors.py", line 187, in __call__
    raise exc
  File "C:\Users\ismai\Documents\GitHub\New-Data-Fraud-detection\backend\.venv\Lib\site-packages\starlette\middleware\e
rrors.py", line 165, in __call__
    await self.app(scope, receive, _send)
  File "C:\Users\ismai\Documents\GitHub\New-Data-Fraud-detection\backend\.venv\Lib\site-packages\starlette\middleware\c
ors.py", line 85, in __call__
    await self.app(scope, receive, send)
  File "C:\Users\ismai\Documents\GitHub\New-Data-Fraud-detection\backend\.venv\Lib\site-packages\starlette\middleware\e
xceptions.py", line 62, in __call__
    await wrap_app_handling_exceptions(self.app, conn)(scope, receive, send)
  File "C:\Users\ismai\Documents\GitHub\New-Data-Fraud-detection\backend\.venv\Lib\site-packages\starlette\_exception_h
andler.py", line 53, in wrapped_app
    raise exc
  File "C:\Users\ismai\Documents\GitHub\New-Data-Fraud-detection\backend\.venv\Lib\site-packages\starlette\_exception_h
andler.py", line 42, in wrapped_app
    await app(scope, receive, sender)
  File 
"C:\Users\ismai\Documents\GitHub\New-Data-Fraud-detection\backend\.venv\Lib\site-packages\starlette\routing.py", line 
715, in __call__
    await self.middleware_stack(scope, receive, send)
  File 
"C:\Users\ismai\Documents\GitHub\New-Data-Fraud-detection\backend\.venv\Lib\site-packages\starlette\routing.py", line 
735, in app
    await route.handle(scope, receive, send)
  File 
"C:\Users\ismai\Documents\GitHub\New-Data-Fraud-detection\backend\.venv\Lib\site-packages\starlette\routing.py", line 
288, in handle
    await self.app(scope, receive, send)
  File 
"C:\Users\ismai\Documents\GitHub\New-Data-Fraud-detection\backend\.venv\Lib\site-packages\starlette\routing.py", line 
76, in app
    await wrap_app_handling_exceptions(app, request)(scope, receive, send)
  File "C:\Users\ismai\Documents\GitHub\New-Data-Fraud-detection\backend\.venv\Lib\site-packages\starlette\_exception_h
andler.py", line 53, in wrapped_app
    raise exc
  File "C:\Users\ismai\Documents\GitHub\New-Data-Fraud-detection\backend\.venv\Lib\site-packages\starlette\_exception_h
andler.py", line 42, in wrapped_app
    await app(scope, receive, sender)
  File 
"C:\Users\ismai\Documents\GitHub\New-Data-Fraud-detection\backend\.venv\Lib\site-packages\starlette\routing.py", line 
73, in app
    response = await f(request)
               ^^^^^^^^^^^^^^^^
  File "C:\Users\ismai\Documents\GitHub\New-Data-Fraud-detection\backend\.venv\Lib\site-packages\fastapi\routing.py", 
line 301, in app
    raw_response = await run_endpoint_function(
                   ^^^^^^^^^^^^^^^^^^^^^^^^^^^^
  File "C:\Users\ismai\Documents\GitHub\New-Data-Fraud-detection\backend\.venv\Lib\site-packages\fastapi\routing.py", 
line 214, in run_endpoint_function
    return await run_in_threadpool(dependant.call, **values)
           ^^^^^^^^^^^^^^^^^^^^^^^^^^^^^^^^^^^^^^^^^^^^^^^^^
  File 
"C:\Users\ismai\Documents\GitHub\New-Data-Fraud-detection\backend\.venv\Lib\site-packages\starlette\concurrency.py", 
line 39, in run_in_threadpool
    return await anyio.to_thread.run_sync(func, *args)
           ^^^^^^^^^^^^^^^^^^^^^^^^^^^^^^^^^^^^^^^^^^^
  File "C:\Users\ismai\Documents\GitHub\New-Data-Fraud-detection\backend\.venv\Lib\site-packages\anyio\to_thread.py", 
line 65, in run_sync
    return await get_async_backend().run_sync_in_worker_thread(
           ^^^^^^^^^^^^^^^^^^^^^^^^^^^^^^^^^^^^^^^^^^^^^^^^^^^^
  File "C:\Users\ismai\Documents\GitHub\New-Data-Fraud-detection\backend\.venv\Lib\site-packages\anyio\_backends\_async
io.py", line 2706, in run_sync_in_worker_thread
    return await future
           ^^^^^^^^^^^^
  File "C:\Users\ismai\Documents\GitHub\New-Data-Fraud-detection\backend\.venv\Lib\site-packages\anyio\_backends\_async
io.py", line 1100, in run
    result = context.run(func, *args)
             ^^^^^^^^^^^^^^^^^^^^^^^^
  File "C:\Users\ismai\Documents\GitHub\New-Data-Fraud-detection\backend\app\routers\dashboard.py", line 104, in 
get_daily_trend
    rows = session.execute(sql, params).mappings().all()
           ^^^^^^^^^^^^^^^^^^^^^^^^^^^^
  File 
"C:\Users\ismai\Documents\GitHub\New-Data-Fraud-detection\backend\.venv\Lib\site-packages\sqlalchemy\orm\session.py", 
line 2362, in execute
    return self._execute_internal(
           ^^^^^^^^^^^^^^^^^^^^^^^
  File 
"C:\Users\ismai\Documents\GitHub\New-Data-Fraud-detection\backend\.venv\Lib\site-packages\sqlalchemy\orm\session.py", 
line 2237, in _execute_internal
    conn = self._connection_for_bind(bind)
           ^^^^^^^^^^^^^^^^^^^^^^^^^^^^^^^
  File 
"C:\Users\ismai\Documents\GitHub\New-Data-Fraud-detection\backend\.venv\Lib\site-packages\sqlalchemy\orm\session.py", 
line 2106, in _connection_for_bind
    return trans._connection_for_bind(engine, execution_options)
           ^^^^^^^^^^^^^^^^^^^^^^^^^^^^^^^^^^^^^^^^^^^^^^^^^^^^^
  File "<string>", line 2, in _connection_for_bind
  File "C:\Users\ismai\Documents\GitHub\New-Data-Fraud-detection\backend\.venv\Lib\site-packages\sqlalchemy\orm\state_c
hanges.py", line 139, in _go
    ret_value = fn(self, *arg, **kw)
                ^^^^^^^^^^^^^^^^^^^^
  File 
"C:\Users\ismai\Documents\GitHub\New-Data-Fraud-detection\backend\.venv\Lib\site-packages\sqlalchemy\orm\session.py", 
line 1189, in _connection_for_bind
    conn = bind.connect()
           ^^^^^^^^^^^^^^
  File 
"C:\Users\ismai\Documents\GitHub\New-Data-Fraud-detection\backend\.venv\Lib\site-packages\sqlalchemy\engine\base.py", 
line 3278, in connect
    return self._connection_cls(self)
           ^^^^^^^^^^^^^^^^^^^^^^^^^^
  File 
"C:\Users\ismai\Documents\GitHub\New-Data-Fraud-detection\backend\.venv\Lib\site-packages\sqlalchemy\engine\base.py", 
line 148, in __init__
    Connection._handle_dbapi_exception_noconnection(
  File 
"C:\Users\ismai\Documents\GitHub\New-Data-Fraud-detection\backend\.venv\Lib\site-packages\sqlalchemy\engine\base.py", 
line 2442, in _handle_dbapi_exception_noconnection
    raise sqlalchemy_exception.with_traceback(exc_info[2]) from e
  File 
"C:\Users\ismai\Documents\GitHub\New-Data-Fraud-detection\backend\.venv\Lib\site-packages\sqlalchemy\engine\base.py", 
line 146, in __init__
    self._dbapi_connection = engine.raw_connection()
                             ^^^^^^^^^^^^^^^^^^^^^^^
  File 
"C:\Users\ismai\Documents\GitHub\New-Data-Fraud-detection\backend\.venv\Lib\site-packages\sqlalchemy\engine\base.py", 
line 3302, in raw_connection
    return self.pool.connect()
           ^^^^^^^^^^^^^^^^^^^
  File 
"C:\Users\ismai\Documents\GitHub\New-Data-Fraud-detection\backend\.venv\Lib\site-packages\sqlalchemy\pool\base.py", 
line 449, in connect
    return _ConnectionFairy._checkout(self)
           ^^^^^^^^^^^^^^^^^^^^^^^^^^^^^^^^
  File 
"C:\Users\ismai\Documents\GitHub\New-Data-Fraud-detection\backend\.venv\Lib\site-packages\sqlalchemy\pool\base.py", 
line 1263, in _checkout
    fairy = _ConnectionRecord.checkout(pool)
            ^^^^^^^^^^^^^^^^^^^^^^^^^^^^^^^^
  File 
"C:\Users\ismai\Documents\GitHub\New-Data-Fraud-detection\backend\.venv\Lib\site-packages\sqlalchemy\pool\base.py", 
line 712, in checkout
    rec = pool._do_get()
          ^^^^^^^^^^^^^^
  File 
"C:\Users\ismai\Documents\GitHub\New-Data-Fraud-detection\backend\.venv\Lib\site-packages\sqlalchemy\pool\impl.py", 
line 179, in _do_get
    with util.safe_reraise():
  File "C:\Users\ismai\Documents\GitHub\New-Data-Fraud-detection\backend\.venv\Lib\site-packages\sqlalchemy\util\langhe
lpers.py", line 146, in __exit__
    raise exc_value.with_traceback(exc_tb)
  File 
"C:\Users\ismai\Documents\GitHub\New-Data-Fraud-detection\backend\.venv\Lib\site-packages\sqlalchemy\pool\impl.py", 
line 177, in _do_get
    return self._create_connection()
           ^^^^^^^^^^^^^^^^^^^^^^^^^
  File 
"C:\Users\ismai\Documents\GitHub\New-Data-Fraud-detection\backend\.venv\Lib\site-packages\sqlalchemy\pool\base.py", 
line 390, in _create_connection
    return _ConnectionRecord(self)
           ^^^^^^^^^^^^^^^^^^^^^^^
  File 
"C:\Users\ismai\Documents\GitHub\New-Data-Fraud-detection\backend\.venv\Lib\site-packages\sqlalchemy\pool\base.py", 
line 674, in __init__
    self.__connect()
  File 
"C:\Users\ismai\Documents\GitHub\New-Data-Fraud-detection\backend\.venv\Lib\site-packages\sqlalchemy\pool\base.py", 
line 900, in __connect
    with util.safe_reraise():
  File "C:\Users\ismai\Documents\GitHub\New-Data-Fraud-detection\backend\.venv\Lib\site-packages\sqlalchemy\util\langhe
lpers.py", line 146, in __exit__
    raise exc_value.with_traceback(exc_tb)
  File 
"C:\Users\ismai\Documents\GitHub\New-Data-Fraud-detection\backend\.venv\Lib\site-packages\sqlalchemy\pool\base.py", 
line 896, in __connect
    self.dbapi_connection = connection = pool._invoke_creator(self)
                                         ^^^^^^^^^^^^^^^^^^^^^^^^^^
  File "C:\Users\ismai\Documents\GitHub\New-Data-Fraud-detection\backend\.venv\Lib\site-packages\sqlalchemy\engine\crea
te.py", line 643, in connect
    return dialect.connect(*cargs, **cparams)
           ^^^^^^^^^^^^^^^^^^^^^^^^^^^^^^^^^^
  File "C:\Users\ismai\Documents\GitHub\New-Data-Fraud-detection\backend\.venv\Lib\site-packages\sqlalchemy\engine\defa
ult.py", line 621, in connect
    return self.loaded_dbapi.connect(*cargs, **cparams)
           ^^^^^^^^^^^^^^^^^^^^^^^^^^^^^^^^^^^^^^^^^^^^
  File 
"C:\Users\ismai\Documents\GitHub\New-Data-Fraud-detection\backend\.venv\Lib\site-packages\psycopg2\__init__.py", line 
122, in connect
    conn = _connect(dsn, connection_factory=connection_factory, **kwasync)
           ^^^^^^^^^^^^^^^^^^^^^^^^^^^^^^^^^^^^^^^^^^^^^^^^^^^^^^^^^^^^^^^
sqlalchemy.exc.OperationalError: (psycopg2.OperationalError) connection to server at "localhost" (::1), port 5432 
failed: Connection refused (0x0000274D/10061)
	Is the server running on that host and accepting TCP/IP connections?
connection to server at "localhost" (127.0.0.1), port 5432 failed: Connection refused (0x0000274D/10061)
	Is the server running on that host and accepting TCP/IP connections?

(Background on this error at: https://sqlalche.me/e/20/e3q8)
ERROR:    Exception in ASGI application
Traceback (most recent call last):
  File 
"C:\Users\ismai\Documents\GitHub\New-Data-Fraud-detection\backend\.venv\Lib\site-packages\sqlalchemy\engine\base.py", 
line 146, in __init__
    self._dbapi_connection = engine.raw_connection()
                             ^^^^^^^^^^^^^^^^^^^^^^^
  File 
"C:\Users\ismai\Documents\GitHub\New-Data-Fraud-detection\backend\.venv\Lib\site-packages\sqlalchemy\engine\base.py", 
line 3302, in raw_connection
    return self.pool.connect()
           ^^^^^^^^^^^^^^^^^^^
  File 
"C:\Users\ismai\Documents\GitHub\New-Data-Fraud-detection\backend\.venv\Lib\site-packages\sqlalchemy\pool\base.py", 
line 449, in connect
    return _ConnectionFairy._checkout(self)
           ^^^^^^^^^^^^^^^^^^^^^^^^^^^^^^^^
  File 
"C:\Users\ismai\Documents\GitHub\New-Data-Fraud-detection\backend\.venv\Lib\site-packages\sqlalchemy\pool\base.py", 
line 1263, in _checkout
    fairy = _ConnectionRecord.checkout(pool)
            ^^^^^^^^^^^^^^^^^^^^^^^^^^^^^^^^
  File 
"C:\Users\ismai\Documents\GitHub\New-Data-Fraud-detection\backend\.venv\Lib\site-packages\sqlalchemy\pool\base.py", 
line 712, in checkout
    rec = pool._do_get()
          ^^^^^^^^^^^^^^
  File 
"C:\Users\ismai\Documents\GitHub\New-Data-Fraud-detection\backend\.venv\Lib\site-packages\sqlalchemy\pool\impl.py", 
line 179, in _do_get
    with util.safe_reraise():
  File "C:\Users\ismai\Documents\GitHub\New-Data-Fraud-detection\backend\.venv\Lib\site-packages\sqlalchemy\util\langhe
lpers.py", line 146, in __exit__
    raise exc_value.with_traceback(exc_tb)
  File 
"C:\Users\ismai\Documents\GitHub\New-Data-Fraud-detection\backend\.venv\Lib\site-packages\sqlalchemy\pool\impl.py", 
line 177, in _do_get
    return self._create_connection()
           ^^^^^^^^^^^^^^^^^^^^^^^^^
  File 
"C:\Users\ismai\Documents\GitHub\New-Data-Fraud-detection\backend\.venv\Lib\site-packages\sqlalchemy\pool\base.py", 
line 390, in _create_connection
    return _ConnectionRecord(self)
           ^^^^^^^^^^^^^^^^^^^^^^^
  File 
"C:\Users\ismai\Documents\GitHub\New-Data-Fraud-detection\backend\.venv\Lib\site-packages\sqlalchemy\pool\base.py", 
line 674, in __init__
    self.__connect()
  File 
"C:\Users\ismai\Documents\GitHub\New-Data-Fraud-detection\backend\.venv\Lib\site-packages\sqlalchemy\pool\base.py", 
line 900, in __connect
    with util.safe_reraise():
  File "C:\Users\ismai\Documents\GitHub\New-Data-Fraud-detection\backend\.venv\Lib\site-packages\sqlalchemy\util\langhe
lpers.py", line 146, in __exit__
    raise exc_value.with_traceback(exc_tb)
  File 
"C:\Users\ismai\Documents\GitHub\New-Data-Fraud-detection\backend\.venv\Lib\site-packages\sqlalchemy\pool\base.py", 
line 896, in __connect
    self.dbapi_connection = connection = pool._invoke_creator(self)
                                         ^^^^^^^^^^^^^^^^^^^^^^^^^^
  File "C:\Users\ismai\Documents\GitHub\New-Data-Fraud-detection\backend\.venv\Lib\site-packages\sqlalchemy\engine\crea
te.py", line 643, in connect
    return dialect.connect(*cargs, **cparams)
           ^^^^^^^^^^^^^^^^^^^^^^^^^^^^^^^^^^
  File "C:\Users\ismai\Documents\GitHub\New-Data-Fraud-detection\backend\.venv\Lib\site-packages\sqlalchemy\engine\defa
ult.py", line 621, in connect
    return self.loaded_dbapi.connect(*cargs, **cparams)
           ^^^^^^^^^^^^^^^^^^^^^^^^^^^^^^^^^^^^^^^^^^^^
  File 
"C:\Users\ismai\Documents\GitHub\New-Data-Fraud-detection\backend\.venv\Lib\site-packages\psycopg2\__init__.py", line 
122, in connect
    conn = _connect(dsn, connection_factory=connection_factory, **kwasync)
           ^^^^^^^^^^^^^^^^^^^^^^^^^^^^^^^^^^^^^^^^^^^^^^^^^^^^^^^^^^^^^^^
psycopg2.OperationalError: connection to server at "localhost" (::1), port 5432 failed: Connection refused 
(0x0000274D/10061)
	Is the server running on that host and accepting TCP/IP connections?
connection to server at "localhost" (127.0.0.1), port 5432 failed: Connection refused (0x0000274D/10061)
	Is the server running on that host and accepting TCP/IP connections?


The above exception was the direct cause of the following exception:

Traceback (most recent call last):
  File "C:\Users\ismai\Documents\GitHub\New-Data-Fraud-detection\backend\.venv\Lib\site-packages\uvicorn\protocols\http
\httptools_impl.py", line 409, in run_asgi
    result = await app(  # type: ignore[func-returns-value]
             ^^^^^^^^^^^^^^^^^^^^^^^^^^^^^^^^^^^^^^^^^^^^^^
  File "C:\Users\ismai\Documents\GitHub\New-Data-Fraud-detection\backend\.venv\Lib\site-packages\uvicorn\middleware\pro
xy_headers.py", line 60, in __call__
    return await self.app(scope, receive, send)
           ^^^^^^^^^^^^^^^^^^^^^^^^^^^^^^^^^^^^
  File 
"C:\Users\ismai\Documents\GitHub\New-Data-Fraud-detection\backend\.venv\Lib\site-packages\fastapi\applications.py", 
line 1054, in __call__
    await super().__call__(scope, receive, send)
  File 
"C:\Users\ismai\Documents\GitHub\New-Data-Fraud-detection\backend\.venv\Lib\site-packages\starlette\applications.py", 
line 113, in __call__
    await self.middleware_stack(scope, receive, send)
  File "C:\Users\ismai\Documents\GitHub\New-Data-Fraud-detection\backend\.venv\Lib\site-packages\starlette\middleware\e
rrors.py", line 187, in __call__
    raise exc
  File "C:\Users\ismai\Documents\GitHub\New-Data-Fraud-detection\backend\.venv\Lib\site-packages\starlette\middleware\e
rrors.py", line 165, in __call__
    await self.app(scope, receive, _send)
  File "C:\Users\ismai\Documents\GitHub\New-Data-Fraud-detection\backend\.venv\Lib\site-packages\starlette\middleware\c
ors.py", line 85, in __call__
    await self.app(scope, receive, send)
  File "C:\Users\ismai\Documents\GitHub\New-Data-Fraud-detection\backend\.venv\Lib\site-packages\starlette\middleware\e
xceptions.py", line 62, in __call__
    await wrap_app_handling_exceptions(self.app, conn)(scope, receive, send)
  File "C:\Users\ismai\Documents\GitHub\New-Data-Fraud-detection\backend\.venv\Lib\site-packages\starlette\_exception_h
andler.py", line 53, in wrapped_app
    raise exc
  File "C:\Users\ismai\Documents\GitHub\New-Data-Fraud-detection\backend\.venv\Lib\site-packages\starlette\_exception_h
andler.py", line 42, in wrapped_app
    await app(scope, receive, sender)
  File 
"C:\Users\ismai\Documents\GitHub\New-Data-Fraud-detection\backend\.venv\Lib\site-packages\starlette\routing.py", line 
715, in __call__
    await self.middleware_stack(scope, receive, send)
  File 
"C:\Users\ismai\Documents\GitHub\New-Data-Fraud-detection\backend\.venv\Lib\site-packages\starlette\routing.py", line 
735, in app
    await route.handle(scope, receive, send)
  File 
"C:\Users\ismai\Documents\GitHub\New-Data-Fraud-detection\backend\.venv\Lib\site-packages\starlette\routing.py", line 
288, in handle
    await self.app(scope, receive, send)
  File 
"C:\Users\ismai\Documents\GitHub\New-Data-Fraud-detection\backend\.venv\Lib\site-packages\starlette\routing.py", line 
76, in app
    await wrap_app_handling_exceptions(app, request)(scope, receive, send)
  File "C:\Users\ismai\Documents\GitHub\New-Data-Fraud-detection\backend\.venv\Lib\site-packages\starlette\_exception_h
andler.py", line 53, in wrapped_app
    raise exc
  File "C:\Users\ismai\Documents\GitHub\New-Data-Fraud-detection\backend\.venv\Lib\site-packages\starlette\_exception_h
andler.py", line 42, in wrapped_app
    await app(scope, receive, sender)
  File 
"C:\Users\ismai\Documents\GitHub\New-Data-Fraud-detection\backend\.venv\Lib\site-packages\starlette\routing.py", line 
73, in app
    response = await f(request)
               ^^^^^^^^^^^^^^^^
  File "C:\Users\ismai\Documents\GitHub\New-Data-Fraud-detection\backend\.venv\Lib\site-packages\fastapi\routing.py", 
line 301, in app
    raw_response = await run_endpoint_function(
                   ^^^^^^^^^^^^^^^^^^^^^^^^^^^^
  File "C:\Users\ismai\Documents\GitHub\New-Data-Fraud-detection\backend\.venv\Lib\site-packages\fastapi\routing.py", 
line 214, in run_endpoint_function
    return await run_in_threadpool(dependant.call, **values)
           ^^^^^^^^^^^^^^^^^^^^^^^^^^^^^^^^^^^^^^^^^^^^^^^^^
  File 
"C:\Users\ismai\Documents\GitHub\New-Data-Fraud-detection\backend\.venv\Lib\site-packages\starlette\concurrency.py", 
line 39, in run_in_threadpool
    return await anyio.to_thread.run_sync(func, *args)
           ^^^^^^^^^^^^^^^^^^^^^^^^^^^^^^^^^^^^^^^^^^^
  File "C:\Users\ismai\Documents\GitHub\New-Data-Fraud-detection\backend\.venv\Lib\site-packages\anyio\to_thread.py", 
line 65, in run_sync
    return await get_async_backend().run_sync_in_worker_thread(
           ^^^^^^^^^^^^^^^^^^^^^^^^^^^^^^^^^^^^^^^^^^^^^^^^^^^^
  File "C:\Users\ismai\Documents\GitHub\New-Data-Fraud-detection\backend\.venv\Lib\site-packages\anyio\_backends\_async
io.py", line 2706, in run_sync_in_worker_thread
    return await future
           ^^^^^^^^^^^^
  File "C:\Users\ismai\Documents\GitHub\New-Data-Fraud-detection\backend\.venv\Lib\site-packages\anyio\_backends\_async
io.py", line 1100, in run
    result = context.run(func, *args)
             ^^^^^^^^^^^^^^^^^^^^^^^^
  File "C:\Users\ismai\Documents\GitHub\New-Data-Fraud-detection\backend\app\routers\dashboard.py", line 59, in 
get_kpis
    row = session.execute(sql, params).mappings().one()
          ^^^^^^^^^^^^^^^^^^^^^^^^^^^^
  File 
"C:\Users\ismai\Documents\GitHub\New-Data-Fraud-detection\backend\.venv\Lib\site-packages\sqlalchemy\orm\session.py", 
line 2362, in execute
    return self._execute_internal(
           ^^^^^^^^^^^^^^^^^^^^^^^
  File 
"C:\Users\ismai\Documents\GitHub\New-Data-Fraud-detection\backend\.venv\Lib\site-packages\sqlalchemy\orm\session.py", 
line 2237, in _execute_internal
    conn = self._connection_for_bind(bind)
           ^^^^^^^^^^^^^^^^^^^^^^^^^^^^^^^
  File 
"C:\Users\ismai\Documents\GitHub\New-Data-Fraud-detection\backend\.venv\Lib\site-packages\sqlalchemy\orm\session.py", 
line 2106, in _connection_for_bind
    return trans._connection_for_bind(engine, execution_options)
           ^^^^^^^^^^^^^^^^^^^^^^^^^^^^^^^^^^^^^^^^^^^^^^^^^^^^^
  File "<string>", line 2, in _connection_for_bind
  File "C:\Users\ismai\Documents\GitHub\New-Data-Fraud-detection\backend\.venv\Lib\site-packages\sqlalchemy\orm\state_c
hanges.py", line 139, in _go
    ret_value = fn(self, *arg, **kw)
                ^^^^^^^^^^^^^^^^^^^^
  File 
"C:\Users\ismai\Documents\GitHub\New-Data-Fraud-detection\backend\.venv\Lib\site-packages\sqlalchemy\orm\session.py", 
line 1189, in _connection_for_bind
    conn = bind.connect()
           ^^^^^^^^^^^^^^
  File 
"C:\Users\ismai\Documents\GitHub\New-Data-Fraud-detection\backend\.venv\Lib\site-packages\sqlalchemy\engine\base.py", 
line 3278, in connect
    return self._connection_cls(self)
           ^^^^^^^^^^^^^^^^^^^^^^^^^^
  File 
"C:\Users\ismai\Documents\GitHub\New-Data-Fraud-detection\backend\.venv\Lib\site-packages\sqlalchemy\engine\base.py", 
line 148, in __init__
    Connection._handle_dbapi_exception_noconnection(
  File 
"C:\Users\ismai\Documents\GitHub\New-Data-Fraud-detection\backend\.venv\Lib\site-packages\sqlalchemy\engine\base.py", 
line 2442, in _handle_dbapi_exception_noconnection
    raise sqlalchemy_exception.with_traceback(exc_info[2]) from e
  File 
"C:\Users\ismai\Documents\GitHub\New-Data-Fraud-detection\backend\.venv\Lib\site-packages\sqlalchemy\engine\base.py", 
line 146, in __init__
    self._dbapi_connection = engine.raw_connection()
                             ^^^^^^^^^^^^^^^^^^^^^^^
  File 
"C:\Users\ismai\Documents\GitHub\New-Data-Fraud-detection\backend\.venv\Lib\site-packages\sqlalchemy\engine\base.py", 
line 3302, in raw_connection
    return self.pool.connect()
           ^^^^^^^^^^^^^^^^^^^
  File 
"C:\Users\ismai\Documents\GitHub\New-Data-Fraud-detection\backend\.venv\Lib\site-packages\sqlalchemy\pool\base.py", 
line 449, in connect
    return _ConnectionFairy._checkout(self)
           ^^^^^^^^^^^^^^^^^^^^^^^^^^^^^^^^
  File 
"C:\Users\ismai\Documents\GitHub\New-Data-Fraud-detection\backend\.venv\Lib\site-packages\sqlalchemy\pool\base.py", 
line 1263, in _checkout
    fairy = _ConnectionRecord.checkout(pool)
            ^^^^^^^^^^^^^^^^^^^^^^^^^^^^^^^^
  File 
"C:\Users\ismai\Documents\GitHub\New-Data-Fraud-detection\backend\.venv\Lib\site-packages\sqlalchemy\pool\base.py", 
line 712, in checkout
    rec = pool._do_get()
          ^^^^^^^^^^^^^^
  File 
"C:\Users\ismai\Documents\GitHub\New-Data-Fraud-detection\backend\.venv\Lib\site-packages\sqlalchemy\pool\impl.py", 
line 179, in _do_get
    with util.safe_reraise():
  File "C:\Users\ismai\Documents\GitHub\New-Data-Fraud-detection\backend\.venv\Lib\site-packages\sqlalchemy\util\langhe
lpers.py", line 146, in __exit__
    raise exc_value.with_traceback(exc_tb)
  File 
"C:\Users\ismai\Documents\GitHub\New-Data-Fraud-detection\backend\.venv\Lib\site-packages\sqlalchemy\pool\impl.py", 
line 177, in _do_get
    return self._create_connection()
           ^^^^^^^^^^^^^^^^^^^^^^^^^
  File 
"C:\Users\ismai\Documents\GitHub\New-Data-Fraud-detection\backend\.venv\Lib\site-packages\sqlalchemy\pool\base.py", 
line 390, in _create_connection
    return _ConnectionRecord(self)
           ^^^^^^^^^^^^^^^^^^^^^^^
  File 
"C:\Users\ismai\Documents\GitHub\New-Data-Fraud-detection\backend\.venv\Lib\site-packages\sqlalchemy\pool\base.py", 
line 674, in __init__
    self.__connect()
  File 
"C:\Users\ismai\Documents\GitHub\New-Data-Fraud-detection\backend\.venv\Lib\site-packages\sqlalchemy\pool\base.py", 
line 900, in __connect
    with util.safe_reraise():
  File "C:\Users\ismai\Documents\GitHub\New-Data-Fraud-detection\backend\.venv\Lib\site-packages\sqlalchemy\util\langhe
lpers.py", line 146, in __exit__
    raise exc_value.with_traceback(exc_tb)
  File 
"C:\Users\ismai\Documents\GitHub\New-Data-Fraud-detection\backend\.venv\Lib\site-packages\sqlalchemy\pool\base.py", 
line 896, in __connect
    self.dbapi_connection = connection = pool._invoke_creator(self)
                                         ^^^^^^^^^^^^^^^^^^^^^^^^^^
  File "C:\Users\ismai\Documents\GitHub\New-Data-Fraud-detection\backend\.venv\Lib\site-packages\sqlalchemy\engine\crea
te.py", line 643, in connect
    return dialect.connect(*cargs, **cparams)
           ^^^^^^^^^^^^^^^^^^^^^^^^^^^^^^^^^^
  File "C:\Users\ismai\Documents\GitHub\New-Data-Fraud-detection\backend\.venv\Lib\site-packages\sqlalchemy\engine\defa
ult.py", line 621, in connect
    return self.loaded_dbapi.connect(*cargs, **cparams)
           ^^^^^^^^^^^^^^^^^^^^^^^^^^^^^^^^^^^^^^^^^^^^
  File 
"C:\Users\ismai\Documents\GitHub\New-Data-Fraud-detection\backend\.venv\Lib\site-packages\psycopg2\__init__.py", line 
122, in connect
    conn = _connect(dsn, connection_factory=connection_factory, **kwasync)
           ^^^^^^^^^^^^^^^^^^^^^^^^^^^^^^^^^^^^^^^^^^^^^^^^^^^^^^^^^^^^^^^
sqlalchemy.exc.OperationalError: (psycopg2.OperationalError) connection to server at "localhost" (::1), port 5432 
failed: Connection refused (0x0000274D/10061)
	Is the server running on that host and accepting TCP/IP connections?
connection to server at "localhost" (127.0.0.1), port 5432 failed: Connection refused (0x0000274D/10061)
	Is the server running on that host and accepting TCP/IP connections?

(Background on this error at: https://sqlalche.me/e/20/e3q8)
ERROR:    Exception in ASGI application
Traceback (most recent call last):
  File 
"C:\Users\ismai\Documents\GitHub\New-Data-Fraud-detection\backend\.venv\Lib\site-packages\sqlalchemy\engine\base.py", 
line 146, in __init__
    self._dbapi_connection = engine.raw_connection()
                             ^^^^^^^^^^^^^^^^^^^^^^^
  File 
"C:\Users\ismai\Documents\GitHub\New-Data-Fraud-detection\backend\.venv\Lib\site-packages\sqlalchemy\engine\base.py", 
line 3302, in raw_connection
    return self.pool.connect()
           ^^^^^^^^^^^^^^^^^^^
  File 
"C:\Users\ismai\Documents\GitHub\New-Data-Fraud-detection\backend\.venv\Lib\site-packages\sqlalchemy\pool\base.py", 
line 449, in connect
    return _ConnectionFairy._checkout(self)
           ^^^^^^^^^^^^^^^^^^^^^^^^^^^^^^^^
  File 
"C:\Users\ismai\Documents\GitHub\New-Data-Fraud-detection\backend\.venv\Lib\site-packages\sqlalchemy\pool\base.py", 
line 1263, in _checkout
    fairy = _ConnectionRecord.checkout(pool)
            ^^^^^^^^^^^^^^^^^^^^^^^^^^^^^^^^
  File 
"C:\Users\ismai\Documents\GitHub\New-Data-Fraud-detection\backend\.venv\Lib\site-packages\sqlalchemy\pool\base.py", 
line 712, in checkout
    rec = pool._do_get()
          ^^^^^^^^^^^^^^
  File 
"C:\Users\ismai\Documents\GitHub\New-Data-Fraud-detection\backend\.venv\Lib\site-packages\sqlalchemy\pool\impl.py", 
line 179, in _do_get
    with util.safe_reraise():
  File "C:\Users\ismai\Documents\GitHub\New-Data-Fraud-detection\backend\.venv\Lib\site-packages\sqlalchemy\util\langhe
lpers.py", line 146, in __exit__
    raise exc_value.with_traceback(exc_tb)
  File 
"C:\Users\ismai\Documents\GitHub\New-Data-Fraud-detection\backend\.venv\Lib\site-packages\sqlalchemy\pool\impl.py", 
line 177, in _do_get
    return self._create_connection()
           ^^^^^^^^^^^^^^^^^^^^^^^^^
  File 
"C:\Users\ismai\Documents\GitHub\New-Data-Fraud-detection\backend\.venv\Lib\site-packages\sqlalchemy\pool\base.py", 
line 390, in _create_connection
    return _ConnectionRecord(self)
           ^^^^^^^^^^^^^^^^^^^^^^^
  File 
"C:\Users\ismai\Documents\GitHub\New-Data-Fraud-detection\backend\.venv\Lib\site-packages\sqlalchemy\pool\base.py", 
line 674, in __init__
    self.__connect()
  File 
"C:\Users\ismai\Documents\GitHub\New-Data-Fraud-detection\backend\.venv\Lib\site-packages\sqlalchemy\pool\base.py", 
line 900, in __connect
    with util.safe_reraise():
  File "C:\Users\ismai\Documents\GitHub\New-Data-Fraud-detection\backend\.venv\Lib\site-packages\sqlalchemy\util\langhe
lpers.py", line 146, in __exit__
    raise exc_value.with_traceback(exc_tb)
  File 
"C:\Users\ismai\Documents\GitHub\New-Data-Fraud-detection\backend\.venv\Lib\site-packages\sqlalchemy\pool\base.py", 
line 896, in __connect
    self.dbapi_connection = connection = pool._invoke_creator(self)
                                         ^^^^^^^^^^^^^^^^^^^^^^^^^^
  File "C:\Users\ismai\Documents\GitHub\New-Data-Fraud-detection\backend\.venv\Lib\site-packages\sqlalchemy\engine\crea
te.py", line 643, in connect
    return dialect.connect(*cargs, **cparams)
           ^^^^^^^^^^^^^^^^^^^^^^^^^^^^^^^^^^
  File "C:\Users\ismai\Documents\GitHub\New-Data-Fraud-detection\backend\.venv\Lib\site-packages\sqlalchemy\engine\defa
ult.py", line 621, in connect
    return self.loaded_dbapi.connect(*cargs, **cparams)
           ^^^^^^^^^^^^^^^^^^^^^^^^^^^^^^^^^^^^^^^^^^^^
  File 
"C:\Users\ismai\Documents\GitHub\New-Data-Fraud-detection\backend\.venv\Lib\site-packages\psycopg2\__init__.py", line 
122, in connect
    conn = _connect(dsn, connection_factory=connection_factory, **kwasync)
           ^^^^^^^^^^^^^^^^^^^^^^^^^^^^^^^^^^^^^^^^^^^^^^^^^^^^^^^^^^^^^^^
psycopg2.OperationalError: connection to server at "localhost" (::1), port 5432 failed: Connection refused 
(0x0000274D/10061)
	Is the server running on that host and accepting TCP/IP connections?
connection to server at "localhost" (127.0.0.1), port 5432 failed: Connection refused (0x0000274D/10061)
	Is the server running on that host and accepting TCP/IP connections?


The above exception was the direct cause of the following exception:

Traceback (most recent call last):
  File "C:\Users\ismai\Documents\GitHub\New-Data-Fraud-detection\backend\.venv\Lib\site-packages\uvicorn\protocols\http
\httptools_impl.py", line 409, in run_asgi
    result = await app(  # type: ignore[func-returns-value]
             ^^^^^^^^^^^^^^^^^^^^^^^^^^^^^^^^^^^^^^^^^^^^^^
  File "C:\Users\ismai\Documents\GitHub\New-Data-Fraud-detection\backend\.venv\Lib\site-packages\uvicorn\middleware\pro
xy_headers.py", line 60, in __call__
    return await self.app(scope, receive, send)
           ^^^^^^^^^^^^^^^^^^^^^^^^^^^^^^^^^^^^
  File 
"C:\Users\ismai\Documents\GitHub\New-Data-Fraud-detection\backend\.venv\Lib\site-packages\fastapi\applications.py", 
line 1054, in __call__
    await super().__call__(scope, receive, send)
  File 
"C:\Users\ismai\Documents\GitHub\New-Data-Fraud-detection\backend\.venv\Lib\site-packages\starlette\applications.py", 
line 113, in __call__
    await self.middleware_stack(scope, receive, send)
  File "C:\Users\ismai\Documents\GitHub\New-Data-Fraud-detection\backend\.venv\Lib\site-packages\starlette\middleware\e
rrors.py", line 187, in __call__
    raise exc
  File "C:\Users\ismai\Documents\GitHub\New-Data-Fraud-detection\backend\.venv\Lib\site-packages\starlette\middleware\e
rrors.py", line 165, in __call__
    await self.app(scope, receive, _send)
  File "C:\Users\ismai\Documents\GitHub\New-Data-Fraud-detection\backend\.venv\Lib\site-packages\starlette\middleware\c
ors.py", line 85, in __call__
    await self.app(scope, receive, send)
  File "C:\Users\ismai\Documents\GitHub\New-Data-Fraud-detection\backend\.venv\Lib\site-packages\starlette\middleware\e
xceptions.py", line 62, in __call__
    await wrap_app_handling_exceptions(self.app, conn)(scope, receive, send)
  File "C:\Users\ismai\Documents\GitHub\New-Data-Fraud-detection\backend\.venv\Lib\site-packages\starlette\_exception_h
andler.py", line 53, in wrapped_app
    raise exc
  File "C:\Users\ismai\Documents\GitHub\New-Data-Fraud-detection\backend\.venv\Lib\site-packages\starlette\_exception_h
andler.py", line 42, in wrapped_app
    await app(scope, receive, sender)
  File 
"C:\Users\ismai\Documents\GitHub\New-Data-Fraud-detection\backend\.venv\Lib\site-packages\starlette\routing.py", line 
715, in __call__
    await self.middleware_stack(scope, receive, send)
  File 
"C:\Users\ismai\Documents\GitHub\New-Data-Fraud-detection\backend\.venv\Lib\site-packages\starlette\routing.py", line 
735, in app
    await route.handle(scope, receive, send)
  File 
"C:\Users\ismai\Documents\GitHub\New-Data-Fraud-detection\backend\.venv\Lib\site-packages\starlette\routing.py", line 
288, in handle
    await self.app(scope, receive, send)
  File 
"C:\Users\ismai\Documents\GitHub\New-Data-Fraud-detection\backend\.venv\Lib\site-packages\starlette\routing.py", line 
76, in app
    await wrap_app_handling_exceptions(app, request)(scope, receive, send)
  File "C:\Users\ismai\Documents\GitHub\New-Data-Fraud-detection\backend\.venv\Lib\site-packages\starlette\_exception_h
andler.py", line 53, in wrapped_app
    raise exc
  File "C:\Users\ismai\Documents\GitHub\New-Data-Fraud-detection\backend\.venv\Lib\site-packages\starlette\_exception_h
andler.py", line 42, in wrapped_app
    await app(scope, receive, sender)
  File 
"C:\Users\ismai\Documents\GitHub\New-Data-Fraud-detection\backend\.venv\Lib\site-packages\starlette\routing.py", line 
73, in app
    response = await f(request)
               ^^^^^^^^^^^^^^^^
  File "C:\Users\ismai\Documents\GitHub\New-Data-Fraud-detection\backend\.venv\Lib\site-packages\fastapi\routing.py", 
line 301, in app
    raw_response = await run_endpoint_function(
                   ^^^^^^^^^^^^^^^^^^^^^^^^^^^^
  File "C:\Users\ismai\Documents\GitHub\New-Data-Fraud-detection\backend\.venv\Lib\site-packages\fastapi\routing.py", 
line 214, in run_endpoint_function
    return await run_in_threadpool(dependant.call, **values)
           ^^^^^^^^^^^^^^^^^^^^^^^^^^^^^^^^^^^^^^^^^^^^^^^^^
  File 
"C:\Users\ismai\Documents\GitHub\New-Data-Fraud-detection\backend\.venv\Lib\site-packages\starlette\concurrency.py", 
line 39, in run_in_threadpool
    return await anyio.to_thread.run_sync(func, *args)
           ^^^^^^^^^^^^^^^^^^^^^^^^^^^^^^^^^^^^^^^^^^^
  File "C:\Users\ismai\Documents\GitHub\New-Data-Fraud-detection\backend\.venv\Lib\site-packages\anyio\to_thread.py", 
line 65, in run_sync
    return await get_async_backend().run_sync_in_worker_thread(
           ^^^^^^^^^^^^^^^^^^^^^^^^^^^^^^^^^^^^^^^^^^^^^^^^^^^^
  File "C:\Users\ismai\Documents\GitHub\New-Data-Fraud-detection\backend\.venv\Lib\site-packages\anyio\_backends\_async
io.py", line 2706, in run_sync_in_worker_thread
    return await future
           ^^^^^^^^^^^^
  File "C:\Users\ismai\Documents\GitHub\New-Data-Fraud-detection\backend\.venv\Lib\site-packages\anyio\_backends\_async
io.py", line 1100, in run
    result = context.run(func, *args)
             ^^^^^^^^^^^^^^^^^^^^^^^^
  File "C:\Users\ismai\Documents\GitHub\New-Data-Fraud-detection\backend\app\routers\dashboard.py", line 194, in 
get_risk_distribution
    rows = session.execute(sql).mappings().all()
           ^^^^^^^^^^^^^^^^^^^^
  File 
"C:\Users\ismai\Documents\GitHub\New-Data-Fraud-detection\backend\.venv\Lib\site-packages\sqlalchemy\orm\session.py", 
line 2362, in execute
    return self._execute_internal(
           ^^^^^^^^^^^^^^^^^^^^^^^
  File 
"C:\Users\ismai\Documents\GitHub\New-Data-Fraud-detection\backend\.venv\Lib\site-packages\sqlalchemy\orm\session.py", 
line 2237, in _execute_internal
    conn = self._connection_for_bind(bind)
           ^^^^^^^^^^^^^^^^^^^^^^^^^^^^^^^
  File 
"C:\Users\ismai\Documents\GitHub\New-Data-Fraud-detection\backend\.venv\Lib\site-packages\sqlalchemy\orm\session.py", 
line 2106, in _connection_for_bind
    return trans._connection_for_bind(engine, execution_options)
           ^^^^^^^^^^^^^^^^^^^^^^^^^^^^^^^^^^^^^^^^^^^^^^^^^^^^^
  File "<string>", line 2, in _connection_for_bind
  File "C:\Users\ismai\Documents\GitHub\New-Data-Fraud-detection\backend\.venv\Lib\site-packages\sqlalchemy\orm\state_c
hanges.py", line 139, in _go
    ret_value = fn(self, *arg, **kw)
                ^^^^^^^^^^^^^^^^^^^^
  File 
"C:\Users\ismai\Documents\GitHub\New-Data-Fraud-detection\backend\.venv\Lib\site-packages\sqlalchemy\orm\session.py", 
line 1189, in _connection_for_bind
    conn = bind.connect()
           ^^^^^^^^^^^^^^
  File 
"C:\Users\ismai\Documents\GitHub\New-Data-Fraud-detection\backend\.venv\Lib\site-packages\sqlalchemy\engine\base.py", 
line 3278, in connect
    return self._connection_cls(self)
           ^^^^^^^^^^^^^^^^^^^^^^^^^^
  File 
"C:\Users\ismai\Documents\GitHub\New-Data-Fraud-detection\backend\.venv\Lib\site-packages\sqlalchemy\engine\base.py", 
line 148, in __init__
    Connection._handle_dbapi_exception_noconnection(
  File 
"C:\Users\ismai\Documents\GitHub\New-Data-Fraud-detection\backend\.venv\Lib\site-packages\sqlalchemy\engine\base.py", 
line 2442, in _handle_dbapi_exception_noconnection
    raise sqlalchemy_exception.with_traceback(exc_info[2]) from e
  File 
"C:\Users\ismai\Documents\GitHub\New-Data-Fraud-detection\backend\.venv\Lib\site-packages\sqlalchemy\engine\base.py", 
line 146, in __init__
    self._dbapi_connection = engine.raw_connection()
                             ^^^^^^^^^^^^^^^^^^^^^^^
  File 
"C:\Users\ismai\Documents\GitHub\New-Data-Fraud-detection\backend\.venv\Lib\site-packages\sqlalchemy\engine\base.py", 
line 3302, in raw_connection
    return self.pool.connect()
           ^^^^^^^^^^^^^^^^^^^
  File 
"C:\Users\ismai\Documents\GitHub\New-Data-Fraud-detection\backend\.venv\Lib\site-packages\sqlalchemy\pool\base.py", 
line 449, in connect
    return _ConnectionFairy._checkout(self)
           ^^^^^^^^^^^^^^^^^^^^^^^^^^^^^^^^
  File 
"C:\Users\ismai\Documents\GitHub\New-Data-Fraud-detection\backend\.venv\Lib\site-packages\sqlalchemy\pool\base.py", 
line 1263, in _checkout
    fairy = _ConnectionRecord.checkout(pool)
            ^^^^^^^^^^^^^^^^^^^^^^^^^^^^^^^^
  File 
"C:\Users\ismai\Documents\GitHub\New-Data-Fraud-detection\backend\.venv\Lib\site-packages\sqlalchemy\pool\base.py", 
line 712, in checkout
    rec = pool._do_get()
          ^^^^^^^^^^^^^^
  File 
"C:\Users\ismai\Documents\GitHub\New-Data-Fraud-detection\backend\.venv\Lib\site-packages\sqlalchemy\pool\impl.py", 
line 179, in _do_get
    with util.safe_reraise():
  File "C:\Users\ismai\Documents\GitHub\New-Data-Fraud-detection\backend\.venv\Lib\site-packages\sqlalchemy\util\langhe
lpers.py", line 146, in __exit__
    raise exc_value.with_traceback(exc_tb)
  File 
"C:\Users\ismai\Documents\GitHub\New-Data-Fraud-detection\backend\.venv\Lib\site-packages\sqlalchemy\pool\impl.py", 
line 177, in _do_get
INFO:     127.0.0.1:50551 - "GET /api/analytics/daily HTTP/1.1" 500 Internal Server Error
INFO:     127.0.0.1:50547 - "GET /api/kpis HTTP/1.1" 500 Internal Server Error
INFO:     127.0.0.1:50550 - "GET /api/analytics/risk-distribution HTTP/1.1" 500 Internal Server Error
    return self._create_connection()
           ^^^^^^^^^^^^^^^^^^^^^^^^^
  File 
"C:\Users\ismai\Documents\GitHub\New-Data-Fraud-detection\backend\.venv\Lib\site-packages\sqlalchemy\pool\base.py", 
line 390, in _create_connection
    return _ConnectionRecord(self)
           ^^^^^^^^^^^^^^^^^^^^^^^
  File 
"C:\Users\ismai\Documents\GitHub\New-Data-Fraud-detection\backend\.venv\Lib\site-packages\sqlalchemy\pool\base.py", 
line 674, in __init__
    self.__connect()
  File 
"C:\Users\ismai\Documents\GitHub\New-Data-Fraud-detection\backend\.venv\Lib\site-packages\sqlalchemy\pool\base.py", 
line 900, in __connect
    with util.safe_reraise():
  File "C:\Users\ismai\Documents\GitHub\New-Data-Fraud-detection\backend\.venv\Lib\site-packages\sqlalchemy\util\langhe
lpers.py", line 146, in __exit__
    raise exc_value.with_traceback(exc_tb)
  File 
"C:\Users\ismai\Documents\GitHub\New-Data-Fraud-detection\backend\.venv\Lib\site-packages\sqlalchemy\pool\base.py", 
line 896, in __connect
    self.dbapi_connection = connection = pool._invoke_creator(self)
                                         ^^^^^^^^^^^^^^^^^^^^^^^^^^
  File "C:\Users\ismai\Documents\GitHub\New-Data-Fraud-detection\backend\.venv\Lib\site-packages\sqlalchemy\engine\crea
te.py", line 643, in connect
    return dialect.connect(*cargs, **cparams)
           ^^^^^^^^^^^^^^^^^^^^^^^^^^^^^^^^^^
  File "C:\Users\ismai\Documents\GitHub\New-Data-Fraud-detection\backend\.venv\Lib\site-packages\sqlalchemy\engine\defa
ult.py", line 621, in connect
    return self.loaded_dbapi.connect(*cargs, **cparams)
           ^^^^^^^^^^^^^^^^^^^^^^^^^^^^^^^^^^^^^^^^^^^^
  File 
"C:\Users\ismai\Documents\GitHub\New-Data-Fraud-detection\backend\.venv\Lib\site-packages\psycopg2\__init__.py", line 
122, in connect
    conn = _connect(dsn, connection_factory=connection_factory, **kwasync)
           ^^^^^^^^^^^^^^^^^^^^^^^^^^^^^^^^^^^^^^^^^^^^^^^^^^^^^^^^^^^^^^^
sqlalchemy.exc.OperationalError: (psycopg2.OperationalError) connection to server at "localhost" (::1), port 5432 
failed: Connection refused (0x0000274D/10061)
	Is the server running on that host and accepting TCP/IP connections?
connection to server at "localhost" (127.0.0.1), port 5432 failed: Connection refused (0x0000274D/10061)
	Is the server running on that host and accepting TCP/IP connections?

(Background on this error at: https://sqlalche.me/e/20/e3q8)
INFO:     ('127.0.0.1', 58383) - "WebSocket /api/ws" [accepted]
INFO:app.websocket_manager:WebSocket connected. Total active: 5
INFO:     connection open
INFO:     ('127.0.0.1', 50858) - "WebSocket /api/ws" [accepted]
INFO:app.websocket_manager:WebSocket connected. Total active: 6
INFO:     connection open
INFO:     ('127.0.0.1', 58097) - "WebSocket /api/ws" [accepted]
INFO:app.websocket_manager:WebSocket connected. Total active: 7
INFO:     connection open
INFO:     ('127.0.0.1', 49902) - "WebSocket /api/ws" [accepted]
INFO:app.websocket_manager:WebSocket connected. Total active: 8
INFO:     connection open
INFO:     127.0.0.1:58388 - "GET /api/kpis HTTP/1.1" 500 Internal Server Error
ERROR:    Exception in ASGI application
Traceback (most recent call last):
  File 
"C:\Users\ismai\Documents\GitHub\New-Data-Fraud-detection\backend\.venv\Lib\site-packages\sqlalchemy\engine\base.py", 
line 146, in __init__
    self._dbapi_connection = engine.raw_connection()
                             ^^^^^^^^^^^^^^^^^^^^^^^
  File 
"C:\Users\ismai\Documents\GitHub\New-Data-Fraud-detection\backend\.venv\Lib\site-packages\sqlalchemy\engine\base.py", 
line 3302, in raw_connection
    return self.pool.connect()
           ^^^^^^^^^^^^^^^^^^^
  File 
"C:\Users\ismai\Documents\GitHub\New-Data-Fraud-detection\backend\.venv\Lib\site-packages\sqlalchemy\pool\base.py", 
line 449, in connect
    return _ConnectionFairy._checkout(self)
           ^^^^^^^^^^^^^^^^^^^^^^^^^^^^^^^^
  File 
"C:\Users\ismai\Documents\GitHub\New-Data-Fraud-detection\backend\.venv\Lib\site-packages\sqlalchemy\pool\base.py", 
line 1263, in _checkout
    fairy = _ConnectionRecord.checkout(pool)
            ^^^^^^^^^^^^^^^^^^^^^^^^^^^^^^^^
  File 
"C:\Users\ismai\Documents\GitHub\New-Data-Fraud-detection\backend\.venv\Lib\site-packages\sqlalchemy\pool\base.py", 
line 712, in checkout
    rec = pool._do_get()
          ^^^^^^^^^^^^^^
  File 
"C:\Users\ismai\Documents\GitHub\New-Data-Fraud-detection\backend\.venv\Lib\site-packages\sqlalchemy\pool\impl.py", 
line 179, in _do_get
    with util.safe_reraise():
  File "C:\Users\ismai\Documents\GitHub\New-Data-Fraud-detection\backend\.venv\Lib\site-packages\sqlalchemy\util\langhe
lpers.py", line 146, in __exit__
    raise exc_value.with_traceback(exc_tb)
  File 
"C:\Users\ismai\Documents\GitHub\New-Data-Fraud-detection\backend\.venv\Lib\site-packages\sqlalchemy\pool\impl.py", 
line 177, in _do_get
    return self._create_connection()
           ^^^^^^^^^^^^^^^^^^^^^^^^^
  File 
"C:\Users\ismai\Documents\GitHub\New-Data-Fraud-detection\backend\.venv\Lib\site-packages\sqlalchemy\pool\base.py", 
line 390, in _create_connection
    return _ConnectionRecord(self)
           ^^^^^^^^^^^^^^^^^^^^^^^
  File 
"C:\Users\ismai\Documents\GitHub\New-Data-Fraud-detection\backend\.venv\Lib\site-packages\sqlalchemy\pool\base.py", 
line 674, in __init__
    self.__connect()
  File 
"C:\Users\ismai\Documents\GitHub\New-Data-Fraud-detection\backend\.venv\Lib\site-packages\sqlalchemy\pool\base.py", 
line 900, in __connect
    with util.safe_reraise():
  File "C:\Users\ismai\Documents\GitHub\New-Data-Fraud-detection\backend\.venv\Lib\site-packages\sqlalchemy\util\langhe
lpers.py", line 146, in __exit__
    raise exc_value.with_traceback(exc_tb)
  File 
"C:\Users\ismai\Documents\GitHub\New-Data-Fraud-detection\backend\.venv\Lib\site-packages\sqlalchemy\pool\base.py", 
line 896, in __connect
    self.dbapi_connection = connection = pool._invoke_creator(self)
                                         ^^^^^^^^^^^^^^^^^^^^^^^^^^
  File "C:\Users\ismai\Documents\GitHub\New-Data-Fraud-detection\backend\.venv\Lib\site-packages\sqlalchemy\engine\crea
te.py", line 643, in connect
    return dialect.connect(*cargs, **cparams)
           ^^^^^^^^^^^^^^^^^^^^^^^^^^^^^^^^^^
  File "C:\Users\ismai\Documents\GitHub\New-Data-Fraud-detection\backend\.venv\Lib\site-packages\sqlalchemy\engine\defa
ult.py", line 621, in connect
    return self.loaded_dbapi.connect(*cargs, **cparams)
           ^^^^^^^^^^^^^^^^^^^^^^^^^^^^^^^^^^^^^^^^^^^^
  File 
"C:\Users\ismai\Documents\GitHub\New-Data-Fraud-detection\backend\.venv\Lib\site-packages\psycopg2\__init__.py", line 
122, in connect
    conn = _connect(dsn, connection_factory=connection_factory, **kwasync)
           ^^^^^^^^^^^^^^^^^^^^^^^^^^^^^^^^^^^^^^^^^^^^^^^^^^^^^^^^^^^^^^^
psycopg2.OperationalError: connection to server at "localhost" (::1), port 5432 failed: Connection refused 
(0x0000274D/10061)
	Is the server running on that host and accepting TCP/IP connections?
connection to server at "localhost" (127.0.0.1), port 5432 failed: Connection refused (0x0000274D/10061)
	Is the server running on that host and accepting TCP/IP connections?


The above exception was the direct cause of the following exception:

Traceback (most recent call last):
  File "C:\Users\ismai\Documents\GitHub\New-Data-Fraud-detection\backend\.venv\Lib\site-packages\uvicorn\protocols\http
\httptools_impl.py", line 409, in run_asgi
    result = await app(  # type: ignore[func-returns-value]
             ^^^^^^^^^^^^^^^^^^^^^^^^^^^^^^^^^^^^^^^^^^^^^^
  File "C:\Users\ismai\Documents\GitHub\New-Data-Fraud-detection\backend\.venv\Lib\site-packages\uvicorn\middleware\pro
xy_headers.py", line 60, in __call__
    return await self.app(scope, receive, send)
           ^^^^^^^^^^^^^^^^^^^^^^^^^^^^^^^^^^^^
  File 
"C:\Users\ismai\Documents\GitHub\New-Data-Fraud-detection\backend\.venv\Lib\site-packages\fastapi\applications.py", 
line 1054, in __call__
    await super().__call__(scope, receive, send)
  File 
"C:\Users\ismai\Documents\GitHub\New-Data-Fraud-detection\backend\.venv\Lib\site-packages\starlette\applications.py", 
line 113, in __call__
    await self.middleware_stack(scope, receive, send)
  File "C:\Users\ismai\Documents\GitHub\New-Data-Fraud-detection\backend\.venv\Lib\site-packages\starlette\middleware\e
rrors.py", line 187, in __call__
    raise exc
  File "C:\Users\ismai\Documents\GitHub\New-Data-Fraud-detection\backend\.venv\Lib\site-packages\starlette\middleware\e
rrors.py", line 165, in __call__
    await self.app(scope, receive, _send)
  File "C:\Users\ismai\Documents\GitHub\New-Data-Fraud-detection\backend\.venv\Lib\site-packages\starlette\middleware\c
ors.py", line 85, in __call__
    await self.app(scope, receive, send)
  File "C:\Users\ismai\Documents\GitHub\New-Data-Fraud-detection\backend\.venv\Lib\site-packages\starlette\middleware\e
xceptions.py", line 62, in __call__
    await wrap_app_handling_exceptions(self.app, conn)(scope, receive, send)
  File "C:\Users\ismai\Documents\GitHub\New-Data-Fraud-detection\backend\.venv\Lib\site-packages\starlette\_exception_h
andler.py", line 53, in wrapped_app
    raise exc
  File "C:\Users\ismai\Documents\GitHub\New-Data-Fraud-detection\backend\.venv\Lib\site-packages\starlette\_exception_h
andler.py", line 42, in wrapped_app
    await app(scope, receive, sender)
  File 
"C:\Users\ismai\Documents\GitHub\New-Data-Fraud-detection\backend\.venv\Lib\site-packages\starlette\routing.py", line 
715, in __call__
    await self.middleware_stack(scope, receive, send)
  File 
"C:\Users\ismai\Documents\GitHub\New-Data-Fraud-detection\backend\.venv\Lib\site-packages\starlette\routing.py", line 
735, in app
    await route.handle(scope, receive, send)
  File 
"C:\Users\ismai\Documents\GitHub\New-Data-Fraud-detection\backend\.venv\Lib\site-packages\starlette\routing.py", line 
288, in handle
    await self.app(scope, receive, send)
  File 
"C:\Users\ismai\Documents\GitHub\New-Data-Fraud-detection\backend\.venv\Lib\site-packages\starlette\routing.py", line 
76, in app
    await wrap_app_handling_exceptions(app, request)(scope, receive, send)
  File "C:\Users\ismai\Documents\GitHub\New-Data-Fraud-detection\backend\.venv\Lib\site-packages\starlette\_exception_h
andler.py", line 53, in wrapped_app
    raise exc
  File "C:\Users\ismai\Documents\GitHub\New-Data-Fraud-detection\backend\.venv\Lib\site-packages\starlette\_exception_h
andler.py", line 42, in wrapped_app
    await app(scope, receive, sender)
  File 
"C:\Users\ismai\Documents\GitHub\New-Data-Fraud-detection\backend\.venv\Lib\site-packages\starlette\routing.py", line 
73, in app
    response = await f(request)
               ^^^^^^^^^^^^^^^^
  File "C:\Users\ismai\Documents\GitHub\New-Data-Fraud-detection\backend\.venv\Lib\site-packages\fastapi\routing.py", 
line 301, in app
    raw_response = await run_endpoint_function(
                   ^^^^^^^^^^^^^^^^^^^^^^^^^^^^
  File "C:\Users\ismai\Documents\GitHub\New-Data-Fraud-detection\backend\.venv\Lib\site-packages\fastapi\routing.py", 
line 214, in run_endpoint_function
    return await run_in_threadpool(dependant.call, **values)
           ^^^^^^^^^^^^^^^^^^^^^^^^^^^^^^^^^^^^^^^^^^^^^^^^^
  File 
"C:\Users\ismai\Documents\GitHub\New-Data-Fraud-detection\backend\.venv\Lib\site-packages\starlette\concurrency.py", 
line 39, in run_in_threadpool
    return await anyio.to_thread.run_sync(func, *args)
           ^^^^^^^^^^^^^^^^^^^^^^^^^^^^^^^^^^^^^^^^^^^
  File "C:\Users\ismai\Documents\GitHub\New-Data-Fraud-detection\backend\.venv\Lib\site-packages\anyio\to_thread.py", 
line 65, in run_sync
    return await get_async_backend().run_sync_in_worker_thread(
           ^^^^^^^^^^^^^^^^^^^^^^^^^^^^^^^^^^^^^^^^^^^^^^^^^^^^
  File "C:\Users\ismai\Documents\GitHub\New-Data-Fraud-detection\backend\.venv\Lib\site-packages\anyio\_backends\_async
io.py", line 2706, in run_sync_in_worker_thread
    return await future
           ^^^^^^^^^^^^
  File "C:\Users\ismai\Documents\GitHub\New-Data-Fraud-detection\backend\.venv\Lib\site-packages\anyio\_backends\_async
io.py", line 1100, in run
    result = context.run(func, *args)
             ^^^^^^^^^^^^^^^^^^^^^^^^
  File "C:\Users\ismai\Documents\GitHub\New-Data-Fraud-detection\backend\app\routers\dashboard.py", line 59, in 
get_kpis
    row = session.execute(sql, params).mappings().one()
          ^^^^^^^^^^^^^^^^^^^^^^^^^^^^
  File 
"C:\Users\ismai\Documents\GitHub\New-Data-Fraud-detection\backend\.venv\Lib\site-packages\sqlalchemy\orm\session.py", 
line 2362, in execute
    return self._execute_internal(
           ^^^^^^^^^^^^^^^^^^^^^^^
  File 
"C:\Users\ismai\Documents\GitHub\New-Data-Fraud-detection\backend\.venv\Lib\site-packages\sqlalchemy\orm\session.py", 
line 2237, in _execute_internal
    conn = self._connection_for_bind(bind)
           ^^^^^^^^^^^^^^^^^^^^^^^^^^^^^^^
  File 
"C:\Users\ismai\Documents\GitHub\New-Data-Fraud-detection\backend\.venv\Lib\site-packages\sqlalchemy\orm\session.py", 
line 2106, in _connection_for_bind
    return trans._connection_for_bind(engine, execution_options)
           ^^^^^^^^^^^^^^^^^^^^^^^^^^^^^^^^^^^^^^^^^^^^^^^^^^^^^
  File "<string>", line 2, in _connection_for_bind
  File "C:\Users\ismai\Documents\GitHub\New-Data-Fraud-detection\backend\.venv\Lib\site-packages\sqlalchemy\orm\state_c
hanges.py", line 139, in _go
    ret_value = fn(self, *arg, **kw)
                ^^^^^^^^^^^^^^^^^^^^
  File 
"C:\Users\ismai\Documents\GitHub\New-Data-Fraud-detection\backend\.venv\Lib\site-packages\sqlalchemy\orm\session.py", 
line 1189, in _connection_for_bind
    conn = bind.connect()
           ^^^^^^^^^^^^^^
  File 
"C:\Users\ismai\Documents\GitHub\New-Data-Fraud-detection\backend\.venv\Lib\site-packages\sqlalchemy\engine\base.py", 
line 3278, in connect
    return self._connection_cls(self)
           ^^^^^^^^^^^^^^^^^^^^^^^^^^
  File 
"C:\Users\ismai\Documents\GitHub\New-Data-Fraud-detection\backend\.venv\Lib\site-packages\sqlalchemy\engine\base.py", 
line 148, in __init__
    Connection._handle_dbapi_exception_noconnection(
  File 
"C:\Users\ismai\Documents\GitHub\New-Data-Fraud-detection\backend\.venv\Lib\site-packages\sqlalchemy\engine\base.py", 
line 2442, in _handle_dbapi_exception_noconnection
    raise sqlalchemy_exception.with_traceback(exc_info[2]) from e
  File 
"C:\Users\ismai\Documents\GitHub\New-Data-Fraud-detection\backend\.venv\Lib\site-packages\sqlalchemy\engine\base.py", 
line 146, in __init__
    self._dbapi_connection = engine.raw_connection()
                             ^^^^^^^^^^^^^^^^^^^^^^^
  File 
"C:\Users\ismai\Documents\GitHub\New-Data-Fraud-detection\backend\.venv\Lib\site-packages\sqlalchemy\engine\base.py", 
line 3302, in raw_connection
    return self.pool.connect()
           ^^^^^^^^^^^^^^^^^^^
  File 
"C:\Users\ismai\Documents\GitHub\New-Data-Fraud-detection\backend\.venv\Lib\site-packages\sqlalchemy\pool\base.py", 
line 449, in connect
    return _ConnectionFairy._checkout(self)
           ^^^^^^^^^^^^^^^^^^^^^^^^^^^^^^^^
  File 
"C:\Users\ismai\Documents\GitHub\New-Data-Fraud-detection\backend\.venv\Lib\site-packages\sqlalchemy\pool\base.py", 
line 1263, in _checkout
    fairy = _ConnectionRecord.checkout(pool)
            ^^^^^^^^^^^^^^^^^^^^^^^^^^^^^^^^
  File 
"C:\Users\ismai\Documents\GitHub\New-Data-Fraud-detection\backend\.venv\Lib\site-packages\sqlalchemy\pool\base.py", 
line 712, in checkout
    rec = pool._do_get()
          ^^^^^^^^^^^^^^
  File 
"C:\Users\ismai\Documents\GitHub\New-Data-Fraud-detection\backend\.venv\Lib\site-packages\sqlalchemy\pool\impl.py", 
line 179, in _do_get
    with util.safe_reraise():
  File "C:\Users\ismai\Documents\GitHub\New-Data-Fraud-detection\backend\.venv\Lib\site-packages\sqlalchemy\util\langhe
lpers.py", line 146, in __exit__
    raise exc_value.with_traceback(exc_tb)
  File 
"C:\Users\ismai\Documents\GitHub\New-Data-Fraud-detection\backend\.venv\Lib\site-packages\sqlalchemy\pool\impl.py", 
line 177, in _do_get
    return self._create_connection()
           ^^^^^^^^^^^^^^^^^^^^^^^^^
  File 
"C:\Users\ismai\Documents\GitHub\New-Data-Fraud-detection\backend\.venv\Lib\site-packages\sqlalchemy\pool\base.py", 
line 390, in _create_connection
    return _ConnectionRecord(self)
           ^^^^^^^^^^^^^^^^^^^^^^^
  File 
"C:\Users\ismai\Documents\GitHub\New-Data-Fraud-detection\backend\.venv\Lib\site-packages\sqlalchemy\pool\base.py", 
line 674, in __init__
    self.__connect()
  File 
"C:\Users\ismai\Documents\GitHub\New-Data-Fraud-detection\backend\.venv\Lib\site-packages\sqlalchemy\pool\base.py", 
line 900, in __connect
    with util.safe_reraise():
  File "C:\Users\ismai\Documents\GitHub\New-Data-Fraud-detection\backend\.venv\Lib\site-packages\sqlalchemy\util\langhe
lpers.py", line 146, in __exit__
    raise exc_value.with_traceback(exc_tb)
  File 
"C:\Users\ismai\Documents\GitHub\New-Data-Fraud-detection\backend\.venv\Lib\site-packages\sqlalchemy\pool\base.py", 
line 896, in __connect
    self.dbapi_connection = connection = pool._invoke_creator(self)
                                         ^^^^^^^^^^^^^^^^^^^^^^^^^^
  File "C:\Users\ismai\Documents\GitHub\New-Data-Fraud-detection\backend\.venv\Lib\site-packages\sqlalchemy\engine\crea
te.py", line 643, in connect
    return dialect.connect(*cargs, **cparams)
           ^^^^^^^^^^^^^^^^^^^^^^^^^^^^^^^^^^
  File "C:\Users\ismai\Documents\GitHub\New-Data-Fraud-detection\backend\.venv\Lib\site-packages\sqlalchemy\engine\defa
ult.py", line 621, in connect
    return self.loaded_dbapi.connect(*cargs, **cparams)
           ^^^^^^^^^^^^^^^^^^^^^^^^^^^^^^^^^^^^^^^^^^^^
  File 
"C:\Users\ismai\Documents\GitHub\New-Data-Fraud-detection\backend\.venv\Lib\site-packages\psycopg2\__init__.py", line 
122, in connect
    conn = _connect(dsn, connection_factory=connection_factory, **kwasync)
           ^^^^^^^^^^^^^^^^^^^^^^^^^^^^^^^^^^^^^^^^^^^^^^^^^^^^^^^^^^^^^^^
sqlalchemy.exc.OperationalError: (psycopg2.OperationalError) connection to server at "localhost" (::1), port 5432 
failed: Connection refused (0x0000274D/10061)
	Is the server running on that host and accepting TCP/IP connections?
connection to server at "localhost" (127.0.0.1), port 5432 failed: Connection refused (0x0000274D/10061)
	Is the server running on that host and accepting TCP/IP connections?

(Background on this error at: https://sqlalche.me/e/20/e3q8)
ERROR:    Exception in ASGI application
Traceback (most recent call last):
  File 
"C:\Users\ismai\Documents\GitHub\New-Data-Fraud-detection\backend\.venv\Lib\site-packages\sqlalchemy\engine\base.py", 
line 146, in __init__
    self._dbapi_connection = engine.raw_connection()
                             ^^^^^^^^^^^^^^^^^^^^^^^
  File 
"C:\Users\ismai\Documents\GitHub\New-Data-Fraud-detection\backend\.venv\Lib\site-packages\sqlalchemy\engine\base.py", 
line 3302, in raw_connection
    return self.pool.connect()
           ^^^^^^^^^^^^^^^^^^^
  File 
"C:\Users\ismai\Documents\GitHub\New-Data-Fraud-detection\backend\.venv\Lib\site-packages\sqlalchemy\pool\base.py", 
line 449, in connect
    return _ConnectionFairy._checkout(self)
           ^^^^^^^^^^^^^^^^^^^^^^^^^^^^^^^^
  File 
"C:\Users\ismai\Documents\GitHub\New-Data-Fraud-detection\backend\.venv\Lib\site-packages\sqlalchemy\pool\base.py", 
line 1263, in _checkout
    fairy = _ConnectionRecord.checkout(pool)
            ^^^^^^^^^^^^^^^^^^^^^^^^^^^^^^^^
  File 
"C:\Users\ismai\Documents\GitHub\New-Data-Fraud-detection\backend\.venv\Lib\site-packages\sqlalchemy\pool\base.py", 
line 712, in checkout
    rec = pool._do_get()
          ^^^^^^^^^^^^^^
  File 
"C:\Users\ismai\Documents\GitHub\New-Data-Fraud-detection\backend\.venv\Lib\site-packages\sqlalchemy\pool\impl.py", 
line 179, in _do_get
    with util.safe_reraise():
  File "C:\Users\ismai\Documents\GitHub\New-Data-Fraud-detection\backend\.venv\Lib\site-packages\sqlalchemy\util\langhe
lpers.py", line 146, in __exit__
    raise exc_value.with_traceback(exc_tb)
  File 
"C:\Users\ismai\Documents\GitHub\New-Data-Fraud-detection\backend\.venv\Lib\site-packages\sqlalchemy\pool\impl.py", 
line 177, in _do_get
INFO:     127.0.0.1:58391 - "GET /api/analytics/risk-distribution HTTP/1.1" 500 Internal Server Error
    return self._create_connection()
           ^^^^^^^^^^^^^^^^^^^^^^^^^
  File 
"C:\Users\ismai\Documents\GitHub\New-Data-Fraud-detection\backend\.venv\Lib\site-packages\sqlalchemy\pool\base.py", 
line 390, in _create_connection
    return _ConnectionRecord(self)
           ^^^^^^^^^^^^^^^^^^^^^^^
  File 
"C:\Users\ismai\Documents\GitHub\New-Data-Fraud-detection\backend\.venv\Lib\site-packages\sqlalchemy\pool\base.py", 
line 674, in __init__
    self.__connect()
  File 
"C:\Users\ismai\Documents\GitHub\New-Data-Fraud-detection\backend\.venv\Lib\site-packages\sqlalchemy\pool\base.py", 
line 900, in __connect
    with util.safe_reraise():
  File "C:\Users\ismai\Documents\GitHub\New-Data-Fraud-detection\backend\.venv\Lib\site-packages\sqlalchemy\util\langhe
lpers.py", line 146, in __exit__
    raise exc_value.with_traceback(exc_tb)
  File 
"C:\Users\ismai\Documents\GitHub\New-Data-Fraud-detection\backend\.venv\Lib\site-packages\sqlalchemy\pool\base.py", 
line 896, in __connect
    self.dbapi_connection = connection = pool._invoke_creator(self)
                                         ^^^^^^^^^^^^^^^^^^^^^^^^^^
  File "C:\Users\ismai\Documents\GitHub\New-Data-Fraud-detection\backend\.venv\Lib\site-packages\sqlalchemy\engine\crea
te.py", line 643, in connect
    return dialect.connect(*cargs, **cparams)
           ^^^^^^^^^^^^^^^^^^^^^^^^^^^^^^^^^^
  File "C:\Users\ismai\Documents\GitHub\New-Data-Fraud-detection\backend\.venv\Lib\site-packages\sqlalchemy\engine\defa
ult.py", line 621, in connect
    return self.loaded_dbapi.connect(*cargs, **cparams)
           ^^^^^^^^^^^^^^^^^^^^^^^^^^^^^^^^^^^^^^^^^^^^
  File 
"C:\Users\ismai\Documents\GitHub\New-Data-Fraud-detection\backend\.venv\Lib\site-packages\psycopg2\__init__.py", line 
122, in connect
    conn = _connect(dsn, connection_factory=connection_factory, **kwasync)
           ^^^^^^^^^^^^^^^^^^^^^^^^^^^^^^^^^^^^^^^^^^^^^^^^^^^^^^^^^^^^^^^
psycopg2.OperationalError: connection to server at "localhost" (::1), port 5432 failed: Connection refused 
(0x0000274D/10061)
	Is the server running on that host and accepting TCP/IP connections?
connection to server at "localhost" (127.0.0.1), port 5432 failed: Connection refused (0x0000274D/10061)
	Is the server running on that host and accepting TCP/IP connections?


The above exception was the direct cause of the following exception:

Traceback (most recent call last):
  File "C:\Users\ismai\Documents\GitHub\New-Data-Fraud-detection\backend\.venv\Lib\site-packages\uvicorn\protocols\http
\httptools_impl.py", line 409, in run_asgi
    result = await app(  # type: ignore[func-returns-value]
             ^^^^^^^^^^^^^^^^^^^^^^^^^^^^^^^^^^^^^^^^^^^^^^
  File "C:\Users\ismai\Documents\GitHub\New-Data-Fraud-detection\backend\.venv\Lib\site-packages\uvicorn\middleware\pro
xy_headers.py", line 60, in __call__
    return await self.app(scope, receive, send)
           ^^^^^^^^^^^^^^^^^^^^^^^^^^^^^^^^^^^^
  File 
"C:\Users\ismai\Documents\GitHub\New-Data-Fraud-detection\backend\.venv\Lib\site-packages\fastapi\applications.py", 
line 1054, in __call__
    await super().__call__(scope, receive, send)
  File 
"C:\Users\ismai\Documents\GitHub\New-Data-Fraud-detection\backend\.venv\Lib\site-packages\starlette\applications.py", 
line 113, in __call__
    await self.middleware_stack(scope, receive, send)
  File "C:\Users\ismai\Documents\GitHub\New-Data-Fraud-detection\backend\.venv\Lib\site-packages\starlette\middleware\e
rrors.py", line 187, in __call__
    raise exc
  File "C:\Users\ismai\Documents\GitHub\New-Data-Fraud-detection\backend\.venv\Lib\site-packages\starlette\middleware\e
rrors.py", line 165, in __call__
    await self.app(scope, receive, _send)
  File "C:\Users\ismai\Documents\GitHub\New-Data-Fraud-detection\backend\.venv\Lib\site-packages\starlette\middleware\c
ors.py", line 85, in __call__
    await self.app(scope, receive, send)
  File "C:\Users\ismai\Documents\GitHub\New-Data-Fraud-detection\backend\.venv\Lib\site-packages\starlette\middleware\e
xceptions.py", line 62, in __call__
    await wrap_app_handling_exceptions(self.app, conn)(scope, receive, send)
  File "C:\Users\ismai\Documents\GitHub\New-Data-Fraud-detection\backend\.venv\Lib\site-packages\starlette\_exception_h
andler.py", line 53, in wrapped_app
    raise exc
  File "C:\Users\ismai\Documents\GitHub\New-Data-Fraud-detection\backend\.venv\Lib\site-packages\starlette\_exception_h
andler.py", line 42, in wrapped_app
    await app(scope, receive, sender)
  File 
"C:\Users\ismai\Documents\GitHub\New-Data-Fraud-detection\backend\.venv\Lib\site-packages\starlette\routing.py", line 
715, in __call__
    await self.middleware_stack(scope, receive, send)
  File 
"C:\Users\ismai\Documents\GitHub\New-Data-Fraud-detection\backend\.venv\Lib\site-packages\starlette\routing.py", line 
735, in app
    await route.handle(scope, receive, send)
  File 
"C:\Users\ismai\Documents\GitHub\New-Data-Fraud-detection\backend\.venv\Lib\site-packages\starlette\routing.py", line 
288, in handle
    await self.app(scope, receive, send)
  File 
"C:\Users\ismai\Documents\GitHub\New-Data-Fraud-detection\backend\.venv\Lib\site-packages\starlette\routing.py", line 
76, in app
    await wrap_app_handling_exceptions(app, request)(scope, receive, send)
  File "C:\Users\ismai\Documents\GitHub\New-Data-Fraud-detection\backend\.venv\Lib\site-packages\starlette\_exception_h
andler.py", line 53, in wrapped_app
    raise exc
  File "C:\Users\ismai\Documents\GitHub\New-Data-Fraud-detection\backend\.venv\Lib\site-packages\starlette\_exception_h
andler.py", line 42, in wrapped_app
    await app(scope, receive, sender)
  File 
"C:\Users\ismai\Documents\GitHub\New-Data-Fraud-detection\backend\.venv\Lib\site-packages\starlette\routing.py", line 
73, in app
    response = await f(request)
               ^^^^^^^^^^^^^^^^
  File "C:\Users\ismai\Documents\GitHub\New-Data-Fraud-detection\backend\.venv\Lib\site-packages\fastapi\routing.py", 
line 301, in app
    raw_response = await run_endpoint_function(
                   ^^^^^^^^^^^^^^^^^^^^^^^^^^^^
  File "C:\Users\ismai\Documents\GitHub\New-Data-Fraud-detection\backend\.venv\Lib\site-packages\fastapi\routing.py", 
line 214, in run_endpoint_function
    return await run_in_threadpool(dependant.call, **values)
           ^^^^^^^^^^^^^^^^^^^^^^^^^^^^^^^^^^^^^^^^^^^^^^^^^
  File 
"C:\Users\ismai\Documents\GitHub\New-Data-Fraud-detection\backend\.venv\Lib\site-packages\starlette\concurrency.py", 
line 39, in run_in_threadpool
    return await anyio.to_thread.run_sync(func, *args)
           ^^^^^^^^^^^^^^^^^^^^^^^^^^^^^^^^^^^^^^^^^^^
  File "C:\Users\ismai\Documents\GitHub\New-Data-Fraud-detection\backend\.venv\Lib\site-packages\anyio\to_thread.py", 
line 65, in run_sync
    return await get_async_backend().run_sync_in_worker_thread(
           ^^^^^^^^^^^^^^^^^^^^^^^^^^^^^^^^^^^^^^^^^^^^^^^^^^^^
  File "C:\Users\ismai\Documents\GitHub\New-Data-Fraud-detection\backend\.venv\Lib\site-packages\anyio\_backends\_async
io.py", line 2706, in run_sync_in_worker_thread
    return await future
           ^^^^^^^^^^^^
  File "C:\Users\ismai\Documents\GitHub\New-Data-Fraud-detection\backend\.venv\Lib\site-packages\anyio\_backends\_async
io.py", line 1100, in run
    result = context.run(func, *args)
             ^^^^^^^^^^^^^^^^^^^^^^^^
  File "C:\Users\ismai\Documents\GitHub\New-Data-Fraud-detection\backend\app\routers\dashboard.py", line 194, in 
get_risk_distribution
    rows = session.execute(sql).mappings().all()
           ^^^^^^^^^^^^^^^^^^^^
  File 
"C:\Users\ismai\Documents\GitHub\New-Data-Fraud-detection\backend\.venv\Lib\site-packages\sqlalchemy\orm\session.py", 
line 2362, in execute
    return self._execute_internal(
           ^^^^^^^^^^^^^^^^^^^^^^^
  File 
"C:\Users\ismai\Documents\GitHub\New-Data-Fraud-detection\backend\.venv\Lib\site-packages\sqlalchemy\orm\session.py", 
line 2237, in _execute_internal
    conn = self._connection_for_bind(bind)
           ^^^^^^^^^^^^^^^^^^^^^^^^^^^^^^^
  File 
"C:\Users\ismai\Documents\GitHub\New-Data-Fraud-detection\backend\.venv\Lib\site-packages\sqlalchemy\orm\session.py", 
line 2106, in _connection_for_bind
    return trans._connection_for_bind(engine, execution_options)
           ^^^^^^^^^^^^^^^^^^^^^^^^^^^^^^^^^^^^^^^^^^^^^^^^^^^^^
  File "<string>", line 2, in _connection_for_bind
  File "C:\Users\ismai\Documents\GitHub\New-Data-Fraud-detection\backend\.venv\Lib\site-packages\sqlalchemy\orm\state_c
hanges.py", line 139, in _go
    ret_value = fn(self, *arg, **kw)
                ^^^^^^^^^^^^^^^^^^^^
  File 
"C:\Users\ismai\Documents\GitHub\New-Data-Fraud-detection\backend\.venv\Lib\site-packages\sqlalchemy\orm\session.py", 
line 1189, in _connection_for_bind
    conn = bind.connect()
           ^^^^^^^^^^^^^^
  File 
"C:\Users\ismai\Documents\GitHub\New-Data-Fraud-detection\backend\.venv\Lib\site-packages\sqlalchemy\engine\base.py", 
line 3278, in connect
    return self._connection_cls(self)
           ^^^^^^^^^^^^^^^^^^^^^^^^^^
  File 
"C:\Users\ismai\Documents\GitHub\New-Data-Fraud-detection\backend\.venv\Lib\site-packages\sqlalchemy\engine\base.py", 
line 148, in __init__
    Connection._handle_dbapi_exception_noconnection(
  File 
"C:\Users\ismai\Documents\GitHub\New-Data-Fraud-detection\backend\.venv\Lib\site-packages\sqlalchemy\engine\base.py", 
line 2442, in _handle_dbapi_exception_noconnection
    raise sqlalchemy_exception.with_traceback(exc_info[2]) from e
  File 
"C:\Users\ismai\Documents\GitHub\New-Data-Fraud-detection\backend\.venv\Lib\site-packages\sqlalchemy\engine\base.py", 
line 146, in __init__
    self._dbapi_connection = engine.raw_connection()
                             ^^^^^^^^^^^^^^^^^^^^^^^
  File 
"C:\Users\ismai\Documents\GitHub\New-Data-Fraud-detection\backend\.venv\Lib\site-packages\sqlalchemy\engine\base.py", 
line 3302, in raw_connection
    return self.pool.connect()
           ^^^^^^^^^^^^^^^^^^^
  File 
"C:\Users\ismai\Documents\GitHub\New-Data-Fraud-detection\backend\.venv\Lib\site-packages\sqlalchemy\pool\base.py", 
line 449, in connect
    return _ConnectionFairy._checkout(self)
           ^^^^^^^^^^^^^^^^^^^^^^^^^^^^^^^^
  File 
"C:\Users\ismai\Documents\GitHub\New-Data-Fraud-detection\backend\.venv\Lib\site-packages\sqlalchemy\pool\base.py", 
line 1263, in _checkout
    fairy = _ConnectionRecord.checkout(pool)
            ^^^^^^^^^^^^^^^^^^^^^^^^^^^^^^^^
  File 
"C:\Users\ismai\Documents\GitHub\New-Data-Fraud-detection\backend\.venv\Lib\site-packages\sqlalchemy\pool\base.py", 
line 712, in checkout
    rec = pool._do_get()
          ^^^^^^^^^^^^^^
  File 
"C:\Users\ismai\Documents\GitHub\New-Data-Fraud-detection\backend\.venv\Lib\site-packages\sqlalchemy\pool\impl.py", 
line 179, in _do_get
    with util.safe_reraise():
  File "C:\Users\ismai\Documents\GitHub\New-Data-Fraud-detection\backend\.venv\Lib\site-packages\sqlalchemy\util\langhe
lpers.py", line 146, in __exit__
    raise exc_value.with_traceback(exc_tb)
  File 
"C:\Users\ismai\Documents\GitHub\New-Data-Fraud-detection\backend\.venv\Lib\site-packages\sqlalchemy\pool\impl.py", 
line 177, in _do_get
    return self._create_connection()
           ^^^^^^^^^^^^^^^^^^^^^^^^^
  File 
"C:\Users\ismai\Documents\GitHub\New-Data-Fraud-detection\backend\.venv\Lib\site-packages\sqlalchemy\pool\base.py", 
line 390, in _create_connection
    return _ConnectionRecord(self)
           ^^^^^^^^^^^^^^^^^^^^^^^
  File 
"C:\Users\ismai\Documents\GitHub\New-Data-Fraud-detection\backend\.venv\Lib\site-packages\sqlalchemy\pool\base.py", 
line 674, in __init__
    self.__connect()
  File 
"C:\Users\ismai\Documents\GitHub\New-Data-Fraud-detection\backend\.venv\Lib\site-packages\sqlalchemy\pool\base.py", 
line 900, in __connect
    with util.safe_reraise():
  File "C:\Users\ismai\Documents\GitHub\New-Data-Fraud-detection\backend\.venv\Lib\site-packages\sqlalchemy\util\langhe
lpers.py", line 146, in __exit__
    raise exc_value.with_traceback(exc_tb)
  File 
"C:\Users\ismai\Documents\GitHub\New-Data-Fraud-detection\backend\.venv\Lib\site-packages\sqlalchemy\pool\base.py", 
line 896, in __connect
    self.dbapi_connection = connection = pool._invoke_creator(self)
                                         ^^^^^^^^^^^^^^^^^^^^^^^^^^
INFO:     127.0.0.1:58390 - "GET /api/analytics/windows HTTP/1.1" 500 Internal Server Error
  File "C:\Users\ismai\Documents\GitHub\New-Data-Fraud-detection\backend\.venv\Lib\site-packages\sqlalchemy\engine\crea
te.py", line 643, in connect
    return dialect.connect(*cargs, **cparams)
           ^^^^^^^^^^^^^^^^^^^^^^^^^^^^^^^^^^
  File "C:\Users\ismai\Documents\GitHub\New-Data-Fraud-detection\backend\.venv\Lib\site-packages\sqlalchemy\engine\defa
ult.py", line 621, in connect
    return self.loaded_dbapi.connect(*cargs, **cparams)
           ^^^^^^^^^^^^^^^^^^^^^^^^^^^^^^^^^^^^^^^^^^^^
  File 
"C:\Users\ismai\Documents\GitHub\New-Data-Fraud-detection\backend\.venv\Lib\site-packages\psycopg2\__init__.py", line 
122, in connect
    conn = _connect(dsn, connection_factory=connection_factory, **kwasync)
           ^^^^^^^^^^^^^^^^^^^^^^^^^^^^^^^^^^^^^^^^^^^^^^^^^^^^^^^^^^^^^^^
sqlalchemy.exc.OperationalError: (psycopg2.OperationalError) connection to server at "localhost" (::1), port 5432 
failed: Connection refused (0x0000274D/10061)
	Is the server running on that host and accepting TCP/IP connections?
connection to server at "localhost" (127.0.0.1), port 5432 failed: Connection refused (0x0000274D/10061)
	Is the server running on that host and accepting TCP/IP connections?

(Background on this error at: https://sqlalche.me/e/20/e3q8)
ERROR:    Exception in ASGI application
Traceback (most recent call last):
  File 
"C:\Users\ismai\Documents\GitHub\New-Data-Fraud-detection\backend\.venv\Lib\site-packages\sqlalchemy\engine\base.py", 
line 146, in __init__
    self._dbapi_connection = engine.raw_connection()
                             ^^^^^^^^^^^^^^^^^^^^^^^
  File 
"C:\Users\ismai\Documents\GitHub\New-Data-Fraud-detection\backend\.venv\Lib\site-packages\sqlalchemy\engine\base.py", 
line 3302, in raw_connection
    return self.pool.connect()
           ^^^^^^^^^^^^^^^^^^^
  File 
"C:\Users\ismai\Documents\GitHub\New-Data-Fraud-detection\backend\.venv\Lib\site-packages\sqlalchemy\pool\base.py", 
line 449, in connect
    return _ConnectionFairy._checkout(self)
           ^^^^^^^^^^^^^^^^^^^^^^^^^^^^^^^^
  File 
"C:\Users\ismai\Documents\GitHub\New-Data-Fraud-detection\backend\.venv\Lib\site-packages\sqlalchemy\pool\base.py", 
line 1263, in _checkout
    fairy = _ConnectionRecord.checkout(pool)
            ^^^^^^^^^^^^^^^^^^^^^^^^^^^^^^^^
  File 
"C:\Users\ismai\Documents\GitHub\New-Data-Fraud-detection\backend\.venv\Lib\site-packages\sqlalchemy\pool\base.py", 
line 712, in checkout
    rec = pool._do_get()
          ^^^^^^^^^^^^^^
  File 
"C:\Users\ismai\Documents\GitHub\New-Data-Fraud-detection\backend\.venv\Lib\site-packages\sqlalchemy\pool\impl.py", 
line 179, in _do_get
    with util.safe_reraise():
  File "C:\Users\ismai\Documents\GitHub\New-Data-Fraud-detection\backend\.venv\Lib\site-packages\sqlalchemy\util\langhe
lpers.py", line 146, in __exit__
    raise exc_value.with_traceback(exc_tb)
  File 
"C:\Users\ismai\Documents\GitHub\New-Data-Fraud-detection\backend\.venv\Lib\site-packages\sqlalchemy\pool\impl.py", 
line 177, in _do_get
    return self._create_connection()
           ^^^^^^^^^^^^^^^^^^^^^^^^^
  File 
"C:\Users\ismai\Documents\GitHub\New-Data-Fraud-detection\backend\.venv\Lib\site-packages\sqlalchemy\pool\base.py", 
line 390, in _create_connection
    return _ConnectionRecord(self)
           ^^^^^^^^^^^^^^^^^^^^^^^
  File 
"C:\Users\ismai\Documents\GitHub\New-Data-Fraud-detection\backend\.venv\Lib\site-packages\sqlalchemy\pool\base.py", 
line 674, in __init__
    self.__connect()
  File 
"C:\Users\ismai\Documents\GitHub\New-Data-Fraud-detection\backend\.venv\Lib\site-packages\sqlalchemy\pool\base.py", 
line 900, in __connect
    with util.safe_reraise():
  File "C:\Users\ismai\Documents\GitHub\New-Data-Fraud-detection\backend\.venv\Lib\site-packages\sqlalchemy\util\langhe
lpers.py", line 146, in __exit__
    raise exc_value.with_traceback(exc_tb)
  File 
"C:\Users\ismai\Documents\GitHub\New-Data-Fraud-detection\backend\.venv\Lib\site-packages\sqlalchemy\pool\base.py", 
line 896, in __connect
    self.dbapi_connection = connection = pool._invoke_creator(self)
                                         ^^^^^^^^^^^^^^^^^^^^^^^^^^
  File "C:\Users\ismai\Documents\GitHub\New-Data-Fraud-detection\backend\.venv\Lib\site-packages\sqlalchemy\engine\crea
te.py", line 643, in connect
    return dialect.connect(*cargs, **cparams)
           ^^^^^^^^^^^^^^^^^^^^^^^^^^^^^^^^^^
  File "C:\Users\ismai\Documents\GitHub\New-Data-Fraud-detection\backend\.venv\Lib\site-packages\sqlalchemy\engine\defa
ult.py", line 621, in connect
    return self.loaded_dbapi.connect(*cargs, **cparams)
           ^^^^^^^^^^^^^^^^^^^^^^^^^^^^^^^^^^^^^^^^^^^^
  File 
"C:\Users\ismai\Documents\GitHub\New-Data-Fraud-detection\backend\.venv\Lib\site-packages\psycopg2\__init__.py", line 
122, in connect
    conn = _connect(dsn, connection_factory=connection_factory, **kwasync)
           ^^^^^^^^^^^^^^^^^^^^^^^^^^^^^^^^^^^^^^^^^^^^^^^^^^^^^^^^^^^^^^^
psycopg2.OperationalError: connection to server at "localhost" (::1), port 5432 failed: Connection refused 
(0x0000274D/10061)
	Is the server running on that host and accepting TCP/IP connections?
connection to server at "localhost" (127.0.0.1), port 5432 failed: Connection refused (0x0000274D/10061)
	Is the server running on that host and accepting TCP/IP connections?


The above exception was the direct cause of the following exception:

Traceback (most recent call last):
  File "C:\Users\ismai\Documents\GitHub\New-Data-Fraud-detection\backend\.venv\Lib\site-packages\uvicorn\protocols\http
\httptools_impl.py", line 409, in run_asgi
    result = await app(  # type: ignore[func-returns-value]
             ^^^^^^^^^^^^^^^^^^^^^^^^^^^^^^^^^^^^^^^^^^^^^^
  File "C:\Users\ismai\Documents\GitHub\New-Data-Fraud-detection\backend\.venv\Lib\site-packages\uvicorn\middleware\pro
xy_headers.py", line 60, in __call__
    return await self.app(scope, receive, send)
           ^^^^^^^^^^^^^^^^^^^^^^^^^^^^^^^^^^^^
  File 
"C:\Users\ismai\Documents\GitHub\New-Data-Fraud-detection\backend\.venv\Lib\site-packages\fastapi\applications.py", 
line 1054, in __call__
    await super().__call__(scope, receive, send)
  File 
"C:\Users\ismai\Documents\GitHub\New-Data-Fraud-detection\backend\.venv\Lib\site-packages\starlette\applications.py", 
line 113, in __call__
    await self.middleware_stack(scope, receive, send)
  File "C:\Users\ismai\Documents\GitHub\New-Data-Fraud-detection\backend\.venv\Lib\site-packages\starlette\middleware\e
rrors.py", line 187, in __call__
    raise exc
  File "C:\Users\ismai\Documents\GitHub\New-Data-Fraud-detection\backend\.venv\Lib\site-packages\starlette\middleware\e
rrors.py", line 165, in __call__
    await self.app(scope, receive, _send)
  File "C:\Users\ismai\Documents\GitHub\New-Data-Fraud-detection\backend\.venv\Lib\site-packages\starlette\middleware\c
ors.py", line 85, in __call__
    await self.app(scope, receive, send)
  File "C:\Users\ismai\Documents\GitHub\New-Data-Fraud-detection\backend\.venv\Lib\site-packages\starlette\middleware\e
xceptions.py", line 62, in __call__
    await wrap_app_handling_exceptions(self.app, conn)(scope, receive, send)
  File "C:\Users\ismai\Documents\GitHub\New-Data-Fraud-detection\backend\.venv\Lib\site-packages\starlette\_exception_h
andler.py", line 53, in wrapped_app
    raise exc
  File "C:\Users\ismai\Documents\GitHub\New-Data-Fraud-detection\backend\.venv\Lib\site-packages\starlette\_exception_h
andler.py", line 42, in wrapped_app
    await app(scope, receive, sender)
  File 
"C:\Users\ismai\Documents\GitHub\New-Data-Fraud-detection\backend\.venv\Lib\site-packages\starlette\routing.py", line 
715, in __call__
    await self.middleware_stack(scope, receive, send)
  File 
"C:\Users\ismai\Documents\GitHub\New-Data-Fraud-detection\backend\.venv\Lib\site-packages\starlette\routing.py", line 
735, in app
    await route.handle(scope, receive, send)
  File 
"C:\Users\ismai\Documents\GitHub\New-Data-Fraud-detection\backend\.venv\Lib\site-packages\starlette\routing.py", line 
288, in handle
    await self.app(scope, receive, send)
  File 
"C:\Users\ismai\Documents\GitHub\New-Data-Fraud-detection\backend\.venv\Lib\site-packages\starlette\routing.py", line 
76, in app
    await wrap_app_handling_exceptions(app, request)(scope, receive, send)
  File "C:\Users\ismai\Documents\GitHub\New-Data-Fraud-detection\backend\.venv\Lib\site-packages\starlette\_exception_h
andler.py", line 53, in wrapped_app
    raise exc
  File "C:\Users\ismai\Documents\GitHub\New-Data-Fraud-detection\backend\.venv\Lib\site-packages\starlette\_exception_h
andler.py", line 42, in wrapped_app
    await app(scope, receive, sender)
  File 
"C:\Users\ismai\Documents\GitHub\New-Data-Fraud-detection\backend\.venv\Lib\site-packages\starlette\routing.py", line 
73, in app
    response = await f(request)
               ^^^^^^^^^^^^^^^^
  File "C:\Users\ismai\Documents\GitHub\New-Data-Fraud-detection\backend\.venv\Lib\site-packages\fastapi\routing.py", 
line 301, in app
    raw_response = await run_endpoint_function(
                   ^^^^^^^^^^^^^^^^^^^^^^^^^^^^
  File "C:\Users\ismai\Documents\GitHub\New-Data-Fraud-detection\backend\.venv\Lib\site-packages\fastapi\routing.py", 
line 214, in run_endpoint_function
    return await run_in_threadpool(dependant.call, **values)
           ^^^^^^^^^^^^^^^^^^^^^^^^^^^^^^^^^^^^^^^^^^^^^^^^^
  File 
"C:\Users\ismai\Documents\GitHub\New-Data-Fraud-detection\backend\.venv\Lib\site-packages\starlette\concurrency.py", 
line 39, in run_in_threadpool
    return await anyio.to_thread.run_sync(func, *args)
           ^^^^^^^^^^^^^^^^^^^^^^^^^^^^^^^^^^^^^^^^^^^
  File "C:\Users\ismai\Documents\GitHub\New-Data-Fraud-detection\backend\.venv\Lib\site-packages\anyio\to_thread.py", 
line 65, in run_sync
    return await get_async_backend().run_sync_in_worker_thread(
           ^^^^^^^^^^^^^^^^^^^^^^^^^^^^^^^^^^^^^^^^^^^^^^^^^^^^
  File "C:\Users\ismai\Documents\GitHub\New-Data-Fraud-detection\backend\.venv\Lib\site-packages\anyio\_backends\_async
io.py", line 2706, in run_sync_in_worker_thread
    return await future
           ^^^^^^^^^^^^
  File "C:\Users\ismai\Documents\GitHub\New-Data-Fraud-detection\backend\.venv\Lib\site-packages\anyio\_backends\_async
io.py", line 1100, in run
    result = context.run(func, *args)
             ^^^^^^^^^^^^^^^^^^^^^^^^
  File "C:\Users\ismai\Documents\GitHub\New-Data-Fraud-detection\backend\app\routers\dashboard.py", line 155, in 
get_analytics_windows
    latest = session.execute(text("SELECT MAX(session_date) FROM subscribers_daily")).scalar_one()
             ^^^^^^^^^^^^^^^^^^^^^^^^^^^^^^^^^^^^^^^^^^^^^^^^^^^^^^^^^^^^^^^^^^^^^^^^
  File 
"C:\Users\ismai\Documents\GitHub\New-Data-Fraud-detection\backend\.venv\Lib\site-packages\sqlalchemy\orm\session.py", 
line 2362, in execute
    return self._execute_internal(
           ^^^^^^^^^^^^^^^^^^^^^^^
  File 
"C:\Users\ismai\Documents\GitHub\New-Data-Fraud-detection\backend\.venv\Lib\site-packages\sqlalchemy\orm\session.py", 
line 2237, in _execute_internal
    conn = self._connection_for_bind(bind)
           ^^^^^^^^^^^^^^^^^^^^^^^^^^^^^^^
  File 
"C:\Users\ismai\Documents\GitHub\New-Data-Fraud-detection\backend\.venv\Lib\site-packages\sqlalchemy\orm\session.py", 
line 2106, in _connection_for_bind
    return trans._connection_for_bind(engine, execution_options)
           ^^^^^^^^^^^^^^^^^^^^^^^^^^^^^^^^^^^^^^^^^^^^^^^^^^^^^
  File "<string>", line 2, in _connection_for_bind
  File "C:\Users\ismai\Documents\GitHub\New-Data-Fraud-detection\backend\.venv\Lib\site-packages\sqlalchemy\orm\state_c
hanges.py", line 139, in _go
    ret_value = fn(self, *arg, **kw)
                ^^^^^^^^^^^^^^^^^^^^
  File 
"C:\Users\ismai\Documents\GitHub\New-Data-Fraud-detection\backend\.venv\Lib\site-packages\sqlalchemy\orm\session.py", 
line 1189, in _connection_for_bind
    conn = bind.connect()
           ^^^^^^^^^^^^^^
  File 
"C:\Users\ismai\Documents\GitHub\New-Data-Fraud-detection\backend\.venv\Lib\site-packages\sqlalchemy\engine\base.py", 
line 3278, in connect
    return self._connection_cls(self)
           ^^^^^^^^^^^^^^^^^^^^^^^^^^
  File 
"C:\Users\ismai\Documents\GitHub\New-Data-Fraud-detection\backend\.venv\Lib\site-packages\sqlalchemy\engine\base.py", 
line 148, in __init__
    Connection._handle_dbapi_exception_noconnection(
  File 
"C:\Users\ismai\Documents\GitHub\New-Data-Fraud-detection\backend\.venv\Lib\site-packages\sqlalchemy\engine\base.py", 
line 2442, in _handle_dbapi_exception_noconnection
    raise sqlalchemy_exception.with_traceback(exc_info[2]) from e
  File 
"C:\Users\ismai\Documents\GitHub\New-Data-Fraud-detection\backend\.venv\Lib\site-packages\sqlalchemy\engine\base.py", 
line 146, in __init__
    self._dbapi_connection = engine.raw_connection()
                             ^^^^^^^^^^^^^^^^^^^^^^^
  File 
"C:\Users\ismai\Documents\GitHub\New-Data-Fraud-detection\backend\.venv\Lib\site-packages\sqlalchemy\engine\base.py", 
line 3302, in raw_connection
    return self.pool.connect()
           ^^^^^^^^^^^^^^^^^^^
  File 
"C:\Users\ismai\Documents\GitHub\New-Data-Fraud-detection\backend\.venv\Lib\site-packages\sqlalchemy\pool\base.py", 
line 449, in connect
    return _ConnectionFairy._checkout(self)
           ^^^^^^^^^^^^^^^^^^^^^^^^^^^^^^^^
  File 
"C:\Users\ismai\Documents\GitHub\New-Data-Fraud-detection\backend\.venv\Lib\site-packages\sqlalchemy\pool\base.py", 
line 1263, in _checkout
    fairy = _ConnectionRecord.checkout(pool)
            ^^^^^^^^^^^^^^^^^^^^^^^^^^^^^^^^
  File 
"C:\Users\ismai\Documents\GitHub\New-Data-Fraud-detection\backend\.venv\Lib\site-packages\sqlalchemy\pool\base.py", 
line 712, in checkout
    rec = pool._do_get()
          ^^^^^^^^^^^^^^
  File 
"C:\Users\ismai\Documents\GitHub\New-Data-Fraud-detection\backend\.venv\Lib\site-packages\sqlalchemy\pool\impl.py", 
line 179, in _do_get
    with util.safe_reraise():
  File "C:\Users\ismai\Documents\GitHub\New-Data-Fraud-detection\backend\.venv\Lib\site-packages\sqlalchemy\util\langhe
lpers.py", line 146, in __exit__
    raise exc_value.with_traceback(exc_tb)
  File 
"C:\Users\ismai\Documents\GitHub\New-Data-Fraud-detection\backend\.venv\Lib\site-packages\sqlalchemy\pool\impl.py", 
line 177, in _do_get
    return self._create_connection()
           ^^^^^^^^^^^^^^^^^^^^^^^^^
  File 
"C:\Users\ismai\Documents\GitHub\New-Data-Fraud-detection\backend\.venv\Lib\site-packages\sqlalchemy\pool\base.py", 
line 390, in _create_connection
    return _ConnectionRecord(self)
           ^^^^^^^^^^^^^^^^^^^^^^^
  File 
"C:\Users\ismai\Documents\GitHub\New-Data-Fraud-detection\backend\.venv\Lib\site-packages\sqlalchemy\pool\base.py", 
line 674, in __init__
    self.__connect()
  File 
"C:\Users\ismai\Documents\GitHub\New-Data-Fraud-detection\backend\.venv\Lib\site-packages\sqlalchemy\pool\base.py", 
line 900, in __connect
    with util.safe_reraise():
  File "C:\Users\ismai\Documents\GitHub\New-Data-Fraud-detection\backend\.venv\Lib\site-packages\sqlalchemy\util\langhe
lpers.py", line 146, in __exit__
    raise exc_value.with_traceback(exc_tb)
  File 
"C:\Users\ismai\Documents\GitHub\New-Data-Fraud-detection\backend\.venv\Lib\site-packages\sqlalchemy\pool\base.py", 
line 896, in __connect
    self.dbapi_connection = connection = pool._invoke_creator(self)
                                         ^^^^^^^^^^^^^^^^^^^^^^^^^^
  File "C:\Users\ismai\Documents\GitHub\New-Data-Fraud-detection\backend\.venv\Lib\site-packages\sqlalchemy\engine\crea
te.py", line 643, in connect
    return dialect.connect(*cargs, **cparams)
           ^^^^^^^^^^^^^^^^^^^^^^^^^^^^^^^^^^
  File "C:\Users\ismai\Documents\GitHub\New-Data-Fraud-detection\backend\.venv\Lib\site-packages\sqlalchemy\engine\defa
ult.py", line 621, in connect
    return self.loaded_dbapi.connect(*cargs, **cparams)
           ^^^^^^^^^^^^^^^^^^^^^^^^^^^^^^^^^^^^^^^^^^^^
  File 
"C:\Users\ismai\Documents\GitHub\New-Data-Fraud-detection\backend\.venv\Lib\site-packages\psycopg2\__init__.py", line 
122, in connect
    conn = _connect(dsn, connection_factory=connection_factory, **kwasync)
           ^^^^^^^^^^^^^^^^^^^^^^^^^^^^^^^^^^^^^^^^^^^^^^^^^^^^^^^^^^^^^^^
sqlalchemy.exc.OperationalError: (psycopg2.OperationalError) connection to server at "localhost" (::1), port 5432 
failed: Connection refused (0x0000274D/10061)
	Is the server running on that host and accepting TCP/IP connections?
connection to server at "localhost" (127.0.0.1), port 5432 failed: Connection refused (0x0000274D/10061)
	Is the server running on that host and accepting TCP/IP connections?

(Background on this error at: https://sqlalche.me/e/20/e3q8)
INFO:     127.0.0.1:58389 - "GET /api/analytics/daily HTTP/1.1" 500 Internal Server Error
ERROR:    Exception in ASGI application
Traceback (most recent call last):
  File 
"C:\Users\ismai\Documents\GitHub\New-Data-Fraud-detection\backend\.venv\Lib\site-packages\sqlalchemy\engine\base.py", 
line 146, in __init__
    self._dbapi_connection = engine.raw_connection()
                             ^^^^^^^^^^^^^^^^^^^^^^^
  File 
"C:\Users\ismai\Documents\GitHub\New-Data-Fraud-detection\backend\.venv\Lib\site-packages\sqlalchemy\engine\base.py", 
line 3302, in raw_connection
    return self.pool.connect()
           ^^^^^^^^^^^^^^^^^^^
  File 
"C:\Users\ismai\Documents\GitHub\New-Data-Fraud-detection\backend\.venv\Lib\site-packages\sqlalchemy\pool\base.py", 
line 449, in connect
    return _ConnectionFairy._checkout(self)
           ^^^^^^^^^^^^^^^^^^^^^^^^^^^^^^^^
  File 
"C:\Users\ismai\Documents\GitHub\New-Data-Fraud-detection\backend\.venv\Lib\site-packages\sqlalchemy\pool\base.py", 
line 1263, in _checkout
    fairy = _ConnectionRecord.checkout(pool)
            ^^^^^^^^^^^^^^^^^^^^^^^^^^^^^^^^
  File 
"C:\Users\ismai\Documents\GitHub\New-Data-Fraud-detection\backend\.venv\Lib\site-packages\sqlalchemy\pool\base.py", 
line 712, in checkout
    rec = pool._do_get()
          ^^^^^^^^^^^^^^
  File 
"C:\Users\ismai\Documents\GitHub\New-Data-Fraud-detection\backend\.venv\Lib\site-packages\sqlalchemy\pool\impl.py", 
line 179, in _do_get
    with util.safe_reraise():
  File "C:\Users\ismai\Documents\GitHub\New-Data-Fraud-detection\backend\.venv\Lib\site-packages\sqlalchemy\util\langhe
lpers.py", line 146, in __exit__
    raise exc_value.with_traceback(exc_tb)
  File 
"C:\Users\ismai\Documents\GitHub\New-Data-Fraud-detection\backend\.venv\Lib\site-packages\sqlalchemy\pool\impl.py", 
line 177, in _do_get
    return self._create_connection()
           ^^^^^^^^^^^^^^^^^^^^^^^^^
  File 
"C:\Users\ismai\Documents\GitHub\New-Data-Fraud-detection\backend\.venv\Lib\site-packages\sqlalchemy\pool\base.py", 
line 390, in _create_connection
    return _ConnectionRecord(self)
           ^^^^^^^^^^^^^^^^^^^^^^^
  File 
"C:\Users\ismai\Documents\GitHub\New-Data-Fraud-detection\backend\.venv\Lib\site-packages\sqlalchemy\pool\base.py", 
line 674, in __init__
    self.__connect()
  File 
"C:\Users\ismai\Documents\GitHub\New-Data-Fraud-detection\backend\.venv\Lib\site-packages\sqlalchemy\pool\base.py", 
line 900, in __connect
    with util.safe_reraise():
  File "C:\Users\ismai\Documents\GitHub\New-Data-Fraud-detection\backend\.venv\Lib\site-packages\sqlalchemy\util\langhe
lpers.py", line 146, in __exit__
    raise exc_value.with_traceback(exc_tb)
  File 
"C:\Users\ismai\Documents\GitHub\New-Data-Fraud-detection\backend\.venv\Lib\site-packages\sqlalchemy\pool\base.py", 
line 896, in __connect
    self.dbapi_connection = connection = pool._invoke_creator(self)
                                         ^^^^^^^^^^^^^^^^^^^^^^^^^^
  File "C:\Users\ismai\Documents\GitHub\New-Data-Fraud-detection\backend\.venv\Lib\site-packages\sqlalchemy\engine\crea
te.py", line 643, in connect
    return dialect.connect(*cargs, **cparams)
           ^^^^^^^^^^^^^^^^^^^^^^^^^^^^^^^^^^
  File "C:\Users\ismai\Documents\GitHub\New-Data-Fraud-detection\backend\.venv\Lib\site-packages\sqlalchemy\engine\defa
ult.py", line 621, in connect
    return self.loaded_dbapi.connect(*cargs, **cparams)
           ^^^^^^^^^^^^^^^^^^^^^^^^^^^^^^^^^^^^^^^^^^^^
  File 
"C:\Users\ismai\Documents\GitHub\New-Data-Fraud-detection\backend\.venv\Lib\site-packages\psycopg2\__init__.py", line 
122, in connect
    conn = _connect(dsn, connection_factory=connection_factory, **kwasync)
           ^^^^^^^^^^^^^^^^^^^^^^^^^^^^^^^^^^^^^^^^^^^^^^^^^^^^^^^^^^^^^^^
psycopg2.OperationalError: connection to server at "localhost" (::1), port 5432 failed: Connection refused 
(0x0000274D/10061)
	Is the server running on that host and accepting TCP/IP connections?
connection to server at "localhost" (127.0.0.1), port 5432 failed: Connection refused (0x0000274D/10061)
	Is the server running on that host and accepting TCP/IP connections?


The above exception was the direct cause of the following exception:

Traceback (most recent call last):
  File "C:\Users\ismai\Documents\GitHub\New-Data-Fraud-detection\backend\.venv\Lib\site-packages\uvicorn\protocols\http
\httptools_impl.py", line 409, in run_asgi
    result = await app(  # type: ignore[func-returns-value]
             ^^^^^^^^^^^^^^^^^^^^^^^^^^^^^^^^^^^^^^^^^^^^^^
  File "C:\Users\ismai\Documents\GitHub\New-Data-Fraud-detection\backend\.venv\Lib\site-packages\uvicorn\middleware\pro
xy_headers.py", line 60, in __call__
    return await self.app(scope, receive, send)
           ^^^^^^^^^^^^^^^^^^^^^^^^^^^^^^^^^^^^
  File 
"C:\Users\ismai\Documents\GitHub\New-Data-Fraud-detection\backend\.venv\Lib\site-packages\fastapi\applications.py", 
line 1054, in __call__
    await super().__call__(scope, receive, send)
  File 
"C:\Users\ismai\Documents\GitHub\New-Data-Fraud-detection\backend\.venv\Lib\site-packages\starlette\applications.py", 
line 113, in __call__
    await self.middleware_stack(scope, receive, send)
  File "C:\Users\ismai\Documents\GitHub\New-Data-Fraud-detection\backend\.venv\Lib\site-packages\starlette\middleware\e
rrors.py", line 187, in __call__
    raise exc
  File "C:\Users\ismai\Documents\GitHub\New-Data-Fraud-detection\backend\.venv\Lib\site-packages\starlette\middleware\e
rrors.py", line 165, in __call__
    await self.app(scope, receive, _send)
  File "C:\Users\ismai\Documents\GitHub\New-Data-Fraud-detection\backend\.venv\Lib\site-packages\starlette\middleware\c
ors.py", line 85, in __call__
    await self.app(scope, receive, send)
  File "C:\Users\ismai\Documents\GitHub\New-Data-Fraud-detection\backend\.venv\Lib\site-packages\starlette\middleware\e
xceptions.py", line 62, in __call__
    await wrap_app_handling_exceptions(self.app, conn)(scope, receive, send)
  File "C:\Users\ismai\Documents\GitHub\New-Data-Fraud-detection\backend\.venv\Lib\site-packages\starlette\_exception_h
andler.py", line 53, in wrapped_app
    raise exc
  File "C:\Users\ismai\Documents\GitHub\New-Data-Fraud-detection\backend\.venv\Lib\site-packages\starlette\_exception_h
andler.py", line 42, in wrapped_app
    await app(scope, receive, sender)
  File 
"C:\Users\ismai\Documents\GitHub\New-Data-Fraud-detection\backend\.venv\Lib\site-packages\starlette\routing.py", line 
715, in __call__
    await self.middleware_stack(scope, receive, send)
  File 
"C:\Users\ismai\Documents\GitHub\New-Data-Fraud-detection\backend\.venv\Lib\site-packages\starlette\routing.py", line 
735, in app
    await route.handle(scope, receive, send)
  File 
"C:\Users\ismai\Documents\GitHub\New-Data-Fraud-detection\backend\.venv\Lib\site-packages\starlette\routing.py", line 
288, in handle
    await self.app(scope, receive, send)
  File 
"C:\Users\ismai\Documents\GitHub\New-Data-Fraud-detection\backend\.venv\Lib\site-packages\starlette\routing.py", line 
76, in app
    await wrap_app_handling_exceptions(app, request)(scope, receive, send)
  File "C:\Users\ismai\Documents\GitHub\New-Data-Fraud-detection\backend\.venv\Lib\site-packages\starlette\_exception_h
andler.py", line 53, in wrapped_app
    raise exc
  File "C:\Users\ismai\Documents\GitHub\New-Data-Fraud-detection\backend\.venv\Lib\site-packages\starlette\_exception_h
andler.py", line 42, in wrapped_app
    await app(scope, receive, sender)
  File 
"C:\Users\ismai\Documents\GitHub\New-Data-Fraud-detection\backend\.venv\Lib\site-packages\starlette\routing.py", line 
73, in app
    response = await f(request)
               ^^^^^^^^^^^^^^^^
  File "C:\Users\ismai\Documents\GitHub\New-Data-Fraud-detection\backend\.venv\Lib\site-packages\fastapi\routing.py", 
line 301, in app
    raw_response = await run_endpoint_function(
                   ^^^^^^^^^^^^^^^^^^^^^^^^^^^^
  File "C:\Users\ismai\Documents\GitHub\New-Data-Fraud-detection\backend\.venv\Lib\site-packages\fastapi\routing.py", 
line 214, in run_endpoint_function
    return await run_in_threadpool(dependant.call, **values)
           ^^^^^^^^^^^^^^^^^^^^^^^^^^^^^^^^^^^^^^^^^^^^^^^^^
  File 
"C:\Users\ismai\Documents\GitHub\New-Data-Fraud-detection\backend\.venv\Lib\site-packages\starlette\concurrency.py", 
line 39, in run_in_threadpool
    return await anyio.to_thread.run_sync(func, *args)
           ^^^^^^^^^^^^^^^^^^^^^^^^^^^^^^^^^^^^^^^^^^^
  File "C:\Users\ismai\Documents\GitHub\New-Data-Fraud-detection\backend\.venv\Lib\site-packages\anyio\to_thread.py", 
line 65, in run_sync
    return await get_async_backend().run_sync_in_worker_thread(
           ^^^^^^^^^^^^^^^^^^^^^^^^^^^^^^^^^^^^^^^^^^^^^^^^^^^^
  File "C:\Users\ismai\Documents\GitHub\New-Data-Fraud-detection\backend\.venv\Lib\site-packages\anyio\_backends\_async
io.py", line 2706, in run_sync_in_worker_thread
    return await future
           ^^^^^^^^^^^^
  File "C:\Users\ismai\Documents\GitHub\New-Data-Fraud-detection\backend\.venv\Lib\site-packages\anyio\_backends\_async
io.py", line 1100, in run
    result = context.run(func, *args)
             ^^^^^^^^^^^^^^^^^^^^^^^^
  File "C:\Users\ismai\Documents\GitHub\New-Data-Fraud-detection\backend\app\routers\dashboard.py", line 104, in 
get_daily_trend
    rows = session.execute(sql, params).mappings().all()
           ^^^^^^^^^^^^^^^^^^^^^^^^^^^^
  File 
"C:\Users\ismai\Documents\GitHub\New-Data-Fraud-detection\backend\.venv\Lib\site-packages\sqlalchemy\orm\session.py", 
line 2362, in execute
    return self._execute_internal(
           ^^^^^^^^^^^^^^^^^^^^^^^
  File 
"C:\Users\ismai\Documents\GitHub\New-Data-Fraud-detection\backend\.venv\Lib\site-packages\sqlalchemy\orm\session.py", 
line 2237, in _execute_internal
    conn = self._connection_for_bind(bind)
           ^^^^^^^^^^^^^^^^^^^^^^^^^^^^^^^
  File 
"C:\Users\ismai\Documents\GitHub\New-Data-Fraud-detection\backend\.venv\Lib\site-packages\sqlalchemy\orm\session.py", 
line 2106, in _connection_for_bind
    return trans._connection_for_bind(engine, execution_options)
           ^^^^^^^^^^^^^^^^^^^^^^^^^^^^^^^^^^^^^^^^^^^^^^^^^^^^^
  File "<string>", line 2, in _connection_for_bind
  File "C:\Users\ismai\Documents\GitHub\New-Data-Fraud-detection\backend\.venv\Lib\site-packages\sqlalchemy\orm\state_c
hanges.py", line 139, in _go
    ret_value = fn(self, *arg, **kw)
                ^^^^^^^^^^^^^^^^^^^^
  File 
"C:\Users\ismai\Documents\GitHub\New-Data-Fraud-detection\backend\.venv\Lib\site-packages\sqlalchemy\orm\session.py", 
line 1189, in _connection_for_bind
    conn = bind.connect()
           ^^^^^^^^^^^^^^
  File 
"C:\Users\ismai\Documents\GitHub\New-Data-Fraud-detection\backend\.venv\Lib\site-packages\sqlalchemy\engine\base.py", 
line 3278, in connect
    return self._connection_cls(self)
           ^^^^^^^^^^^^^^^^^^^^^^^^^^
  File 
"C:\Users\ismai\Documents\GitHub\New-Data-Fraud-detection\backend\.venv\Lib\site-packages\sqlalchemy\engine\base.py", 
line 148, in __init__
    Connection._handle_dbapi_exception_noconnection(
  File 
"C:\Users\ismai\Documents\GitHub\New-Data-Fraud-detection\backend\.venv\Lib\site-packages\sqlalchemy\engine\base.py", 
line 2442, in _handle_dbapi_exception_noconnection
    raise sqlalchemy_exception.with_traceback(exc_info[2]) from e
  File 
"C:\Users\ismai\Documents\GitHub\New-Data-Fraud-detection\backend\.venv\Lib\site-packages\sqlalchemy\engine\base.py", 
line 146, in __init__
    self._dbapi_connection = engine.raw_connection()
                             ^^^^^^^^^^^^^^^^^^^^^^^
  File 
"C:\Users\ismai\Documents\GitHub\New-Data-Fraud-detection\backend\.venv\Lib\site-packages\sqlalchemy\engine\base.py", 
line 3302, in raw_connection
    return self.pool.connect()
           ^^^^^^^^^^^^^^^^^^^
  File 
"C:\Users\ismai\Documents\GitHub\New-Data-Fraud-detection\backend\.venv\Lib\site-packages\sqlalchemy\pool\base.py", 
line 449, in connect
    return _ConnectionFairy._checkout(self)
           ^^^^^^^^^^^^^^^^^^^^^^^^^^^^^^^^
  File 
"C:\Users\ismai\Documents\GitHub\New-Data-Fraud-detection\backend\.venv\Lib\site-packages\sqlalchemy\pool\base.py", 
line 1263, in _checkout
    fairy = _ConnectionRecord.checkout(pool)
            ^^^^^^^^^^^^^^^^^^^^^^^^^^^^^^^^
  File 
"C:\Users\ismai\Documents\GitHub\New-Data-Fraud-detection\backend\.venv\Lib\site-packages\sqlalchemy\pool\base.py", 
line 712, in checkout
    rec = pool._do_get()
          ^^^^^^^^^^^^^^
  File 
"C:\Users\ismai\Documents\GitHub\New-Data-Fraud-detection\backend\.venv\Lib\site-packages\sqlalchemy\pool\impl.py", 
line 179, in _do_get
    with util.safe_reraise():
  File "C:\Users\ismai\Documents\GitHub\New-Data-Fraud-detection\backend\.venv\Lib\site-packages\sqlalchemy\util\langhe
lpers.py", line 146, in __exit__
    raise exc_value.with_traceback(exc_tb)
  File 
"C:\Users\ismai\Documents\GitHub\New-Data-Fraud-detection\backend\.venv\Lib\site-packages\sqlalchemy\pool\impl.py", 
line 177, in _do_get
    return self._create_connection()
           ^^^^^^^^^^^^^^^^^^^^^^^^^
  File 
"C:\Users\ismai\Documents\GitHub\New-Data-Fraud-detection\backend\.venv\Lib\site-packages\sqlalchemy\pool\base.py", 
line 390, in _create_connection
    return _ConnectionRecord(self)
           ^^^^^^^^^^^^^^^^^^^^^^^
  File 
"C:\Users\ismai\Documents\GitHub\New-Data-Fraud-detection\backend\.venv\Lib\site-packages\sqlalchemy\pool\base.py", 
line 674, in __init__
    self.__connect()
  File 
"C:\Users\ismai\Documents\GitHub\New-Data-Fraud-detection\backend\.venv\Lib\site-packages\sqlalchemy\pool\base.py", 
line 900, in __connect
    with util.safe_reraise():
  File "C:\Users\ismai\Documents\GitHub\New-Data-Fraud-detection\backend\.venv\Lib\site-packages\sqlalchemy\util\langhe
lpers.py", line 146, in __exit__
    raise exc_value.with_traceback(exc_tb)
  File 
"C:\Users\ismai\Documents\GitHub\New-Data-Fraud-detection\backend\.venv\Lib\site-packages\sqlalchemy\pool\base.py", 
line 896, in __connect
    self.dbapi_connection = connection = pool._invoke_creator(self)
                                         ^^^^^^^^^^^^^^^^^^^^^^^^^^
  File "C:\Users\ismai\Documents\GitHub\New-Data-Fraud-detection\backend\.venv\Lib\site-packages\sqlalchemy\engine\crea
te.py", line 643, in connect
    return dialect.connect(*cargs, **cparams)
           ^^^^^^^^^^^^^^^^^^^^^^^^^^^^^^^^^^
  File "C:\Users\ismai\Documents\GitHub\New-Data-Fraud-detection\backend\.venv\Lib\site-packages\sqlalchemy\engine\defa
ult.py", line 621, in connect
    return self.loaded_dbapi.connect(*cargs, **cparams)
           ^^^^^^^^^^^^^^^^^^^^^^^^^^^^^^^^^^^^^^^^^^^^
  File 
"C:\Users\ismai\Documents\GitHub\New-Data-Fraud-detection\backend\.venv\Lib\site-packages\psycopg2\__init__.py", line 
122, in connect
    conn = _connect(dsn, connection_factory=connection_factory, **kwasync)
           ^^^^^^^^^^^^^^^^^^^^^^^^^^^^^^^^^^^^^^^^^^^^^^^^^^^^^^^^^^^^^^^
sqlalchemy.exc.OperationalError: (psycopg2.OperationalError) connection to server at "localhost" (::1), port 5432 
failed: Connection refused (0x0000274D/10061)
	Is the server running on that host and accepting TCP/IP connections?
connection to server at "localhost" (127.0.0.1), port 5432 failed: Connection refused (0x0000274D/10061)
	Is the server running on that host and accepting TCP/IP connections?

(Background on this error at: https://sqlalche.me/e/20/e3q8)
INFO:     127.0.0.1:49910 - "GET /api/subscribers?page=1&page_size=25 HTTP/1.1" 500 Internal Server Error
ERROR:    Exception in ASGI application
Traceback (most recent call last):
  File 
"C:\Users\ismai\Documents\GitHub\New-Data-Fraud-detection\backend\.venv\Lib\site-packages\sqlalchemy\engine\base.py", 
line 146, in __init__
    self._dbapi_connection = engine.raw_connection()
                             ^^^^^^^^^^^^^^^^^^^^^^^
  File 
"C:\Users\ismai\Documents\GitHub\New-Data-Fraud-detection\backend\.venv\Lib\site-packages\sqlalchemy\engine\base.py", 
line 3302, in raw_connection
    return self.pool.connect()
           ^^^^^^^^^^^^^^^^^^^
  File 
"C:\Users\ismai\Documents\GitHub\New-Data-Fraud-detection\backend\.venv\Lib\site-packages\sqlalchemy\pool\base.py", 
line 449, in connect
    return _ConnectionFairy._checkout(self)
           ^^^^^^^^^^^^^^^^^^^^^^^^^^^^^^^^
  File 
"C:\Users\ismai\Documents\GitHub\New-Data-Fraud-detection\backend\.venv\Lib\site-packages\sqlalchemy\pool\base.py", 
line 1263, in _checkout
    fairy = _ConnectionRecord.checkout(pool)
            ^^^^^^^^^^^^^^^^^^^^^^^^^^^^^^^^
  File 
"C:\Users\ismai\Documents\GitHub\New-Data-Fraud-detection\backend\.venv\Lib\site-packages\sqlalchemy\pool\base.py", 
line 712, in checkout
    rec = pool._do_get()
          ^^^^^^^^^^^^^^
  File 
"C:\Users\ismai\Documents\GitHub\New-Data-Fraud-detection\backend\.venv\Lib\site-packages\sqlalchemy\pool\impl.py", 
line 179, in _do_get
    with util.safe_reraise():
  File "C:\Users\ismai\Documents\GitHub\New-Data-Fraud-detection\backend\.venv\Lib\site-packages\sqlalchemy\util\langhe
lpers.py", line 146, in __exit__
    raise exc_value.with_traceback(exc_tb)
  File 
"C:\Users\ismai\Documents\GitHub\New-Data-Fraud-detection\backend\.venv\Lib\site-packages\sqlalchemy\pool\impl.py", 
line 177, in _do_get
    return self._create_connection()
           ^^^^^^^^^^^^^^^^^^^^^^^^^
  File 
"C:\Users\ismai\Documents\GitHub\New-Data-Fraud-detection\backend\.venv\Lib\site-packages\sqlalchemy\pool\base.py", 
line 390, in _create_connection
    return _ConnectionRecord(self)
           ^^^^^^^^^^^^^^^^^^^^^^^
  File 
"C:\Users\ismai\Documents\GitHub\New-Data-Fraud-detection\backend\.venv\Lib\site-packages\sqlalchemy\pool\base.py", 
line 674, in __init__
    self.__connect()
  File 
"C:\Users\ismai\Documents\GitHub\New-Data-Fraud-detection\backend\.venv\Lib\site-packages\sqlalchemy\pool\base.py", 
line 900, in __connect
    with util.safe_reraise():
  File "C:\Users\ismai\Documents\GitHub\New-Data-Fraud-detection\backend\.venv\Lib\site-packages\sqlalchemy\util\langhe
lpers.py", line 146, in __exit__
    raise exc_value.with_traceback(exc_tb)
  File 
"C:\Users\ismai\Documents\GitHub\New-Data-Fraud-detection\backend\.venv\Lib\site-packages\sqlalchemy\pool\base.py", 
line 896, in __connect
    self.dbapi_connection = connection = pool._invoke_creator(self)
                                         ^^^^^^^^^^^^^^^^^^^^^^^^^^
  File "C:\Users\ismai\Documents\GitHub\New-Data-Fraud-detection\backend\.venv\Lib\site-packages\sqlalchemy\engine\crea
te.py", line 643, in connect
    return dialect.connect(*cargs, **cparams)
           ^^^^^^^^^^^^^^^^^^^^^^^^^^^^^^^^^^
  File "C:\Users\ismai\Documents\GitHub\New-Data-Fraud-detection\backend\.venv\Lib\site-packages\sqlalchemy\engine\defa
ult.py", line 621, in connect
    return self.loaded_dbapi.connect(*cargs, **cparams)
           ^^^^^^^^^^^^^^^^^^^^^^^^^^^^^^^^^^^^^^^^^^^^
  File 
"C:\Users\ismai\Documents\GitHub\New-Data-Fraud-detection\backend\.venv\Lib\site-packages\psycopg2\__init__.py", line 
122, in connect
    conn = _connect(dsn, connection_factory=connection_factory, **kwasync)
           ^^^^^^^^^^^^^^^^^^^^^^^^^^^^^^^^^^^^^^^^^^^^^^^^^^^^^^^^^^^^^^^
psycopg2.OperationalError: connection to server at "localhost" (::1), port 5432 failed: Connection refused 
(0x0000274D/10061)
	Is the server running on that host and accepting TCP/IP connections?
connection to server at "localhost" (127.0.0.1), port 5432 failed: Connection refused (0x0000274D/10061)
	Is the server running on that host and accepting TCP/IP connections?


The above exception was the direct cause of the following exception:

Traceback (most recent call last):
  File "C:\Users\ismai\Documents\GitHub\New-Data-Fraud-detection\backend\.venv\Lib\site-packages\uvicorn\protocols\http
\httptools_impl.py", line 409, in run_asgi
    result = await app(  # type: ignore[func-returns-value]
             ^^^^^^^^^^^^^^^^^^^^^^^^^^^^^^^^^^^^^^^^^^^^^^
  File "C:\Users\ismai\Documents\GitHub\New-Data-Fraud-detection\backend\.venv\Lib\site-packages\uvicorn\middleware\pro
xy_headers.py", line 60, in __call__
    return await self.app(scope, receive, send)
           ^^^^^^^^^^^^^^^^^^^^^^^^^^^^^^^^^^^^
  File 
"C:\Users\ismai\Documents\GitHub\New-Data-Fraud-detection\backend\.venv\Lib\site-packages\fastapi\applications.py", 
line 1054, in __call__
    await super().__call__(scope, receive, send)
  File 
"C:\Users\ismai\Documents\GitHub\New-Data-Fraud-detection\backend\.venv\Lib\site-packages\starlette\applications.py", 
line 113, in __call__
    await self.middleware_stack(scope, receive, send)
  File "C:\Users\ismai\Documents\GitHub\New-Data-Fraud-detection\backend\.venv\Lib\site-packages\starlette\middleware\e
rrors.py", line 187, in __call__
    raise exc
  File "C:\Users\ismai\Documents\GitHub\New-Data-Fraud-detection\backend\.venv\Lib\site-packages\starlette\middleware\e
rrors.py", line 165, in __call__
    await self.app(scope, receive, _send)
  File "C:\Users\ismai\Documents\GitHub\New-Data-Fraud-detection\backend\.venv\Lib\site-packages\starlette\middleware\c
ors.py", line 85, in __call__
    await self.app(scope, receive, send)
  File "C:\Users\ismai\Documents\GitHub\New-Data-Fraud-detection\backend\.venv\Lib\site-packages\starlette\middleware\e
xceptions.py", line 62, in __call__
    await wrap_app_handling_exceptions(self.app, conn)(scope, receive, send)
  File "C:\Users\ismai\Documents\GitHub\New-Data-Fraud-detection\backend\.venv\Lib\site-packages\starlette\_exception_h
andler.py", line 53, in wrapped_app
    raise exc
  File "C:\Users\ismai\Documents\GitHub\New-Data-Fraud-detection\backend\.venv\Lib\site-packages\starlette\_exception_h
andler.py", line 42, in wrapped_app
    await app(scope, receive, sender)
  File 
"C:\Users\ismai\Documents\GitHub\New-Data-Fraud-detection\backend\.venv\Lib\site-packages\starlette\routing.py", line 
715, in __call__
    await self.middleware_stack(scope, receive, send)
  File 
"C:\Users\ismai\Documents\GitHub\New-Data-Fraud-detection\backend\.venv\Lib\site-packages\starlette\routing.py", line 
735, in app
    await route.handle(scope, receive, send)
  File 
"C:\Users\ismai\Documents\GitHub\New-Data-Fraud-detection\backend\.venv\Lib\site-packages\starlette\routing.py", line 
288, in handle
    await self.app(scope, receive, send)
  File 
"C:\Users\ismai\Documents\GitHub\New-Data-Fraud-detection\backend\.venv\Lib\site-packages\starlette\routing.py", line 
76, in app
    await wrap_app_handling_exceptions(app, request)(scope, receive, send)
  File "C:\Users\ismai\Documents\GitHub\New-Data-Fraud-detection\backend\.venv\Lib\site-packages\starlette\_exception_h
andler.py", line 53, in wrapped_app
    raise exc
  File "C:\Users\ismai\Documents\GitHub\New-Data-Fraud-detection\backend\.venv\Lib\site-packages\starlette\_exception_h
andler.py", line 42, in wrapped_app
    await app(scope, receive, sender)
  File 
"C:\Users\ismai\Documents\GitHub\New-Data-Fraud-detection\backend\.venv\Lib\site-packages\starlette\routing.py", line 
73, in app
    response = await f(request)
               ^^^^^^^^^^^^^^^^
  File "C:\Users\ismai\Documents\GitHub\New-Data-Fraud-detection\backend\.venv\Lib\site-packages\fastapi\routing.py", 
line 301, in app
    raw_response = await run_endpoint_function(
                   ^^^^^^^^^^^^^^^^^^^^^^^^^^^^
  File "C:\Users\ismai\Documents\GitHub\New-Data-Fraud-detection\backend\.venv\Lib\site-packages\fastapi\routing.py", 
line 214, in run_endpoint_function
    return await run_in_threadpool(dependant.call, **values)
           ^^^^^^^^^^^^^^^^^^^^^^^^^^^^^^^^^^^^^^^^^^^^^^^^^
  File 
"C:\Users\ismai\Documents\GitHub\New-Data-Fraud-detection\backend\.venv\Lib\site-packages\starlette\concurrency.py", 
line 39, in run_in_threadpool
    return await anyio.to_thread.run_sync(func, *args)
           ^^^^^^^^^^^^^^^^^^^^^^^^^^^^^^^^^^^^^^^^^^^
  File "C:\Users\ismai\Documents\GitHub\New-Data-Fraud-detection\backend\.venv\Lib\site-packages\anyio\to_thread.py", 
line 65, in run_sync
    return await get_async_backend().run_sync_in_worker_thread(
           ^^^^^^^^^^^^^^^^^^^^^^^^^^^^^^^^^^^^^^^^^^^^^^^^^^^^
  File "C:\Users\ismai\Documents\GitHub\New-Data-Fraud-detection\backend\.venv\Lib\site-packages\anyio\_backends\_async
io.py", line 2706, in run_sync_in_worker_thread
    return await future
           ^^^^^^^^^^^^
  File "C:\Users\ismai\Documents\GitHub\New-Data-Fraud-detection\backend\.venv\Lib\site-packages\anyio\_backends\_async
io.py", line 1100, in run
    result = context.run(func, *args)
             ^^^^^^^^^^^^^^^^^^^^^^^^
  File "C:\Users\ismai\Documents\GitHub\New-Data-Fraud-detection\backend\app\routers\subscribers.py", line 93, in 
list_subscribers
    total = session.execute(count_sql, params).scalar_one()
            ^^^^^^^^^^^^^^^^^^^^^^^^^^^^^^^^^^
  File 
"C:\Users\ismai\Documents\GitHub\New-Data-Fraud-detection\backend\.venv\Lib\site-packages\sqlalchemy\orm\session.py", 
line 2362, in execute
    return self._execute_internal(
           ^^^^^^^^^^^^^^^^^^^^^^^
  File 
"C:\Users\ismai\Documents\GitHub\New-Data-Fraud-detection\backend\.venv\Lib\site-packages\sqlalchemy\orm\session.py", 
line 2237, in _execute_internal
    conn = self._connection_for_bind(bind)
           ^^^^^^^^^^^^^^^^^^^^^^^^^^^^^^^
  File 
"C:\Users\ismai\Documents\GitHub\New-Data-Fraud-detection\backend\.venv\Lib\site-packages\sqlalchemy\orm\session.py", 
line 2106, in _connection_for_bind
    return trans._connection_for_bind(engine, execution_options)
           ^^^^^^^^^^^^^^^^^^^^^^^^^^^^^^^^^^^^^^^^^^^^^^^^^^^^^
  File "<string>", line 2, in _connection_for_bind
  File "C:\Users\ismai\Documents\GitHub\New-Data-Fraud-detection\backend\.venv\Lib\site-packages\sqlalchemy\orm\state_c
hanges.py", line 139, in _go
    ret_value = fn(self, *arg, **kw)
                ^^^^^^^^^^^^^^^^^^^^
  File 
"C:\Users\ismai\Documents\GitHub\New-Data-Fraud-detection\backend\.venv\Lib\site-packages\sqlalchemy\orm\session.py", 
line 1189, in _connection_for_bind
    conn = bind.connect()
           ^^^^^^^^^^^^^^
  File 
"C:\Users\ismai\Documents\GitHub\New-Data-Fraud-detection\backend\.venv\Lib\site-packages\sqlalchemy\engine\base.py", 
line 3278, in connect
    return self._connection_cls(self)
           ^^^^^^^^^^^^^^^^^^^^^^^^^^
  File 
"C:\Users\ismai\Documents\GitHub\New-Data-Fraud-detection\backend\.venv\Lib\site-packages\sqlalchemy\engine\base.py", 
line 148, in __init__
    Connection._handle_dbapi_exception_noconnection(
  File 
"C:\Users\ismai\Documents\GitHub\New-Data-Fraud-detection\backend\.venv\Lib\site-packages\sqlalchemy\engine\base.py", 
line 2442, in _handle_dbapi_exception_noconnection
    raise sqlalchemy_exception.with_traceback(exc_info[2]) from e
  File 
"C:\Users\ismai\Documents\GitHub\New-Data-Fraud-detection\backend\.venv\Lib\site-packages\sqlalchemy\engine\base.py", 
line 146, in __init__
    self._dbapi_connection = engine.raw_connection()
                             ^^^^^^^^^^^^^^^^^^^^^^^
  File 
"C:\Users\ismai\Documents\GitHub\New-Data-Fraud-detection\backend\.venv\Lib\site-packages\sqlalchemy\engine\base.py", 
line 3302, in raw_connection
    return self.pool.connect()
           ^^^^^^^^^^^^^^^^^^^
  File 
"C:\Users\ismai\Documents\GitHub\New-Data-Fraud-detection\backend\.venv\Lib\site-packages\sqlalchemy\pool\base.py", 
line 449, in connect
    return _ConnectionFairy._checkout(self)
           ^^^^^^^^^^^^^^^^^^^^^^^^^^^^^^^^
  File 
"C:\Users\ismai\Documents\GitHub\New-Data-Fraud-detection\backend\.venv\Lib\site-packages\sqlalchemy\pool\base.py", 
line 1263, in _checkout
    fairy = _ConnectionRecord.checkout(pool)
            ^^^^^^^^^^^^^^^^^^^^^^^^^^^^^^^^
  File 
"C:\Users\ismai\Documents\GitHub\New-Data-Fraud-detection\backend\.venv\Lib\site-packages\sqlalchemy\pool\base.py", 
line 712, in checkout
    rec = pool._do_get()
          ^^^^^^^^^^^^^^
  File 
"C:\Users\ismai\Documents\GitHub\New-Data-Fraud-detection\backend\.venv\Lib\site-packages\sqlalchemy\pool\impl.py", 
line 179, in _do_get
    with util.safe_reraise():
  File "C:\Users\ismai\Documents\GitHub\New-Data-Fraud-detection\backend\.venv\Lib\site-packages\sqlalchemy\util\langhe
lpers.py", line 146, in __exit__
    raise exc_value.with_traceback(exc_tb)
  File 
"C:\Users\ismai\Documents\GitHub\New-Data-Fraud-detection\backend\.venv\Lib\site-packages\sqlalchemy\pool\impl.py", 
line 177, in _do_get
    return self._create_connection()
           ^^^^^^^^^^^^^^^^^^^^^^^^^
  File 
"C:\Users\ismai\Documents\GitHub\New-Data-Fraud-detection\backend\.venv\Lib\site-packages\sqlalchemy\pool\base.py", 
line 390, in _create_connection
    return _ConnectionRecord(self)
           ^^^^^^^^^^^^^^^^^^^^^^^
  File 
"C:\Users\ismai\Documents\GitHub\New-Data-Fraud-detection\backend\.venv\Lib\site-packages\sqlalchemy\pool\base.py", 
line 674, in __init__
    self.__connect()
  File 
"C:\Users\ismai\Documents\GitHub\New-Data-Fraud-detection\backend\.venv\Lib\site-packages\sqlalchemy\pool\base.py", 
line 900, in __connect
    with util.safe_reraise():
  File "C:\Users\ismai\Documents\GitHub\New-Data-Fraud-detection\backend\.venv\Lib\site-packages\sqlalchemy\util\langhe
lpers.py", line 146, in __exit__
    raise exc_value.with_traceback(exc_tb)
  File 
"C:\Users\ismai\Documents\GitHub\New-Data-Fraud-detection\backend\.venv\Lib\site-packages\sqlalchemy\pool\base.py", 
line 896, in __connect
    self.dbapi_connection = connection = pool._invoke_creator(self)
                                         ^^^^^^^^^^^^^^^^^^^^^^^^^^
  File "C:\Users\ismai\Documents\GitHub\New-Data-Fraud-detection\backend\.venv\Lib\site-packages\sqlalchemy\engine\crea
te.py", line 643, in connect
    return dialect.connect(*cargs, **cparams)
           ^^^^^^^^^^^^^^^^^^^^^^^^^^^^^^^^^^
  File "C:\Users\ismai\Documents\GitHub\New-Data-Fraud-detection\backend\.venv\Lib\site-packages\sqlalchemy\engine\defa
ult.py", line 621, in connect
    return self.loaded_dbapi.connect(*cargs, **cparams)
           ^^^^^^^^^^^^^^^^^^^^^^^^^^^^^^^^^^^^^^^^^^^^
  File 
"C:\Users\ismai\Documents\GitHub\New-Data-Fraud-detection\backend\.venv\Lib\site-packages\psycopg2\__init__.py", line 
122, in connect
    conn = _connect(dsn, connection_factory=connection_factory, **kwasync)
           ^^^^^^^^^^^^^^^^^^^^^^^^^^^^^^^^^^^^^^^^^^^^^^^^^^^^^^^^^^^^^^^
sqlalchemy.exc.OperationalError: (psycopg2.OperationalError) connection to server at "localhost" (::1), port 5432 
failed: Connection refused (0x0000274D/10061)
	Is the server running on that host and accepting TCP/IP connections?
connection to server at "localhost" (127.0.0.1), port 5432 failed: Connection refused (0x0000274D/10061)
	Is the server running on that host and accepting TCP/IP connections?

(Background on this error at: https://sqlalche.me/e/20/e3q8)
INFO:     127.0.0.1:50996 - "GET /api/analytics/rule-statistics HTTP/1.1" 500 Internal Server Error
ERROR:    Exception in ASGI application
Traceback (most recent call last):
  File 
"C:\Users\ismai\Documents\GitHub\New-Data-Fraud-detection\backend\.venv\Lib\site-packages\sqlalchemy\engine\base.py", 
line 146, in __init__
    self._dbapi_connection = engine.raw_connection()
                             ^^^^^^^^^^^^^^^^^^^^^^^
  File 
"C:\Users\ismai\Documents\GitHub\New-Data-Fraud-detection\backend\.venv\Lib\site-packages\sqlalchemy\engine\base.py", 
line 3302, in raw_connection
    return self.pool.connect()
           ^^^^^^^^^^^^^^^^^^^
  File 
"C:\Users\ismai\Documents\GitHub\New-Data-Fraud-detection\backend\.venv\Lib\site-packages\sqlalchemy\pool\base.py", 
line 449, in connect
    return _ConnectionFairy._checkout(self)
           ^^^^^^^^^^^^^^^^^^^^^^^^^^^^^^^^
  File 
"C:\Users\ismai\Documents\GitHub\New-Data-Fraud-detection\backend\.venv\Lib\site-packages\sqlalchemy\pool\base.py", 
line 1263, in _checkout
    fairy = _ConnectionRecord.checkout(pool)
            ^^^^^^^^^^^^^^^^^^^^^^^^^^^^^^^^
  File 
"C:\Users\ismai\Documents\GitHub\New-Data-Fraud-detection\backend\.venv\Lib\site-packages\sqlalchemy\pool\base.py", 
line 712, in checkout
    rec = pool._do_get()
          ^^^^^^^^^^^^^^
  File 
"C:\Users\ismai\Documents\GitHub\New-Data-Fraud-detection\backend\.venv\Lib\site-packages\sqlalchemy\pool\impl.py", 
line 179, in _do_get
    with util.safe_reraise():
  File "C:\Users\ismai\Documents\GitHub\New-Data-Fraud-detection\backend\.venv\Lib\site-packages\sqlalchemy\util\langhe
lpers.py", line 146, in __exit__
    raise exc_value.with_traceback(exc_tb)
  File 
"C:\Users\ismai\Documents\GitHub\New-Data-Fraud-detection\backend\.venv\Lib\site-packages\sqlalchemy\pool\impl.py", 
line 177, in _do_get
    return self._create_connection()
           ^^^^^^^^^^^^^^^^^^^^^^^^^
  File 
"C:\Users\ismai\Documents\GitHub\New-Data-Fraud-detection\backend\.venv\Lib\site-packages\sqlalchemy\pool\base.py", 
line 390, in _create_connection
    return _ConnectionRecord(self)
           ^^^^^^^^^^^^^^^^^^^^^^^
  File 
"C:\Users\ismai\Documents\GitHub\New-Data-Fraud-detection\backend\.venv\Lib\site-packages\sqlalchemy\pool\base.py", 
line 674, in __init__
    self.__connect()
  File 
"C:\Users\ismai\Documents\GitHub\New-Data-Fraud-detection\backend\.venv\Lib\site-packages\sqlalchemy\pool\base.py", 
line 900, in __connect
    with util.safe_reraise():
  File "C:\Users\ismai\Documents\GitHub\New-Data-Fraud-detection\backend\.venv\Lib\site-packages\sqlalchemy\util\langhe
lpers.py", line 146, in __exit__
    raise exc_value.with_traceback(exc_tb)
  File 
"C:\Users\ismai\Documents\GitHub\New-Data-Fraud-detection\backend\.venv\Lib\site-packages\sqlalchemy\pool\base.py", 
line 896, in __connect
    self.dbapi_connection = connection = pool._invoke_creator(self)
                                         ^^^^^^^^^^^^^^^^^^^^^^^^^^
  File "C:\Users\ismai\Documents\GitHub\New-Data-Fraud-detection\backend\.venv\Lib\site-packages\sqlalchemy\engine\crea
te.py", line 643, in connect
    return dialect.connect(*cargs, **cparams)
           ^^^^^^^^^^^^^^^^^^^^^^^^^^^^^^^^^^
  File "C:\Users\ismai\Documents\GitHub\New-Data-Fraud-detection\backend\.venv\Lib\site-packages\sqlalchemy\engine\defa
ult.py", line 621, in connect
    return self.loaded_dbapi.connect(*cargs, **cparams)
           ^^^^^^^^^^^^^^^^^^^^^^^^^^^^^^^^^^^^^^^^^^^^
  File 
"C:\Users\ismai\Documents\GitHub\New-Data-Fraud-detection\backend\.venv\Lib\site-packages\psycopg2\__init__.py", line 
122, in connect
    conn = _connect(dsn, connection_factory=connection_factory, **kwasync)
           ^^^^^^^^^^^^^^^^^^^^^^^^^^^^^^^^^^^^^^^^^^^^^^^^^^^^^^^^^^^^^^^
psycopg2.OperationalError: connection to server at "localhost" (::1), port 5432 failed: Connection refused 
(0x0000274D/10061)
	Is the server running on that host and accepting TCP/IP connections?
connection to server at "localhost" (127.0.0.1), port 5432 failed: Connection refused (0x0000274D/10061)
	Is the server running on that host and accepting TCP/IP connections?


The above exception was the direct cause of the following exception:

Traceback (most recent call last):
  File "C:\Users\ismai\Documents\GitHub\New-Data-Fraud-detection\backend\.venv\Lib\site-packages\uvicorn\protocols\http
\httptools_impl.py", line 409, in run_asgi
    result = await app(  # type: ignore[func-returns-value]
             ^^^^^^^^^^^^^^^^^^^^^^^^^^^^^^^^^^^^^^^^^^^^^^
  File "C:\Users\ismai\Documents\GitHub\New-Data-Fraud-detection\backend\.venv\Lib\site-packages\uvicorn\middleware\pro
xy_headers.py", line 60, in __call__
    return await self.app(scope, receive, send)
           ^^^^^^^^^^^^^^^^^^^^^^^^^^^^^^^^^^^^
  File 
"C:\Users\ismai\Documents\GitHub\New-Data-Fraud-detection\backend\.venv\Lib\site-packages\fastapi\applications.py", 
line 1054, in __call__
    await super().__call__(scope, receive, send)
  File 
"C:\Users\ismai\Documents\GitHub\New-Data-Fraud-detection\backend\.venv\Lib\site-packages\starlette\applications.py", 
line 113, in __call__
    await self.middleware_stack(scope, receive, send)
  File "C:\Users\ismai\Documents\GitHub\New-Data-Fraud-detection\backend\.venv\Lib\site-packages\starlette\middleware\e
rrors.py", line 187, in __call__
    raise exc
  File "C:\Users\ismai\Documents\GitHub\New-Data-Fraud-detection\backend\.venv\Lib\site-packages\starlette\middleware\e
rrors.py", line 165, in __call__
    await self.app(scope, receive, _send)
  File "C:\Users\ismai\Documents\GitHub\New-Data-Fraud-detection\backend\.venv\Lib\site-packages\starlette\middleware\c
ors.py", line 85, in __call__
    await self.app(scope, receive, send)
  File "C:\Users\ismai\Documents\GitHub\New-Data-Fraud-detection\backend\.venv\Lib\site-packages\starlette\middleware\e
xceptions.py", line 62, in __call__
    await wrap_app_handling_exceptions(self.app, conn)(scope, receive, send)
  File "C:\Users\ismai\Documents\GitHub\New-Data-Fraud-detection\backend\.venv\Lib\site-packages\starlette\_exception_h
andler.py", line 53, in wrapped_app
    raise exc
  File "C:\Users\ismai\Documents\GitHub\New-Data-Fraud-detection\backend\.venv\Lib\site-packages\starlette\_exception_h
andler.py", line 42, in wrapped_app
    await app(scope, receive, sender)
  File 
"C:\Users\ismai\Documents\GitHub\New-Data-Fraud-detection\backend\.venv\Lib\site-packages\starlette\routing.py", line 
715, in __call__
    await self.middleware_stack(scope, receive, send)
  File 
"C:\Users\ismai\Documents\GitHub\New-Data-Fraud-detection\backend\.venv\Lib\site-packages\starlette\routing.py", line 
735, in app
    await route.handle(scope, receive, send)
  File 
"C:\Users\ismai\Documents\GitHub\New-Data-Fraud-detection\backend\.venv\Lib\site-packages\starlette\routing.py", line 
288, in handle
    await self.app(scope, receive, send)
  File 
"C:\Users\ismai\Documents\GitHub\New-Data-Fraud-detection\backend\.venv\Lib\site-packages\starlette\routing.py", line 
76, in app
    await wrap_app_handling_exceptions(app, request)(scope, receive, send)
  File "C:\Users\ismai\Documents\GitHub\New-Data-Fraud-detection\backend\.venv\Lib\site-packages\starlette\_exception_h
andler.py", line 53, in wrapped_app
    raise exc
  File "C:\Users\ismai\Documents\GitHub\New-Data-Fraud-detection\backend\.venv\Lib\site-packages\starlette\_exception_h
andler.py", line 42, in wrapped_app
    await app(scope, receive, sender)
  File 
"C:\Users\ismai\Documents\GitHub\New-Data-Fraud-detection\backend\.venv\Lib\site-packages\starlette\routing.py", line 
73, in app
    response = await f(request)
               ^^^^^^^^^^^^^^^^
  File "C:\Users\ismai\Documents\GitHub\New-Data-Fraud-detection\backend\.venv\Lib\site-packages\fastapi\routing.py", 
line 301, in app
    raw_response = await run_endpoint_function(
                   ^^^^^^^^^^^^^^^^^^^^^^^^^^^^
  File "C:\Users\ismai\Documents\GitHub\New-Data-Fraud-detection\backend\.venv\Lib\site-packages\fastapi\routing.py", 
line 214, in run_endpoint_function
    return await run_in_threadpool(dependant.call, **values)
           ^^^^^^^^^^^^^^^^^^^^^^^^^^^^^^^^^^^^^^^^^^^^^^^^^
  File 
"C:\Users\ismai\Documents\GitHub\New-Data-Fraud-detection\backend\.venv\Lib\site-packages\starlette\concurrency.py", 
line 39, in run_in_threadpool
    return await anyio.to_thread.run_sync(func, *args)
           ^^^^^^^^^^^^^^^^^^^^^^^^^^^^^^^^^^^^^^^^^^^
  File "C:\Users\ismai\Documents\GitHub\New-Data-Fraud-detection\backend\.venv\Lib\site-packages\anyio\to_thread.py", 
line 65, in run_sync
    return await get_async_backend().run_sync_in_worker_thread(
           ^^^^^^^^^^^^^^^^^^^^^^^^^^^^^^^^^^^^^^^^^^^^^^^^^^^^
  File "C:\Users\ismai\Documents\GitHub\New-Data-Fraud-detection\backend\.venv\Lib\site-packages\anyio\_backends\_async
io.py", line 2706, in run_sync_in_worker_thread
    return await future
           ^^^^^^^^^^^^
  File "C:\Users\ismai\Documents\GitHub\New-Data-Fraud-detection\backend\.venv\Lib\site-packages\anyio\_backends\_async
io.py", line 1100, in run
    result = context.run(func, *args)
             ^^^^^^^^^^^^^^^^^^^^^^^^
  File "C:\Users\ismai\Documents\GitHub\New-Data-Fraud-detection\backend\app\routers\dashboard.py", line 269, in 
get_rule_statistics
    totals = session.execute(totals_sql, params).mappings().one()
             ^^^^^^^^^^^^^^^^^^^^^^^^^^^^^^^^^^^
  File 
"C:\Users\ismai\Documents\GitHub\New-Data-Fraud-detection\backend\.venv\Lib\site-packages\sqlalchemy\orm\session.py", 
line 2362, in execute
    return self._execute_internal(
           ^^^^^^^^^^^^^^^^^^^^^^^
  File 
"C:\Users\ismai\Documents\GitHub\New-Data-Fraud-detection\backend\.venv\Lib\site-packages\sqlalchemy\orm\session.py", 
line 2237, in _execute_internal
    conn = self._connection_for_bind(bind)
           ^^^^^^^^^^^^^^^^^^^^^^^^^^^^^^^
  File 
"C:\Users\ismai\Documents\GitHub\New-Data-Fraud-detection\backend\.venv\Lib\site-packages\sqlalchemy\orm\session.py", 
line 2106, in _connection_for_bind
    return trans._connection_for_bind(engine, execution_options)
           ^^^^^^^^^^^^^^^^^^^^^^^^^^^^^^^^^^^^^^^^^^^^^^^^^^^^^
  File "<string>", line 2, in _connection_for_bind
  File "C:\Users\ismai\Documents\GitHub\New-Data-Fraud-detection\backend\.venv\Lib\site-packages\sqlalchemy\orm\state_c
hanges.py", line 139, in _go
    ret_value = fn(self, *arg, **kw)
                ^^^^^^^^^^^^^^^^^^^^
  File 
"C:\Users\ismai\Documents\GitHub\New-Data-Fraud-detection\backend\.venv\Lib\site-packages\sqlalchemy\orm\session.py", 
line 1189, in _connection_for_bind
    conn = bind.connect()
           ^^^^^^^^^^^^^^
  File 
"C:\Users\ismai\Documents\GitHub\New-Data-Fraud-detection\backend\.venv\Lib\site-packages\sqlalchemy\engine\base.py", 
line 3278, in connect
    return self._connection_cls(self)
           ^^^^^^^^^^^^^^^^^^^^^^^^^^
  File 
"C:\Users\ismai\Documents\GitHub\New-Data-Fraud-detection\backend\.venv\Lib\site-packages\sqlalchemy\engine\base.py", 
line 148, in __init__
    Connection._handle_dbapi_exception_noconnection(
  File 
"C:\Users\ismai\Documents\GitHub\New-Data-Fraud-detection\backend\.venv\Lib\site-packages\sqlalchemy\engine\base.py", 
line 2442, in _handle_dbapi_exception_noconnection
    raise sqlalchemy_exception.with_traceback(exc_info[2]) from e
  File 
"C:\Users\ismai\Documents\GitHub\New-Data-Fraud-detection\backend\.venv\Lib\site-packages\sqlalchemy\engine\base.py", 
line 146, in __init__
    self._dbapi_connection = engine.raw_connection()
                             ^^^^^^^^^^^^^^^^^^^^^^^
  File 
"C:\Users\ismai\Documents\GitHub\New-Data-Fraud-detection\backend\.venv\Lib\site-packages\sqlalchemy\engine\base.py", 
line 3302, in raw_connection
    return self.pool.connect()
           ^^^^^^^^^^^^^^^^^^^
  File 
"C:\Users\ismai\Documents\GitHub\New-Data-Fraud-detection\backend\.venv\Lib\site-packages\sqlalchemy\pool\base.py", 
line 449, in connect
    return _ConnectionFairy._checkout(self)
           ^^^^^^^^^^^^^^^^^^^^^^^^^^^^^^^^
  File 
"C:\Users\ismai\Documents\GitHub\New-Data-Fraud-detection\backend\.venv\Lib\site-packages\sqlalchemy\pool\base.py", 
line 1263, in _checkout
    fairy = _ConnectionRecord.checkout(pool)
            ^^^^^^^^^^^^^^^^^^^^^^^^^^^^^^^^
  File 
"C:\Users\ismai\Documents\GitHub\New-Data-Fraud-detection\backend\.venv\Lib\site-packages\sqlalchemy\pool\base.py", 
line 712, in checkout
    rec = pool._do_get()
          ^^^^^^^^^^^^^^
  File 
"C:\Users\ismai\Documents\GitHub\New-Data-Fraud-detection\backend\.venv\Lib\site-packages\sqlalchemy\pool\impl.py", 
line 179, in _do_get
    with util.safe_reraise():
  File "C:\Users\ismai\Documents\GitHub\New-Data-Fraud-detection\backend\.venv\Lib\site-packages\sqlalchemy\util\langhe
lpers.py", line 146, in __exit__
    raise exc_value.with_traceback(exc_tb)
  File 
"C:\Users\ismai\Documents\GitHub\New-Data-Fraud-detection\backend\.venv\Lib\site-packages\sqlalchemy\pool\impl.py", 
line 177, in _do_get
    return self._create_connection()
           ^^^^^^^^^^^^^^^^^^^^^^^^^
  File 
"C:\Users\ismai\Documents\GitHub\New-Data-Fraud-detection\backend\.venv\Lib\site-packages\sqlalchemy\pool\base.py", 
line 390, in _create_connection
    return _ConnectionRecord(self)
           ^^^^^^^^^^^^^^^^^^^^^^^
  File 
"C:\Users\ismai\Documents\GitHub\New-Data-Fraud-detection\backend\.venv\Lib\site-packages\sqlalchemy\pool\base.py", 
line 674, in __init__
    self.__connect()
  File 
"C:\Users\ismai\Documents\GitHub\New-Data-Fraud-detection\backend\.venv\Lib\site-packages\sqlalchemy\pool\base.py", 
line 900, in __connect
    with util.safe_reraise():
  File "C:\Users\ismai\Documents\GitHub\New-Data-Fraud-detection\backend\.venv\Lib\site-packages\sqlalchemy\util\langhe
lpers.py", line 146, in __exit__
    raise exc_value.with_traceback(exc_tb)
  File 
"C:\Users\ismai\Documents\GitHub\New-Data-Fraud-detection\backend\.venv\Lib\site-packages\sqlalchemy\pool\base.py", 
line 896, in __connect
    self.dbapi_connection = connection = pool._invoke_creator(self)
                                         ^^^^^^^^^^^^^^^^^^^^^^^^^^
INFO:     127.0.0.1:50997 - "GET /api/analytics/packages HTTP/1.1" 500 Internal Server Error
  File "C:\Users\ismai\Documents\GitHub\New-Data-Fraud-detection\backend\.venv\Lib\site-packages\sqlalchemy\engine\crea
te.py", line 643, in connect
    return dialect.connect(*cargs, **cparams)
           ^^^^^^^^^^^^^^^^^^^^^^^^^^^^^^^^^^
  File "C:\Users\ismai\Documents\GitHub\New-Data-Fraud-detection\backend\.venv\Lib\site-packages\sqlalchemy\engine\defa
ult.py", line 621, in connect
    return self.loaded_dbapi.connect(*cargs, **cparams)
           ^^^^^^^^^^^^^^^^^^^^^^^^^^^^^^^^^^^^^^^^^^^^
  File 
"C:\Users\ismai\Documents\GitHub\New-Data-Fraud-detection\backend\.venv\Lib\site-packages\psycopg2\__init__.py", line 
122, in connect
    conn = _connect(dsn, connection_factory=connection_factory, **kwasync)
           ^^^^^^^^^^^^^^^^^^^^^^^^^^^^^^^^^^^^^^^^^^^^^^^^^^^^^^^^^^^^^^^
sqlalchemy.exc.OperationalError: (psycopg2.OperationalError) connection to server at "localhost" (::1), port 5432 
failed: Connection refused (0x0000274D/10061)
	Is the server running on that host and accepting TCP/IP connections?
connection to server at "localhost" (127.0.0.1), port 5432 failed: Connection refused (0x0000274D/10061)
	Is the server running on that host and accepting TCP/IP connections?

(Background on this error at: https://sqlalche.me/e/20/e3q8)
ERROR:    Exception in ASGI application
Traceback (most recent call last):
  File 
"C:\Users\ismai\Documents\GitHub\New-Data-Fraud-detection\backend\.venv\Lib\site-packages\sqlalchemy\engine\base.py", 
line 146, in __init__
    self._dbapi_connection = engine.raw_connection()
                             ^^^^^^^^^^^^^^^^^^^^^^^
  File 
"C:\Users\ismai\Documents\GitHub\New-Data-Fraud-detection\backend\.venv\Lib\site-packages\sqlalchemy\engine\base.py", 
line 3302, in raw_connection
    return self.pool.connect()
           ^^^^^^^^^^^^^^^^^^^
  File 
"C:\Users\ismai\Documents\GitHub\New-Data-Fraud-detection\backend\.venv\Lib\site-packages\sqlalchemy\pool\base.py", 
line 449, in connect
    return _ConnectionFairy._checkout(self)
           ^^^^^^^^^^^^^^^^^^^^^^^^^^^^^^^^
  File 
"C:\Users\ismai\Documents\GitHub\New-Data-Fraud-detection\backend\.venv\Lib\site-packages\sqlalchemy\pool\base.py", 
line 1263, in _checkout
    fairy = _ConnectionRecord.checkout(pool)
            ^^^^^^^^^^^^^^^^^^^^^^^^^^^^^^^^
  File 
"C:\Users\ismai\Documents\GitHub\New-Data-Fraud-detection\backend\.venv\Lib\site-packages\sqlalchemy\pool\base.py", 
line 712, in checkout
    rec = pool._do_get()
          ^^^^^^^^^^^^^^
  File 
"C:\Users\ismai\Documents\GitHub\New-Data-Fraud-detection\backend\.venv\Lib\site-packages\sqlalchemy\pool\impl.py", 
line 179, in _do_get
    with util.safe_reraise():
  File "C:\Users\ismai\Documents\GitHub\New-Data-Fraud-detection\backend\.venv\Lib\site-packages\sqlalchemy\util\langhe
lpers.py", line 146, in __exit__
    raise exc_value.with_traceback(exc_tb)
  File 
"C:\Users\ismai\Documents\GitHub\New-Data-Fraud-detection\backend\.venv\Lib\site-packages\sqlalchemy\pool\impl.py", 
line 177, in _do_get
    return self._create_connection()
           ^^^^^^^^^^^^^^^^^^^^^^^^^
  File 
"C:\Users\ismai\Documents\GitHub\New-Data-Fraud-detection\backend\.venv\Lib\site-packages\sqlalchemy\pool\base.py", 
line 390, in _create_connection
    return _ConnectionRecord(self)
           ^^^^^^^^^^^^^^^^^^^^^^^
  File 
"C:\Users\ismai\Documents\GitHub\New-Data-Fraud-detection\backend\.venv\Lib\site-packages\sqlalchemy\pool\base.py", 
line 674, in __init__
    self.__connect()
  File 
"C:\Users\ismai\Documents\GitHub\New-Data-Fraud-detection\backend\.venv\Lib\site-packages\sqlalchemy\pool\base.py", 
line 900, in __connect
    with util.safe_reraise():
  File "C:\Users\ismai\Documents\GitHub\New-Data-Fraud-detection\backend\.venv\Lib\site-packages\sqlalchemy\util\langhe
lpers.py", line 146, in __exit__
    raise exc_value.with_traceback(exc_tb)
  File 
"C:\Users\ismai\Documents\GitHub\New-Data-Fraud-detection\backend\.venv\Lib\site-packages\sqlalchemy\pool\base.py", 
line 896, in __connect
    self.dbapi_connection = connection = pool._invoke_creator(self)
                                         ^^^^^^^^^^^^^^^^^^^^^^^^^^
  File "C:\Users\ismai\Documents\GitHub\New-Data-Fraud-detection\backend\.venv\Lib\site-packages\sqlalchemy\engine\crea
te.py", line 643, in connect
    return dialect.connect(*cargs, **cparams)
           ^^^^^^^^^^^^^^^^^^^^^^^^^^^^^^^^^^
  File "C:\Users\ismai\Documents\GitHub\New-Data-Fraud-detection\backend\.venv\Lib\site-packages\sqlalchemy\engine\defa
ult.py", line 621, in connect
    return self.loaded_dbapi.connect(*cargs, **cparams)
           ^^^^^^^^^^^^^^^^^^^^^^^^^^^^^^^^^^^^^^^^^^^^
  File 
"C:\Users\ismai\Documents\GitHub\New-Data-Fraud-detection\backend\.venv\Lib\site-packages\psycopg2\__init__.py", line 
122, in connect
    conn = _connect(dsn, connection_factory=connection_factory, **kwasync)
           ^^^^^^^^^^^^^^^^^^^^^^^^^^^^^^^^^^^^^^^^^^^^^^^^^^^^^^^^^^^^^^^
psycopg2.OperationalError: connection to server at "localhost" (::1), port 5432 failed: Connection refused 
(0x0000274D/10061)
	Is the server running on that host and accepting TCP/IP connections?
connection to server at "localhost" (127.0.0.1), port 5432 failed: Connection refused (0x0000274D/10061)
	Is the server running on that host and accepting TCP/IP connections?


The above exception was the direct cause of the following exception:

Traceback (most recent call last):
  File "C:\Users\ismai\Documents\GitHub\New-Data-Fraud-detection\backend\.venv\Lib\site-packages\uvicorn\protocols\http
\httptools_impl.py", line 409, in run_asgi
    result = await app(  # type: ignore[func-returns-value]
             ^^^^^^^^^^^^^^^^^^^^^^^^^^^^^^^^^^^^^^^^^^^^^^
  File "C:\Users\ismai\Documents\GitHub\New-Data-Fraud-detection\backend\.venv\Lib\site-packages\uvicorn\middleware\pro
xy_headers.py", line 60, in __call__
    return await self.app(scope, receive, send)
           ^^^^^^^^^^^^^^^^^^^^^^^^^^^^^^^^^^^^
  File 
"C:\Users\ismai\Documents\GitHub\New-Data-Fraud-detection\backend\.venv\Lib\site-packages\fastapi\applications.py", 
line 1054, in __call__
    await super().__call__(scope, receive, send)
  File 
"C:\Users\ismai\Documents\GitHub\New-Data-Fraud-detection\backend\.venv\Lib\site-packages\starlette\applications.py", 
line 113, in __call__
    await self.middleware_stack(scope, receive, send)
  File "C:\Users\ismai\Documents\GitHub\New-Data-Fraud-detection\backend\.venv\Lib\site-packages\starlette\middleware\e
rrors.py", line 187, in __call__
    raise exc
  File "C:\Users\ismai\Documents\GitHub\New-Data-Fraud-detection\backend\.venv\Lib\site-packages\starlette\middleware\e
rrors.py", line 165, in __call__
    await self.app(scope, receive, _send)
  File "C:\Users\ismai\Documents\GitHub\New-Data-Fraud-detection\backend\.venv\Lib\site-packages\starlette\middleware\c
ors.py", line 85, in __call__
    await self.app(scope, receive, send)
  File "C:\Users\ismai\Documents\GitHub\New-Data-Fraud-detection\backend\.venv\Lib\site-packages\starlette\middleware\e
xceptions.py", line 62, in __call__
    await wrap_app_handling_exceptions(self.app, conn)(scope, receive, send)
  File "C:\Users\ismai\Documents\GitHub\New-Data-Fraud-detection\backend\.venv\Lib\site-packages\starlette\_exception_h
andler.py", line 53, in wrapped_app
    raise exc
  File "C:\Users\ismai\Documents\GitHub\New-Data-Fraud-detection\backend\.venv\Lib\site-packages\starlette\_exception_h
andler.py", line 42, in wrapped_app
    await app(scope, receive, sender)
  File 
"C:\Users\ismai\Documents\GitHub\New-Data-Fraud-detection\backend\.venv\Lib\site-packages\starlette\routing.py", line 
715, in __call__
    await self.middleware_stack(scope, receive, send)
  File 
"C:\Users\ismai\Documents\GitHub\New-Data-Fraud-detection\backend\.venv\Lib\site-packages\starlette\routing.py", line 
735, in app
    await route.handle(scope, receive, send)
  File 
"C:\Users\ismai\Documents\GitHub\New-Data-Fraud-detection\backend\.venv\Lib\site-packages\starlette\routing.py", line 
288, in handle
    await self.app(scope, receive, send)
  File 
"C:\Users\ismai\Documents\GitHub\New-Data-Fraud-detection\backend\.venv\Lib\site-packages\starlette\routing.py", line 
76, in app
    await wrap_app_handling_exceptions(app, request)(scope, receive, send)
  File "C:\Users\ismai\Documents\GitHub\New-Data-Fraud-detection\backend\.venv\Lib\site-packages\starlette\_exception_h
andler.py", line 53, in wrapped_app
    raise exc
  File "C:\Users\ismai\Documents\GitHub\New-Data-Fraud-detection\backend\.venv\Lib\site-packages\starlette\_exception_h
andler.py", line 42, in wrapped_app
    await app(scope, receive, sender)
  File 
"C:\Users\ismai\Documents\GitHub\New-Data-Fraud-detection\backend\.venv\Lib\site-packages\starlette\routing.py", line 
73, in app
    response = await f(request)
               ^^^^^^^^^^^^^^^^
  File "C:\Users\ismai\Documents\GitHub\New-Data-Fraud-detection\backend\.venv\Lib\site-packages\fastapi\routing.py", 
line 301, in app
    raw_response = await run_endpoint_function(
                   ^^^^^^^^^^^^^^^^^^^^^^^^^^^^
  File "C:\Users\ismai\Documents\GitHub\New-Data-Fraud-detection\backend\.venv\Lib\site-packages\fastapi\routing.py", 
line 214, in run_endpoint_function
    return await run_in_threadpool(dependant.call, **values)
           ^^^^^^^^^^^^^^^^^^^^^^^^^^^^^^^^^^^^^^^^^^^^^^^^^
  File 
"C:\Users\ismai\Documents\GitHub\New-Data-Fraud-detection\backend\.venv\Lib\site-packages\starlette\concurrency.py", 
line 39, in run_in_threadpool
    return await anyio.to_thread.run_sync(func, *args)
           ^^^^^^^^^^^^^^^^^^^^^^^^^^^^^^^^^^^^^^^^^^^
  File "C:\Users\ismai\Documents\GitHub\New-Data-Fraud-detection\backend\.venv\Lib\site-packages\anyio\to_thread.py", 
line 65, in run_sync
    return await get_async_backend().run_sync_in_worker_thread(
           ^^^^^^^^^^^^^^^^^^^^^^^^^^^^^^^^^^^^^^^^^^^^^^^^^^^^
  File "C:\Users\ismai\Documents\GitHub\New-Data-Fraud-detection\backend\.venv\Lib\site-packages\anyio\_backends\_async
io.py", line 2706, in run_sync_in_worker_thread
    return await future
           ^^^^^^^^^^^^
  File "C:\Users\ismai\Documents\GitHub\New-Data-Fraud-detection\backend\.venv\Lib\site-packages\anyio\_backends\_async
io.py", line 1100, in run
    result = context.run(func, *args)
             ^^^^^^^^^^^^^^^^^^^^^^^^
  File "C:\Users\ismai\Documents\GitHub\New-Data-Fraud-detection\backend\app\routers\dashboard.py", line 220, in 
get_package_stats
    dist_rows = session.execute(distribution_sql).mappings().all()
                ^^^^^^^^^^^^^^^^^^^^^^^^^^^^^^^^^
  File 
"C:\Users\ismai\Documents\GitHub\New-Data-Fraud-detection\backend\.venv\Lib\site-packages\sqlalchemy\orm\session.py", 
line 2362, in execute
    return self._execute_internal(
           ^^^^^^^^^^^^^^^^^^^^^^^
  File 
"C:\Users\ismai\Documents\GitHub\New-Data-Fraud-detection\backend\.venv\Lib\site-packages\sqlalchemy\orm\session.py", 
line 2237, in _execute_internal
    conn = self._connection_for_bind(bind)
           ^^^^^^^^^^^^^^^^^^^^^^^^^^^^^^^
  File 
"C:\Users\ismai\Documents\GitHub\New-Data-Fraud-detection\backend\.venv\Lib\site-packages\sqlalchemy\orm\session.py", 
line 2106, in _connection_for_bind
    return trans._connection_for_bind(engine, execution_options)
           ^^^^^^^^^^^^^^^^^^^^^^^^^^^^^^^^^^^^^^^^^^^^^^^^^^^^^
  File "<string>", line 2, in _connection_for_bind
  File "C:\Users\ismai\Documents\GitHub\New-Data-Fraud-detection\backend\.venv\Lib\site-packages\sqlalchemy\orm\state_c
hanges.py", line 139, in _go
    ret_value = fn(self, *arg, **kw)
                ^^^^^^^^^^^^^^^^^^^^
  File 
"C:\Users\ismai\Documents\GitHub\New-Data-Fraud-detection\backend\.venv\Lib\site-packages\sqlalchemy\orm\session.py", 
line 1189, in _connection_for_bind
    conn = bind.connect()
           ^^^^^^^^^^^^^^
  File 
"C:\Users\ismai\Documents\GitHub\New-Data-Fraud-detection\backend\.venv\Lib\site-packages\sqlalchemy\engine\base.py", 
line 3278, in connect
    return self._connection_cls(self)
           ^^^^^^^^^^^^^^^^^^^^^^^^^^
  File 
"C:\Users\ismai\Documents\GitHub\New-Data-Fraud-detection\backend\.venv\Lib\site-packages\sqlalchemy\engine\base.py", 
line 148, in __init__
    Connection._handle_dbapi_exception_noconnection(
  File 
"C:\Users\ismai\Documents\GitHub\New-Data-Fraud-detection\backend\.venv\Lib\site-packages\sqlalchemy\engine\base.py", 
line 2442, in _handle_dbapi_exception_noconnection
    raise sqlalchemy_exception.with_traceback(exc_info[2]) from e
  File 
"C:\Users\ismai\Documents\GitHub\New-Data-Fraud-detection\backend\.venv\Lib\site-packages\sqlalchemy\engine\base.py", 
line 146, in __init__
    self._dbapi_connection = engine.raw_connection()
                             ^^^^^^^^^^^^^^^^^^^^^^^
  File 
"C:\Users\ismai\Documents\GitHub\New-Data-Fraud-detection\backend\.venv\Lib\site-packages\sqlalchemy\engine\base.py", 
line 3302, in raw_connection
    return self.pool.connect()
           ^^^^^^^^^^^^^^^^^^^
  File 
"C:\Users\ismai\Documents\GitHub\New-Data-Fraud-detection\backend\.venv\Lib\site-packages\sqlalchemy\pool\base.py", 
line 449, in connect
    return _ConnectionFairy._checkout(self)
           ^^^^^^^^^^^^^^^^^^^^^^^^^^^^^^^^
  File 
"C:\Users\ismai\Documents\GitHub\New-Data-Fraud-detection\backend\.venv\Lib\site-packages\sqlalchemy\pool\base.py", 
line 1263, in _checkout
    fairy = _ConnectionRecord.checkout(pool)
            ^^^^^^^^^^^^^^^^^^^^^^^^^^^^^^^^
  File 
"C:\Users\ismai\Documents\GitHub\New-Data-Fraud-detection\backend\.venv\Lib\site-packages\sqlalchemy\pool\base.py", 
line 712, in checkout
    rec = pool._do_get()
          ^^^^^^^^^^^^^^
  File 
"C:\Users\ismai\Documents\GitHub\New-Data-Fraud-detection\backend\.venv\Lib\site-packages\sqlalchemy\pool\impl.py", 
line 179, in _do_get
    with util.safe_reraise():
  File "C:\Users\ismai\Documents\GitHub\New-Data-Fraud-detection\backend\.venv\Lib\site-packages\sqlalchemy\util\langhe
lpers.py", line 146, in __exit__
    raise exc_value.with_traceback(exc_tb)
  File 
"C:\Users\ismai\Documents\GitHub\New-Data-Fraud-detection\backend\.venv\Lib\site-packages\sqlalchemy\pool\impl.py", 
line 177, in _do_get
    return self._create_connection()
           ^^^^^^^^^^^^^^^^^^^^^^^^^
  File 
"C:\Users\ismai\Documents\GitHub\New-Data-Fraud-detection\backend\.venv\Lib\site-packages\sqlalchemy\pool\base.py", 
line 390, in _create_connection
    return _ConnectionRecord(self)
           ^^^^^^^^^^^^^^^^^^^^^^^
  File 
"C:\Users\ismai\Documents\GitHub\New-Data-Fraud-detection\backend\.venv\Lib\site-packages\sqlalchemy\pool\base.py", 
line 674, in __init__
    self.__connect()
  File 
"C:\Users\ismai\Documents\GitHub\New-Data-Fraud-detection\backend\.venv\Lib\site-packages\sqlalchemy\pool\base.py", 
line 900, in __connect
    with util.safe_reraise():
  File "C:\Users\ismai\Documents\GitHub\New-Data-Fraud-detection\backend\.venv\Lib\site-packages\sqlalchemy\util\langhe
lpers.py", line 146, in __exit__
    raise exc_value.with_traceback(exc_tb)
  File 
"C:\Users\ismai\Documents\GitHub\New-Data-Fraud-detection\backend\.venv\Lib\site-packages\sqlalchemy\pool\base.py", 
line 896, in __connect
    self.dbapi_connection = connection = pool._invoke_creator(self)
                                         ^^^^^^^^^^^^^^^^^^^^^^^^^^
  File "C:\Users\ismai\Documents\GitHub\New-Data-Fraud-detection\backend\.venv\Lib\site-packages\sqlalchemy\engine\crea
te.py", line 643, in connect
    return dialect.connect(*cargs, **cparams)
           ^^^^^^^^^^^^^^^^^^^^^^^^^^^^^^^^^^
  File "C:\Users\ismai\Documents\GitHub\New-Data-Fraud-detection\backend\.venv\Lib\site-packages\sqlalchemy\engine\defa
ult.py", line 621, in connect
    return self.loaded_dbapi.connect(*cargs, **cparams)
           ^^^^^^^^^^^^^^^^^^^^^^^^^^^^^^^^^^^^^^^^^^^^
  File 
"C:\Users\ismai\Documents\GitHub\New-Data-Fraud-detection\backend\.venv\Lib\site-packages\psycopg2\__init__.py", line 
122, in connect
    conn = _connect(dsn, connection_factory=connection_factory, **kwasync)
           ^^^^^^^^^^^^^^^^^^^^^^^^^^^^^^^^^^^^^^^^^^^^^^^^^^^^^^^^^^^^^^^
sqlalchemy.exc.OperationalError: (psycopg2.OperationalError) connection to server at "localhost" (::1), port 5432 
failed: Connection refused (0x0000274D/10061)
	Is the server running on that host and accepting TCP/IP connections?
connection to server at "localhost" (127.0.0.1), port 5432 failed: Connection refused (0x0000274D/10061)
	Is the server running on that host and accepting TCP/IP connections?

(Background on this error at: https://sqlalche.me/e/20/e3q8)
INFO:     127.0.0.1:52101 - "GET /api/system-health HTTP/1.1" 200 OK
INFO:     127.0.0.1:54858 - "GET /api/analytics/daily HTTP/1.1" 500 Internal Server Error
ERROR:    Exception in ASGI application
Traceback (most recent call last):
  File 
"C:\Users\ismai\Documents\GitHub\New-Data-Fraud-detection\backend\.venv\Lib\site-packages\sqlalchemy\engine\base.py", 
line 146, in __init__
    self._dbapi_connection = engine.raw_connection()
                             ^^^^^^^^^^^^^^^^^^^^^^^
  File 
"C:\Users\ismai\Documents\GitHub\New-Data-Fraud-detection\backend\.venv\Lib\site-packages\sqlalchemy\engine\base.py", 
line 3302, in raw_connection
    return self.pool.connect()
           ^^^^^^^^^^^^^^^^^^^
  File 
"C:\Users\ismai\Documents\GitHub\New-Data-Fraud-detection\backend\.venv\Lib\site-packages\sqlalchemy\pool\base.py", 
line 449, in connect
    return _ConnectionFairy._checkout(self)
           ^^^^^^^^^^^^^^^^^^^^^^^^^^^^^^^^
  File 
"C:\Users\ismai\Documents\GitHub\New-Data-Fraud-detection\backend\.venv\Lib\site-packages\sqlalchemy\pool\base.py", 
line 1263, in _checkout
    fairy = _ConnectionRecord.checkout(pool)
            ^^^^^^^^^^^^^^^^^^^^^^^^^^^^^^^^
  File 
"C:\Users\ismai\Documents\GitHub\New-Data-Fraud-detection\backend\.venv\Lib\site-packages\sqlalchemy\pool\base.py", 
line 712, in checkout
    rec = pool._do_get()
          ^^^^^^^^^^^^^^
  File 
"C:\Users\ismai\Documents\GitHub\New-Data-Fraud-detection\backend\.venv\Lib\site-packages\sqlalchemy\pool\impl.py", 
line 179, in _do_get
    with util.safe_reraise():
  File "C:\Users\ismai\Documents\GitHub\New-Data-Fraud-detection\backend\.venv\Lib\site-packages\sqlalchemy\util\langhe
lpers.py", line 146, in __exit__
    raise exc_value.with_traceback(exc_tb)
  File 
"C:\Users\ismai\Documents\GitHub\New-Data-Fraud-detection\backend\.venv\Lib\site-packages\sqlalchemy\pool\impl.py", 
line 177, in _do_get
    return self._create_connection()
           ^^^^^^^^^^^^^^^^^^^^^^^^^
  File 
"C:\Users\ismai\Documents\GitHub\New-Data-Fraud-detection\backend\.venv\Lib\site-packages\sqlalchemy\pool\base.py", 
line 390, in _create_connection
    return _ConnectionRecord(self)
           ^^^^^^^^^^^^^^^^^^^^^^^
  File 
"C:\Users\ismai\Documents\GitHub\New-Data-Fraud-detection\backend\.venv\Lib\site-packages\sqlalchemy\pool\base.py", 
line 674, in __init__
    self.__connect()
  File 
"C:\Users\ismai\Documents\GitHub\New-Data-Fraud-detection\backend\.venv\Lib\site-packages\sqlalchemy\pool\base.py", 
line 900, in __connect
    with util.safe_reraise():
  File "C:\Users\ismai\Documents\GitHub\New-Data-Fraud-detection\backend\.venv\Lib\site-packages\sqlalchemy\util\langhe
lpers.py", line 146, in __exit__
    raise exc_value.with_traceback(exc_tb)
  File 
"C:\Users\ismai\Documents\GitHub\New-Data-Fraud-detection\backend\.venv\Lib\site-packages\sqlalchemy\pool\base.py", 
line 896, in __connect
    self.dbapi_connection = connection = pool._invoke_creator(self)
                                         ^^^^^^^^^^^^^^^^^^^^^^^^^^
  File "C:\Users\ismai\Documents\GitHub\New-Data-Fraud-detection\backend\.venv\Lib\site-packages\sqlalchemy\engine\crea
te.py", line 643, in connect
    return dialect.connect(*cargs, **cparams)
           ^^^^^^^^^^^^^^^^^^^^^^^^^^^^^^^^^^
  File "C:\Users\ismai\Documents\GitHub\New-Data-Fraud-detection\backend\.venv\Lib\site-packages\sqlalchemy\engine\defa
ult.py", line 621, in connect
    return self.loaded_dbapi.connect(*cargs, **cparams)
           ^^^^^^^^^^^^^^^^^^^^^^^^^^^^^^^^^^^^^^^^^^^^
  File 
"C:\Users\ismai\Documents\GitHub\New-Data-Fraud-detection\backend\.venv\Lib\site-packages\psycopg2\__init__.py", line 
122, in connect
    conn = _connect(dsn, connection_factory=connection_factory, **kwasync)
           ^^^^^^^^^^^^^^^^^^^^^^^^^^^^^^^^^^^^^^^^^^^^^^^^^^^^^^^^^^^^^^^
psycopg2.OperationalError: connection to server at "localhost" (::1), port 5432 failed: Connection refused 
(0x0000274D/10061)
	Is the server running on that host and accepting TCP/IP connections?
connection to server at "localhost" (127.0.0.1), port 5432 failed: Connection refused (0x0000274D/10061)
	Is the server running on that host and accepting TCP/IP connections?


The above exception was the direct cause of the following exception:

Traceback (most recent call last):
  File "C:\Users\ismai\Documents\GitHub\New-Data-Fraud-detection\backend\.venv\Lib\site-packages\uvicorn\protocols\http
\httptools_impl.py", line 409, in run_asgi
    result = await app(  # type: ignore[func-returns-value]
             ^^^^^^^^^^^^^^^^^^^^^^^^^^^^^^^^^^^^^^^^^^^^^^
  File "C:\Users\ismai\Documents\GitHub\New-Data-Fraud-detection\backend\.venv\Lib\site-packages\uvicorn\middleware\pro
xy_headers.py", line 60, in __call__
    return await self.app(scope, receive, send)
           ^^^^^^^^^^^^^^^^^^^^^^^^^^^^^^^^^^^^
  File 
"C:\Users\ismai\Documents\GitHub\New-Data-Fraud-detection\backend\.venv\Lib\site-packages\fastapi\applications.py", 
line 1054, in __call__
    await super().__call__(scope, receive, send)
  File 
"C:\Users\ismai\Documents\GitHub\New-Data-Fraud-detection\backend\.venv\Lib\site-packages\starlette\applications.py", 
line 113, in __call__
    await self.middleware_stack(scope, receive, send)
  File "C:\Users\ismai\Documents\GitHub\New-Data-Fraud-detection\backend\.venv\Lib\site-packages\starlette\middleware\e
rrors.py", line 187, in __call__
    raise exc
  File "C:\Users\ismai\Documents\GitHub\New-Data-Fraud-detection\backend\.venv\Lib\site-packages\starlette\middleware\e
rrors.py", line 165, in __call__
    await self.app(scope, receive, _send)
  File "C:\Users\ismai\Documents\GitHub\New-Data-Fraud-detection\backend\.venv\Lib\site-packages\starlette\middleware\c
ors.py", line 85, in __call__
    await self.app(scope, receive, send)
  File "C:\Users\ismai\Documents\GitHub\New-Data-Fraud-detection\backend\.venv\Lib\site-packages\starlette\middleware\e
xceptions.py", line 62, in __call__
    await wrap_app_handling_exceptions(self.app, conn)(scope, receive, send)
  File "C:\Users\ismai\Documents\GitHub\New-Data-Fraud-detection\backend\.venv\Lib\site-packages\starlette\_exception_h
andler.py", line 53, in wrapped_app
    raise exc
  File "C:\Users\ismai\Documents\GitHub\New-Data-Fraud-detection\backend\.venv\Lib\site-packages\starlette\_exception_h
andler.py", line 42, in wrapped_app
    await app(scope, receive, sender)
  File 
"C:\Users\ismai\Documents\GitHub\New-Data-Fraud-detection\backend\.venv\Lib\site-packages\starlette\routing.py", line 
715, in __call__
    await self.middleware_stack(scope, receive, send)
  File 
"C:\Users\ismai\Documents\GitHub\New-Data-Fraud-detection\backend\.venv\Lib\site-packages\starlette\routing.py", line 
735, in app
    await route.handle(scope, receive, send)
  File 
"C:\Users\ismai\Documents\GitHub\New-Data-Fraud-detection\backend\.venv\Lib\site-packages\starlette\routing.py", line 
288, in handle
    await self.app(scope, receive, send)
  File 
"C:\Users\ismai\Documents\GitHub\New-Data-Fraud-detection\backend\.venv\Lib\site-packages\starlette\routing.py", line 
76, in app
    await wrap_app_handling_exceptions(app, request)(scope, receive, send)
  File "C:\Users\ismai\Documents\GitHub\New-Data-Fraud-detection\backend\.venv\Lib\site-packages\starlette\_exception_h
andler.py", line 53, in wrapped_app
    raise exc
  File "C:\Users\ismai\Documents\GitHub\New-Data-Fraud-detection\backend\.venv\Lib\site-packages\starlette\_exception_h
andler.py", line 42, in wrapped_app
    await app(scope, receive, sender)
  File 
"C:\Users\ismai\Documents\GitHub\New-Data-Fraud-detection\backend\.venv\Lib\site-packages\starlette\routing.py", line 
73, in app
    response = await f(request)
               ^^^^^^^^^^^^^^^^
  File "C:\Users\ismai\Documents\GitHub\New-Data-Fraud-detection\backend\.venv\Lib\site-packages\fastapi\routing.py", 
line 301, in app
    raw_response = await run_endpoint_function(
                   ^^^^^^^^^^^^^^^^^^^^^^^^^^^^
  File "C:\Users\ismai\Documents\GitHub\New-Data-Fraud-detection\backend\.venv\Lib\site-packages\fastapi\routing.py", 
line 214, in run_endpoint_function
    return await run_in_threadpool(dependant.call, **values)
           ^^^^^^^^^^^^^^^^^^^^^^^^^^^^^^^^^^^^^^^^^^^^^^^^^
  File 
"C:\Users\ismai\Documents\GitHub\New-Data-Fraud-detection\backend\.venv\Lib\site-packages\starlette\concurrency.py", 
line 39, in run_in_threadpool
    return await anyio.to_thread.run_sync(func, *args)
           ^^^^^^^^^^^^^^^^^^^^^^^^^^^^^^^^^^^^^^^^^^^
  File "C:\Users\ismai\Documents\GitHub\New-Data-Fraud-detection\backend\.venv\Lib\site-packages\anyio\to_thread.py", 
line 65, in run_sync
    return await get_async_backend().run_sync_in_worker_thread(
           ^^^^^^^^^^^^^^^^^^^^^^^^^^^^^^^^^^^^^^^^^^^^^^^^^^^^
  File "C:\Users\ismai\Documents\GitHub\New-Data-Fraud-detection\backend\.venv\Lib\site-packages\anyio\_backends\_async
io.py", line 2706, in run_sync_in_worker_thread
    return await future
           ^^^^^^^^^^^^
  File "C:\Users\ismai\Documents\GitHub\New-Data-Fraud-detection\backend\.venv\Lib\site-packages\anyio\_backends\_async
io.py", line 1100, in run
    result = context.run(func, *args)
             ^^^^^^^^^^^^^^^^^^^^^^^^
  File "C:\Users\ismai\Documents\GitHub\New-Data-Fraud-detection\backend\app\routers\dashboard.py", line 104, in 
get_daily_trend
    rows = session.execute(sql, params).mappings().all()
           ^^^^^^^^^^^^^^^^^^^^^^^^^^^^
  File 
"C:\Users\ismai\Documents\GitHub\New-Data-Fraud-detection\backend\.venv\Lib\site-packages\sqlalchemy\orm\session.py", 
line 2362, in execute
    return self._execute_internal(
           ^^^^^^^^^^^^^^^^^^^^^^^
  File 
"C:\Users\ismai\Documents\GitHub\New-Data-Fraud-detection\backend\.venv\Lib\site-packages\sqlalchemy\orm\session.py", 
line 2237, in _execute_internal
    conn = self._connection_for_bind(bind)
           ^^^^^^^^^^^^^^^^^^^^^^^^^^^^^^^
  File 
"C:\Users\ismai\Documents\GitHub\New-Data-Fraud-detection\backend\.venv\Lib\site-packages\sqlalchemy\orm\session.py", 
line 2106, in _connection_for_bind
    return trans._connection_for_bind(engine, execution_options)
           ^^^^^^^^^^^^^^^^^^^^^^^^^^^^^^^^^^^^^^^^^^^^^^^^^^^^^
  File "<string>", line 2, in _connection_for_bind
  File "C:\Users\ismai\Documents\GitHub\New-Data-Fraud-detection\backend\.venv\Lib\site-packages\sqlalchemy\orm\state_c
hanges.py", line 139, in _go
    ret_value = fn(self, *arg, **kw)
                ^^^^^^^^^^^^^^^^^^^^
  File 
"C:\Users\ismai\Documents\GitHub\New-Data-Fraud-detection\backend\.venv\Lib\site-packages\sqlalchemy\orm\session.py", 
line 1189, in _connection_for_bind
    conn = bind.connect()
           ^^^^^^^^^^^^^^
  File 
"C:\Users\ismai\Documents\GitHub\New-Data-Fraud-detection\backend\.venv\Lib\site-packages\sqlalchemy\engine\base.py", 
line 3278, in connect
    return self._connection_cls(self)
           ^^^^^^^^^^^^^^^^^^^^^^^^^^
  File 
"C:\Users\ismai\Documents\GitHub\New-Data-Fraud-detection\backend\.venv\Lib\site-packages\sqlalchemy\engine\base.py", 
line 148, in __init__
    Connection._handle_dbapi_exception_noconnection(
  File 
"C:\Users\ismai\Documents\GitHub\New-Data-Fraud-detection\backend\.venv\Lib\site-packages\sqlalchemy\engine\base.py", 
line 2442, in _handle_dbapi_exception_noconnection
    raise sqlalchemy_exception.with_traceback(exc_info[2]) from e
  File 
"C:\Users\ismai\Documents\GitHub\New-Data-Fraud-detection\backend\.venv\Lib\site-packages\sqlalchemy\engine\base.py", 
line 146, in __init__
    self._dbapi_connection = engine.raw_connection()
                             ^^^^^^^^^^^^^^^^^^^^^^^
  File 
"C:\Users\ismai\Documents\GitHub\New-Data-Fraud-detection\backend\.venv\Lib\site-packages\sqlalchemy\engine\base.py", 
line 3302, in raw_connection
    return self.pool.connect()
           ^^^^^^^^^^^^^^^^^^^
  File 
"C:\Users\ismai\Documents\GitHub\New-Data-Fraud-detection\backend\.venv\Lib\site-packages\sqlalchemy\pool\base.py", 
line 449, in connect
    return _ConnectionFairy._checkout(self)
           ^^^^^^^^^^^^^^^^^^^^^^^^^^^^^^^^
  File 
"C:\Users\ismai\Documents\GitHub\New-Data-Fraud-detection\backend\.venv\Lib\site-packages\sqlalchemy\pool\base.py", 
line 1263, in _checkout
    fairy = _ConnectionRecord.checkout(pool)
            ^^^^^^^^^^^^^^^^^^^^^^^^^^^^^^^^
  File 
"C:\Users\ismai\Documents\GitHub\New-Data-Fraud-detection\backend\.venv\Lib\site-packages\sqlalchemy\pool\base.py", 
line 712, in checkout
    rec = pool._do_get()
          ^^^^^^^^^^^^^^
  File 
"C:\Users\ismai\Documents\GitHub\New-Data-Fraud-detection\backend\.venv\Lib\site-packages\sqlalchemy\pool\impl.py", 
line 179, in _do_get
    with util.safe_reraise():
  File "C:\Users\ismai\Documents\GitHub\New-Data-Fraud-detection\backend\.venv\Lib\site-packages\sqlalchemy\util\langhe
lpers.py", line 146, in __exit__
    raise exc_value.with_traceback(exc_tb)
  File 
"C:\Users\ismai\Documents\GitHub\New-Data-Fraud-detection\backend\.venv\Lib\site-packages\sqlalchemy\pool\impl.py", 
line 177, in _do_get
    return self._create_connection()
           ^^^^^^^^^^^^^^^^^^^^^^^^^
  File 
"C:\Users\ismai\Documents\GitHub\New-Data-Fraud-detection\backend\.venv\Lib\site-packages\sqlalchemy\pool\base.py", 
line 390, in _create_connection
    return _ConnectionRecord(self)
           ^^^^^^^^^^^^^^^^^^^^^^^
  File 
"C:\Users\ismai\Documents\GitHub\New-Data-Fraud-detection\backend\.venv\Lib\site-packages\sqlalchemy\pool\base.py", 
line 674, in __init__
    self.__connect()
  File 
"C:\Users\ismai\Documents\GitHub\New-Data-Fraud-detection\backend\.venv\Lib\site-packages\sqlalchemy\pool\base.py", 
line 900, in __connect
    with util.safe_reraise():
  File "C:\Users\ismai\Documents\GitHub\New-Data-Fraud-detection\backend\.venv\Lib\site-packages\sqlalchemy\util\langhe
lpers.py", line 146, in __exit__
    raise exc_value.with_traceback(exc_tb)
  File 
"C:\Users\ismai\Documents\GitHub\New-Data-Fraud-detection\backend\.venv\Lib\site-packages\sqlalchemy\pool\base.py", 
line 896, in __connect
    self.dbapi_connection = connection = pool._invoke_creator(self)
                                         ^^^^^^^^^^^^^^^^^^^^^^^^^^
  File "C:\Users\ismai\Documents\GitHub\New-Data-Fraud-detection\backend\.venv\Lib\site-packages\sqlalchemy\engine\crea
te.py", line 643, in connect
    return dialect.connect(*cargs, **cparams)
           ^^^^^^^^^^^^^^^^^^^^^^^^^^^^^^^^^^
  File "C:\Users\ismai\Documents\GitHub\New-Data-Fraud-detection\backend\.venv\Lib\site-packages\sqlalchemy\engine\defa
ult.py", line 621, in connect
    return self.loaded_dbapi.connect(*cargs, **cparams)
           ^^^^^^^^^^^^^^^^^^^^^^^^^^^^^^^^^^^^^^^^^^^^
  File 
"C:\Users\ismai\Documents\GitHub\New-Data-Fraud-detection\backend\.venv\Lib\site-packages\psycopg2\__init__.py", line 
122, in connect
    conn = _connect(dsn, connection_factory=connection_factory, **kwasync)
           ^^^^^^^^^^^^^^^^^^^^^^^^^^^^^^^^^^^^^^^^^^^^^^^^^^^^^^^^^^^^^^^
sqlalchemy.exc.OperationalError: (psycopg2.OperationalError) connection to server at "localhost" (::1), port 5432 
failed: Connection refused (0x0000274D/10061)
	Is the server running on that host and accepting TCP/IP connections?
connection to server at "localhost" (127.0.0.1), port 5432 failed: Connection refused (0x0000274D/10061)
	Is the server running on that host and accepting TCP/IP connections?

(Background on this error at: https://sqlalche.me/e/20/e3q8)
ERROR:    Exception in ASGI application
Traceback (most recent call last):
  File 
"C:\Users\ismai\Documents\GitHub\New-Data-Fraud-detection\backend\.venv\Lib\site-packages\sqlalchemy\engine\base.py", 
line 146, in __init__
    self._dbapi_connection = engine.raw_connection()
                             ^^^^^^^^^^^^^^^^^^^^^^^
  File 
"C:\Users\ismai\Documents\GitHub\New-Data-Fraud-detection\backend\.venv\Lib\site-packages\sqlalchemy\engine\base.py", 
line 3302, in raw_connection
    return self.pool.connect()
           ^^^^^^^^^^^^^^^^^^^
  File 
"C:\Users\ismai\Documents\GitHub\New-Data-Fraud-detection\backend\.venv\Lib\site-packages\sqlalchemy\pool\base.py", 
line 449, in connect
    return _ConnectionFairy._checkout(self)
           ^^^^^^^^^^^^^^^^^^^^^^^^^^^^^^^^
  File 
"C:\Users\ismai\Documents\GitHub\New-Data-Fraud-detection\backend\.venv\Lib\site-packages\sqlalchemy\pool\base.py", 
line 1263, in _checkout
    fairy = _ConnectionRecord.checkout(pool)
            ^^^^^^^^^^^^^^^^^^^^^^^^^^^^^^^^
  File 
"C:\Users\ismai\Documents\GitHub\New-Data-Fraud-detection\backend\.venv\Lib\site-packages\sqlalchemy\pool\base.py", 
line 712, in checkout
    rec = pool._do_get()
          ^^^^^^^^^^^^^^
  File 
"C:\Users\ismai\Documents\GitHub\New-Data-Fraud-detection\backend\.venv\Lib\site-packages\sqlalchemy\pool\impl.py", 
line 179, in _do_get
    with util.safe_reraise():
INFO:     127.0.0.1:54857 - "GET /api/kpis HTTP/1.1" 500 Internal Server Error
  File "C:\Users\ismai\Documents\GitHub\New-Data-Fraud-detection\backend\.venv\Lib\site-packages\sqlalchemy\util\langhe
lpers.py", line 146, in __exit__
    raise exc_value.with_traceback(exc_tb)
  File 
"C:\Users\ismai\Documents\GitHub\New-Data-Fraud-detection\backend\.venv\Lib\site-packages\sqlalchemy\pool\impl.py", 
line 177, in _do_get
    return self._create_connection()
           ^^^^^^^^^^^^^^^^^^^^^^^^^
  File 
"C:\Users\ismai\Documents\GitHub\New-Data-Fraud-detection\backend\.venv\Lib\site-packages\sqlalchemy\pool\base.py", 
line 390, in _create_connection
    return _ConnectionRecord(self)
           ^^^^^^^^^^^^^^^^^^^^^^^
  File 
"C:\Users\ismai\Documents\GitHub\New-Data-Fraud-detection\backend\.venv\Lib\site-packages\sqlalchemy\pool\base.py", 
line 674, in __init__
    self.__connect()
  File 
"C:\Users\ismai\Documents\GitHub\New-Data-Fraud-detection\backend\.venv\Lib\site-packages\sqlalchemy\pool\base.py", 
line 900, in __connect
    with util.safe_reraise():
  File "C:\Users\ismai\Documents\GitHub\New-Data-Fraud-detection\backend\.venv\Lib\site-packages\sqlalchemy\util\langhe
lpers.py", line 146, in __exit__
    raise exc_value.with_traceback(exc_tb)
  File 
"C:\Users\ismai\Documents\GitHub\New-Data-Fraud-detection\backend\.venv\Lib\site-packages\sqlalchemy\pool\base.py", 
line 896, in __connect
    self.dbapi_connection = connection = pool._invoke_creator(self)
                                         ^^^^^^^^^^^^^^^^^^^^^^^^^^
  File "C:\Users\ismai\Documents\GitHub\New-Data-Fraud-detection\backend\.venv\Lib\site-packages\sqlalchemy\engine\crea
te.py", line 643, in connect
    return dialect.connect(*cargs, **cparams)
           ^^^^^^^^^^^^^^^^^^^^^^^^^^^^^^^^^^
  File "C:\Users\ismai\Documents\GitHub\New-Data-Fraud-detection\backend\.venv\Lib\site-packages\sqlalchemy\engine\defa
ult.py", line 621, in connect
    return self.loaded_dbapi.connect(*cargs, **cparams)
           ^^^^^^^^^^^^^^^^^^^^^^^^^^^^^^^^^^^^^^^^^^^^
  File 
"C:\Users\ismai\Documents\GitHub\New-Data-Fraud-detection\backend\.venv\Lib\site-packages\psycopg2\__init__.py", line 
122, in connect
    conn = _connect(dsn, connection_factory=connection_factory, **kwasync)
           ^^^^^^^^^^^^^^^^^^^^^^^^^^^^^^^^^^^^^^^^^^^^^^^^^^^^^^^^^^^^^^^
psycopg2.OperationalError: connection to server at "localhost" (::1), port 5432 failed: Connection refused 
(0x0000274D/10061)
	Is the server running on that host and accepting TCP/IP connections?
connection to server at "localhost" (127.0.0.1), port 5432 failed: Connection refused (0x0000274D/10061)
	Is the server running on that host and accepting TCP/IP connections?


The above exception was the direct cause of the following exception:

Traceback (most recent call last):
  File "C:\Users\ismai\Documents\GitHub\New-Data-Fraud-detection\backend\.venv\Lib\site-packages\uvicorn\protocols\http
\httptools_impl.py", line 409, in run_asgi
    result = await app(  # type: ignore[func-returns-value]
             ^^^^^^^^^^^^^^^^^^^^^^^^^^^^^^^^^^^^^^^^^^^^^^
  File "C:\Users\ismai\Documents\GitHub\New-Data-Fraud-detection\backend\.venv\Lib\site-packages\uvicorn\middleware\pro
xy_headers.py", line 60, in __call__
    return await self.app(scope, receive, send)
           ^^^^^^^^^^^^^^^^^^^^^^^^^^^^^^^^^^^^
  File 
"C:\Users\ismai\Documents\GitHub\New-Data-Fraud-detection\backend\.venv\Lib\site-packages\fastapi\applications.py", 
line 1054, in __call__
    await super().__call__(scope, receive, send)
  File 
"C:\Users\ismai\Documents\GitHub\New-Data-Fraud-detection\backend\.venv\Lib\site-packages\starlette\applications.py", 
line 113, in __call__
    await self.middleware_stack(scope, receive, send)
  File "C:\Users\ismai\Documents\GitHub\New-Data-Fraud-detection\backend\.venv\Lib\site-packages\starlette\middleware\e
rrors.py", line 187, in __call__
    raise exc
  File "C:\Users\ismai\Documents\GitHub\New-Data-Fraud-detection\backend\.venv\Lib\site-packages\starlette\middleware\e
rrors.py", line 165, in __call__
    await self.app(scope, receive, _send)
  File "C:\Users\ismai\Documents\GitHub\New-Data-Fraud-detection\backend\.venv\Lib\site-packages\starlette\middleware\c
ors.py", line 85, in __call__
    await self.app(scope, receive, send)
  File "C:\Users\ismai\Documents\GitHub\New-Data-Fraud-detection\backend\.venv\Lib\site-packages\starlette\middleware\e
xceptions.py", line 62, in __call__
    await wrap_app_handling_exceptions(self.app, conn)(scope, receive, send)
  File "C:\Users\ismai\Documents\GitHub\New-Data-Fraud-detection\backend\.venv\Lib\site-packages\starlette\_exception_h
andler.py", line 53, in wrapped_app
    raise exc
  File "C:\Users\ismai\Documents\GitHub\New-Data-Fraud-detection\backend\.venv\Lib\site-packages\starlette\_exception_h
andler.py", line 42, in wrapped_app
    await app(scope, receive, sender)
  File 
"C:\Users\ismai\Documents\GitHub\New-Data-Fraud-detection\backend\.venv\Lib\site-packages\starlette\routing.py", line 
715, in __call__
    await self.middleware_stack(scope, receive, send)
  File 
"C:\Users\ismai\Documents\GitHub\New-Data-Fraud-detection\backend\.venv\Lib\site-packages\starlette\routing.py", line 
735, in app
    await route.handle(scope, receive, send)
  File 
"C:\Users\ismai\Documents\GitHub\New-Data-Fraud-detection\backend\.venv\Lib\site-packages\starlette\routing.py", line 
288, in handle
    await self.app(scope, receive, send)
  File 
"C:\Users\ismai\Documents\GitHub\New-Data-Fraud-detection\backend\.venv\Lib\site-packages\starlette\routing.py", line 
76, in app
    await wrap_app_handling_exceptions(app, request)(scope, receive, send)
  File "C:\Users\ismai\Documents\GitHub\New-Data-Fraud-detection\backend\.venv\Lib\site-packages\starlette\_exception_h
andler.py", line 53, in wrapped_app
    raise exc
  File "C:\Users\ismai\Documents\GitHub\New-Data-Fraud-detection\backend\.venv\Lib\site-packages\starlette\_exception_h
andler.py", line 42, in wrapped_app
    await app(scope, receive, sender)
  File 
"C:\Users\ismai\Documents\GitHub\New-Data-Fraud-detection\backend\.venv\Lib\site-packages\starlette\routing.py", line 
73, in app
    response = await f(request)
               ^^^^^^^^^^^^^^^^
  File "C:\Users\ismai\Documents\GitHub\New-Data-Fraud-detection\backend\.venv\Lib\site-packages\fastapi\routing.py", 
line 301, in app
    raw_response = await run_endpoint_function(
                   ^^^^^^^^^^^^^^^^^^^^^^^^^^^^
  File "C:\Users\ismai\Documents\GitHub\New-Data-Fraud-detection\backend\.venv\Lib\site-packages\fastapi\routing.py", 
line 214, in run_endpoint_function
    return await run_in_threadpool(dependant.call, **values)
           ^^^^^^^^^^^^^^^^^^^^^^^^^^^^^^^^^^^^^^^^^^^^^^^^^
  File 
"C:\Users\ismai\Documents\GitHub\New-Data-Fraud-detection\backend\.venv\Lib\site-packages\starlette\concurrency.py", 
line 39, in run_in_threadpool
    return await anyio.to_thread.run_sync(func, *args)
           ^^^^^^^^^^^^^^^^^^^^^^^^^^^^^^^^^^^^^^^^^^^
  File "C:\Users\ismai\Documents\GitHub\New-Data-Fraud-detection\backend\.venv\Lib\site-packages\anyio\to_thread.py", 
line 65, in run_sync
    return await get_async_backend().run_sync_in_worker_thread(
           ^^^^^^^^^^^^^^^^^^^^^^^^^^^^^^^^^^^^^^^^^^^^^^^^^^^^
  File "C:\Users\ismai\Documents\GitHub\New-Data-Fraud-detection\backend\.venv\Lib\site-packages\anyio\_backends\_async
io.py", line 2706, in run_sync_in_worker_thread
    return await future
           ^^^^^^^^^^^^
  File "C:\Users\ismai\Documents\GitHub\New-Data-Fraud-detection\backend\.venv\Lib\site-packages\anyio\_backends\_async
io.py", line 1100, in run
    result = context.run(func, *args)
             ^^^^^^^^^^^^^^^^^^^^^^^^
  File "C:\Users\ismai\Documents\GitHub\New-Data-Fraud-detection\backend\app\routers\dashboard.py", line 59, in 
get_kpis
    row = session.execute(sql, params).mappings().one()
          ^^^^^^^^^^^^^^^^^^^^^^^^^^^^
  File 
"C:\Users\ismai\Documents\GitHub\New-Data-Fraud-detection\backend\.venv\Lib\site-packages\sqlalchemy\orm\session.py", 
line 2362, in execute
    return self._execute_internal(
           ^^^^^^^^^^^^^^^^^^^^^^^
  File 
"C:\Users\ismai\Documents\GitHub\New-Data-Fraud-detection\backend\.venv\Lib\site-packages\sqlalchemy\orm\session.py", 
line 2237, in _execute_internal
    conn = self._connection_for_bind(bind)
           ^^^^^^^^^^^^^^^^^^^^^^^^^^^^^^^
  File 
"C:\Users\ismai\Documents\GitHub\New-Data-Fraud-detection\backend\.venv\Lib\site-packages\sqlalchemy\orm\session.py", 
line 2106, in _connection_for_bind
    return trans._connection_for_bind(engine, execution_options)
           ^^^^^^^^^^^^^^^^^^^^^^^^^^^^^^^^^^^^^^^^^^^^^^^^^^^^^
  File "<string>", line 2, in _connection_for_bind
  File "C:\Users\ismai\Documents\GitHub\New-Data-Fraud-detection\backend\.venv\Lib\site-packages\sqlalchemy\orm\state_c
hanges.py", line 139, in _go
    ret_value = fn(self, *arg, **kw)
                ^^^^^^^^^^^^^^^^^^^^
  File 
"C:\Users\ismai\Documents\GitHub\New-Data-Fraud-detection\backend\.venv\Lib\site-packages\sqlalchemy\orm\session.py", 
line 1189, in _connection_for_bind
    conn = bind.connect()
           ^^^^^^^^^^^^^^
  File 
"C:\Users\ismai\Documents\GitHub\New-Data-Fraud-detection\backend\.venv\Lib\site-packages\sqlalchemy\engine\base.py", 
line 3278, in connect
    return self._connection_cls(self)
           ^^^^^^^^^^^^^^^^^^^^^^^^^^
  File 
"C:\Users\ismai\Documents\GitHub\New-Data-Fraud-detection\backend\.venv\Lib\site-packages\sqlalchemy\engine\base.py", 
line 148, in __init__
    Connection._handle_dbapi_exception_noconnection(
  File 
"C:\Users\ismai\Documents\GitHub\New-Data-Fraud-detection\backend\.venv\Lib\site-packages\sqlalchemy\engine\base.py", 
line 2442, in _handle_dbapi_exception_noconnection
    raise sqlalchemy_exception.with_traceback(exc_info[2]) from e
  File 
"C:\Users\ismai\Documents\GitHub\New-Data-Fraud-detection\backend\.venv\Lib\site-packages\sqlalchemy\engine\base.py", 
line 146, in __init__
    self._dbapi_connection = engine.raw_connection()
                             ^^^^^^^^^^^^^^^^^^^^^^^
  File 
"C:\Users\ismai\Documents\GitHub\New-Data-Fraud-detection\backend\.venv\Lib\site-packages\sqlalchemy\engine\base.py", 
line 3302, in raw_connection
    return self.pool.connect()
           ^^^^^^^^^^^^^^^^^^^
  File 
"C:\Users\ismai\Documents\GitHub\New-Data-Fraud-detection\backend\.venv\Lib\site-packages\sqlalchemy\pool\base.py", 
line 449, in connect
    return _ConnectionFairy._checkout(self)
           ^^^^^^^^^^^^^^^^^^^^^^^^^^^^^^^^
  File 
"C:\Users\ismai\Documents\GitHub\New-Data-Fraud-detection\backend\.venv\Lib\site-packages\sqlalchemy\pool\base.py", 
line 1263, in _checkout
    fairy = _ConnectionRecord.checkout(pool)
            ^^^^^^^^^^^^^^^^^^^^^^^^^^^^^^^^
  File 
"C:\Users\ismai\Documents\GitHub\New-Data-Fraud-detection\backend\.venv\Lib\site-packages\sqlalchemy\pool\base.py", 
line 712, in checkout
    rec = pool._do_get()
          ^^^^^^^^^^^^^^
  File 
"C:\Users\ismai\Documents\GitHub\New-Data-Fraud-detection\backend\.venv\Lib\site-packages\sqlalchemy\pool\impl.py", 
line 179, in _do_get
    with util.safe_reraise():
  File "C:\Users\ismai\Documents\GitHub\New-Data-Fraud-detection\backend\.venv\Lib\site-packages\sqlalchemy\util\langhe
lpers.py", line 146, in __exit__
    raise exc_value.with_traceback(exc_tb)
  File 
"C:\Users\ismai\Documents\GitHub\New-Data-Fraud-detection\backend\.venv\Lib\site-packages\sqlalchemy\pool\impl.py", 
line 177, in _do_get
    return self._create_connection()
           ^^^^^^^^^^^^^^^^^^^^^^^^^
  File 
"C:\Users\ismai\Documents\GitHub\New-Data-Fraud-detection\backend\.venv\Lib\site-packages\sqlalchemy\pool\base.py", 
line 390, in _create_connection
    return _ConnectionRecord(self)
           ^^^^^^^^^^^^^^^^^^^^^^^
  File 
"C:\Users\ismai\Documents\GitHub\New-Data-Fraud-detection\backend\.venv\Lib\site-packages\sqlalchemy\pool\base.py", 
line 674, in __init__
    self.__connect()
  File 
"C:\Users\ismai\Documents\GitHub\New-Data-Fraud-detection\backend\.venv\Lib\site-packages\sqlalchemy\pool\base.py", 
line 900, in __connect
    with util.safe_reraise():
  File "C:\Users\ismai\Documents\GitHub\New-Data-Fraud-detection\backend\.venv\Lib\site-packages\sqlalchemy\util\langhe
lpers.py", line 146, in __exit__
    raise exc_value.with_traceback(exc_tb)
  File 
"C:\Users\ismai\Documents\GitHub\New-Data-Fraud-detection\backend\.venv\Lib\site-packages\sqlalchemy\pool\base.py", 
line 896, in __connect
    self.dbapi_connection = connection = pool._invoke_creator(self)
                                         ^^^^^^^^^^^^^^^^^^^^^^^^^^
  File "C:\Users\ismai\Documents\GitHub\New-Data-Fraud-detection\backend\.venv\Lib\site-packages\sqlalchemy\engine\crea
te.py", line 643, in connect
    return dialect.connect(*cargs, **cparams)
           ^^^^^^^^^^^^^^^^^^^^^^^^^^^^^^^^^^
  File "C:\Users\ismai\Documents\GitHub\New-Data-Fraud-detection\backend\.venv\Lib\site-packages\sqlalchemy\engine\defa
ult.py", line 621, in connect
    return self.loaded_dbapi.connect(*cargs, **cparams)
           ^^^^^^^^^^^^^^^^^^^^^^^^^^^^^^^^^^^^^^^^^^^^
  File 
"C:\Users\ismai\Documents\GitHub\New-Data-Fraud-detection\backend\.venv\Lib\site-packages\psycopg2\__init__.py", line 
122, in connect
    conn = _connect(dsn, connection_factory=connection_factory, **kwasync)
           ^^^^^^^^^^^^^^^^^^^^^^^^^^^^^^^^^^^^^^^^^^^^^^^^^^^^^^^^^^^^^^^
sqlalchemy.exc.OperationalError: (psycopg2.OperationalError) connection to server at "localhost" (::1), port 5432 
failed: Connection refused (0x0000274D/10061)
	Is the server running on that host and accepting TCP/IP connections?
connection to server at "localhost" (127.0.0.1), port 5432 failed: Connection refused (0x0000274D/10061)
	Is the server running on that host and accepting TCP/IP connections?

(Background on this error at: https://sqlalche.me/e/20/e3q8)
ERROR:    Exception in ASGI application
Traceback (most recent call last):
  File 
"C:\Users\ismai\Documents\GitHub\New-Data-Fraud-detection\backend\.venv\Lib\site-packages\sqlalchemy\engine\base.py", 
line 146, in __init__
    self._dbapi_connection = engine.raw_connection()
                             ^^^^^^^^^^^^^^^^^^^^^^^
  File 
"C:\Users\ismai\Documents\GitHub\New-Data-Fraud-detection\backend\.venv\Lib\site-packages\sqlalchemy\engine\base.py", 
line 3302, in raw_connection
    return self.pool.connect()
           ^^^^^^^^^^^^^^^^^^^
  File 
"C:\Users\ismai\Documents\GitHub\New-Data-Fraud-detection\backend\.venv\Lib\site-packages\sqlalchemy\pool\base.py", 
line 449, in connect
    return _ConnectionFairy._checkout(self)
           ^^^^^^^^^^^^^^^^^^^^^^^^^^^^^^^^
INFO:     127.0.0.1:54859 - "GET /api/analytics/windows HTTP/1.1" 500 Internal Server Error
  File 
"C:\Users\ismai\Documents\GitHub\New-Data-Fraud-detection\backend\.venv\Lib\site-packages\sqlalchemy\pool\base.py", 
line 1263, in _checkout
    fairy = _ConnectionRecord.checkout(pool)
            ^^^^^^^^^^^^^^^^^^^^^^^^^^^^^^^^
  File 
"C:\Users\ismai\Documents\GitHub\New-Data-Fraud-detection\backend\.venv\Lib\site-packages\sqlalchemy\pool\base.py", 
line 712, in checkout
    rec = pool._do_get()
          ^^^^^^^^^^^^^^
  File 
"C:\Users\ismai\Documents\GitHub\New-Data-Fraud-detection\backend\.venv\Lib\site-packages\sqlalchemy\pool\impl.py", 
line 179, in _do_get
    with util.safe_reraise():
  File "C:\Users\ismai\Documents\GitHub\New-Data-Fraud-detection\backend\.venv\Lib\site-packages\sqlalchemy\util\langhe
lpers.py", line 146, in __exit__
    raise exc_value.with_traceback(exc_tb)
  File 
"C:\Users\ismai\Documents\GitHub\New-Data-Fraud-detection\backend\.venv\Lib\site-packages\sqlalchemy\pool\impl.py", 
line 177, in _do_get
    return self._create_connection()
           ^^^^^^^^^^^^^^^^^^^^^^^^^
  File 
"C:\Users\ismai\Documents\GitHub\New-Data-Fraud-detection\backend\.venv\Lib\site-packages\sqlalchemy\pool\base.py", 
line 390, in _create_connection
    return _ConnectionRecord(self)
           ^^^^^^^^^^^^^^^^^^^^^^^
  File 
"C:\Users\ismai\Documents\GitHub\New-Data-Fraud-detection\backend\.venv\Lib\site-packages\sqlalchemy\pool\base.py", 
line 674, in __init__
    self.__connect()
  File 
"C:\Users\ismai\Documents\GitHub\New-Data-Fraud-detection\backend\.venv\Lib\site-packages\sqlalchemy\pool\base.py", 
line 900, in __connect
    with util.safe_reraise():
  File "C:\Users\ismai\Documents\GitHub\New-Data-Fraud-detection\backend\.venv\Lib\site-packages\sqlalchemy\util\langhe
lpers.py", line 146, in __exit__
    raise exc_value.with_traceback(exc_tb)
  File 
"C:\Users\ismai\Documents\GitHub\New-Data-Fraud-detection\backend\.venv\Lib\site-packages\sqlalchemy\pool\base.py", 
line 896, in __connect
    self.dbapi_connection = connection = pool._invoke_creator(self)
                                         ^^^^^^^^^^^^^^^^^^^^^^^^^^
  File "C:\Users\ismai\Documents\GitHub\New-Data-Fraud-detection\backend\.venv\Lib\site-packages\sqlalchemy\engine\crea
te.py", line 643, in connect
    return dialect.connect(*cargs, **cparams)
           ^^^^^^^^^^^^^^^^^^^^^^^^^^^^^^^^^^
  File "C:\Users\ismai\Documents\GitHub\New-Data-Fraud-detection\backend\.venv\Lib\site-packages\sqlalchemy\engine\defa
ult.py", line 621, in connect
    return self.loaded_dbapi.connect(*cargs, **cparams)
           ^^^^^^^^^^^^^^^^^^^^^^^^^^^^^^^^^^^^^^^^^^^^
  File 
"C:\Users\ismai\Documents\GitHub\New-Data-Fraud-detection\backend\.venv\Lib\site-packages\psycopg2\__init__.py", line 
122, in connect
    conn = _connect(dsn, connection_factory=connection_factory, **kwasync)
           ^^^^^^^^^^^^^^^^^^^^^^^^^^^^^^^^^^^^^^^^^^^^^^^^^^^^^^^^^^^^^^^
psycopg2.OperationalError: connection to server at "localhost" (::1), port 5432 failed: Connection refused 
(0x0000274D/10061)
	Is the server running on that host and accepting TCP/IP connections?
connection to server at "localhost" (127.0.0.1), port 5432 failed: Connection refused (0x0000274D/10061)
	Is the server running on that host and accepting TCP/IP connections?


The above exception was the direct cause of the following exception:

Traceback (most recent call last):
  File "C:\Users\ismai\Documents\GitHub\New-Data-Fraud-detection\backend\.venv\Lib\site-packages\uvicorn\protocols\http
\httptools_impl.py", line 409, in run_asgi
    result = await app(  # type: ignore[func-returns-value]
             ^^^^^^^^^^^^^^^^^^^^^^^^^^^^^^^^^^^^^^^^^^^^^^
  File "C:\Users\ismai\Documents\GitHub\New-Data-Fraud-detection\backend\.venv\Lib\site-packages\uvicorn\middleware\pro
xy_headers.py", line 60, in __call__
    return await self.app(scope, receive, send)
           ^^^^^^^^^^^^^^^^^^^^^^^^^^^^^^^^^^^^
  File 
"C:\Users\ismai\Documents\GitHub\New-Data-Fraud-detection\backend\.venv\Lib\site-packages\fastapi\applications.py", 
line 1054, in __call__
    await super().__call__(scope, receive, send)
  File 
"C:\Users\ismai\Documents\GitHub\New-Data-Fraud-detection\backend\.venv\Lib\site-packages\starlette\applications.py", 
line 113, in __call__
    await self.middleware_stack(scope, receive, send)
  File "C:\Users\ismai\Documents\GitHub\New-Data-Fraud-detection\backend\.venv\Lib\site-packages\starlette\middleware\e
rrors.py", line 187, in __call__
    raise exc
  File "C:\Users\ismai\Documents\GitHub\New-Data-Fraud-detection\backend\.venv\Lib\site-packages\starlette\middleware\e
rrors.py", line 165, in __call__
    await self.app(scope, receive, _send)
  File "C:\Users\ismai\Documents\GitHub\New-Data-Fraud-detection\backend\.venv\Lib\site-packages\starlette\middleware\c
ors.py", line 85, in __call__
    await self.app(scope, receive, send)
  File "C:\Users\ismai\Documents\GitHub\New-Data-Fraud-detection\backend\.venv\Lib\site-packages\starlette\middleware\e
xceptions.py", line 62, in __call__
    await wrap_app_handling_exceptions(self.app, conn)(scope, receive, send)
  File "C:\Users\ismai\Documents\GitHub\New-Data-Fraud-detection\backend\.venv\Lib\site-packages\starlette\_exception_h
andler.py", line 53, in wrapped_app
    raise exc
  File "C:\Users\ismai\Documents\GitHub\New-Data-Fraud-detection\backend\.venv\Lib\site-packages\starlette\_exception_h
andler.py", line 42, in wrapped_app
    await app(scope, receive, sender)
  File 
"C:\Users\ismai\Documents\GitHub\New-Data-Fraud-detection\backend\.venv\Lib\site-packages\starlette\routing.py", line 
715, in __call__
    await self.middleware_stack(scope, receive, send)
  File 
"C:\Users\ismai\Documents\GitHub\New-Data-Fraud-detection\backend\.venv\Lib\site-packages\starlette\routing.py", line 
735, in app
    await route.handle(scope, receive, send)
  File 
"C:\Users\ismai\Documents\GitHub\New-Data-Fraud-detection\backend\.venv\Lib\site-packages\starlette\routing.py", line 
288, in handle
    await self.app(scope, receive, send)
  File 
"C:\Users\ismai\Documents\GitHub\New-Data-Fraud-detection\backend\.venv\Lib\site-packages\starlette\routing.py", line 
76, in app
    await wrap_app_handling_exceptions(app, request)(scope, receive, send)
  File "C:\Users\ismai\Documents\GitHub\New-Data-Fraud-detection\backend\.venv\Lib\site-packages\starlette\_exception_h
andler.py", line 53, in wrapped_app
    raise exc
  File "C:\Users\ismai\Documents\GitHub\New-Data-Fraud-detection\backend\.venv\Lib\site-packages\starlette\_exception_h
andler.py", line 42, in wrapped_app
    await app(scope, receive, sender)
  File 
"C:\Users\ismai\Documents\GitHub\New-Data-Fraud-detection\backend\.venv\Lib\site-packages\starlette\routing.py", line 
73, in app
    response = await f(request)
               ^^^^^^^^^^^^^^^^
  File "C:\Users\ismai\Documents\GitHub\New-Data-Fraud-detection\backend\.venv\Lib\site-packages\fastapi\routing.py", 
line 301, in app
    raw_response = await run_endpoint_function(
                   ^^^^^^^^^^^^^^^^^^^^^^^^^^^^
  File "C:\Users\ismai\Documents\GitHub\New-Data-Fraud-detection\backend\.venv\Lib\site-packages\fastapi\routing.py", 
line 214, in run_endpoint_function
    return await run_in_threadpool(dependant.call, **values)
           ^^^^^^^^^^^^^^^^^^^^^^^^^^^^^^^^^^^^^^^^^^^^^^^^^
  File 
"C:\Users\ismai\Documents\GitHub\New-Data-Fraud-detection\backend\.venv\Lib\site-packages\starlette\concurrency.py", 
line 39, in run_in_threadpool
    return await anyio.to_thread.run_sync(func, *args)
           ^^^^^^^^^^^^^^^^^^^^^^^^^^^^^^^^^^^^^^^^^^^
  File "C:\Users\ismai\Documents\GitHub\New-Data-Fraud-detection\backend\.venv\Lib\site-packages\anyio\to_thread.py", 
line 65, in run_sync
    return await get_async_backend().run_sync_in_worker_thread(
           ^^^^^^^^^^^^^^^^^^^^^^^^^^^^^^^^^^^^^^^^^^^^^^^^^^^^
  File "C:\Users\ismai\Documents\GitHub\New-Data-Fraud-detection\backend\.venv\Lib\site-packages\anyio\_backends\_async
io.py", line 2706, in run_sync_in_worker_thread
    return await future
           ^^^^^^^^^^^^
  File "C:\Users\ismai\Documents\GitHub\New-Data-Fraud-detection\backend\.venv\Lib\site-packages\anyio\_backends\_async
io.py", line 1100, in run
    result = context.run(func, *args)
             ^^^^^^^^^^^^^^^^^^^^^^^^
  File "C:\Users\ismai\Documents\GitHub\New-Data-Fraud-detection\backend\app\routers\dashboard.py", line 155, in 
get_analytics_windows
    latest = session.execute(text("SELECT MAX(session_date) FROM subscribers_daily")).scalar_one()
             ^^^^^^^^^^^^^^^^^^^^^^^^^^^^^^^^^^^^^^^^^^^^^^^^^^^^^^^^^^^^^^^^^^^^^^^^
  File 
"C:\Users\ismai\Documents\GitHub\New-Data-Fraud-detection\backend\.venv\Lib\site-packages\sqlalchemy\orm\session.py", 
line 2362, in execute
    return self._execute_internal(
           ^^^^^^^^^^^^^^^^^^^^^^^
  File 
"C:\Users\ismai\Documents\GitHub\New-Data-Fraud-detection\backend\.venv\Lib\site-packages\sqlalchemy\orm\session.py", 
line 2237, in _execute_internal
    conn = self._connection_for_bind(bind)
           ^^^^^^^^^^^^^^^^^^^^^^^^^^^^^^^
  File 
"C:\Users\ismai\Documents\GitHub\New-Data-Fraud-detection\backend\.venv\Lib\site-packages\sqlalchemy\orm\session.py", 
line 2106, in _connection_for_bind
    return trans._connection_for_bind(engine, execution_options)
           ^^^^^^^^^^^^^^^^^^^^^^^^^^^^^^^^^^^^^^^^^^^^^^^^^^^^^
  File "<string>", line 2, in _connection_for_bind
  File "C:\Users\ismai\Documents\GitHub\New-Data-Fraud-detection\backend\.venv\Lib\site-packages\sqlalchemy\orm\state_c
hanges.py", line 139, in _go
    ret_value = fn(self, *arg, **kw)
                ^^^^^^^^^^^^^^^^^^^^
  File 
"C:\Users\ismai\Documents\GitHub\New-Data-Fraud-detection\backend\.venv\Lib\site-packages\sqlalchemy\orm\session.py", 
line 1189, in _connection_for_bind
    conn = bind.connect()
           ^^^^^^^^^^^^^^
  File 
"C:\Users\ismai\Documents\GitHub\New-Data-Fraud-detection\backend\.venv\Lib\site-packages\sqlalchemy\engine\base.py", 
line 3278, in connect
    return self._connection_cls(self)
           ^^^^^^^^^^^^^^^^^^^^^^^^^^
  File 
"C:\Users\ismai\Documents\GitHub\New-Data-Fraud-detection\backend\.venv\Lib\site-packages\sqlalchemy\engine\base.py", 
line 148, in __init__
    Connection._handle_dbapi_exception_noconnection(
  File 
"C:\Users\ismai\Documents\GitHub\New-Data-Fraud-detection\backend\.venv\Lib\site-packages\sqlalchemy\engine\base.py", 
line 2442, in _handle_dbapi_exception_noconnection
    raise sqlalchemy_exception.with_traceback(exc_info[2]) from e
  File 
"C:\Users\ismai\Documents\GitHub\New-Data-Fraud-detection\backend\.venv\Lib\site-packages\sqlalchemy\engine\base.py", 
line 146, in __init__
    self._dbapi_connection = engine.raw_connection()
                             ^^^^^^^^^^^^^^^^^^^^^^^
  File 
"C:\Users\ismai\Documents\GitHub\New-Data-Fraud-detection\backend\.venv\Lib\site-packages\sqlalchemy\engine\base.py", 
line 3302, in raw_connection
    return self.pool.connect()
           ^^^^^^^^^^^^^^^^^^^
  File 
"C:\Users\ismai\Documents\GitHub\New-Data-Fraud-detection\backend\.venv\Lib\site-packages\sqlalchemy\pool\base.py", 
line 449, in connect
    return _ConnectionFairy._checkout(self)
           ^^^^^^^^^^^^^^^^^^^^^^^^^^^^^^^^
  File 
"C:\Users\ismai\Documents\GitHub\New-Data-Fraud-detection\backend\.venv\Lib\site-packages\sqlalchemy\pool\base.py", 
line 1263, in _checkout
    fairy = _ConnectionRecord.checkout(pool)
            ^^^^^^^^^^^^^^^^^^^^^^^^^^^^^^^^
  File 
"C:\Users\ismai\Documents\GitHub\New-Data-Fraud-detection\backend\.venv\Lib\site-packages\sqlalchemy\pool\base.py", 
line 712, in checkout
    rec = pool._do_get()
          ^^^^^^^^^^^^^^
  File 
"C:\Users\ismai\Documents\GitHub\New-Data-Fraud-detection\backend\.venv\Lib\site-packages\sqlalchemy\pool\impl.py", 
line 179, in _do_get
    with util.safe_reraise():
  File "C:\Users\ismai\Documents\GitHub\New-Data-Fraud-detection\backend\.venv\Lib\site-packages\sqlalchemy\util\langhe
lpers.py", line 146, in __exit__
    raise exc_value.with_traceback(exc_tb)
  File 
"C:\Users\ismai\Documents\GitHub\New-Data-Fraud-detection\backend\.venv\Lib\site-packages\sqlalchemy\pool\impl.py", 
line 177, in _do_get
    return self._create_connection()
           ^^^^^^^^^^^^^^^^^^^^^^^^^
  File 
"C:\Users\ismai\Documents\GitHub\New-Data-Fraud-detection\backend\.venv\Lib\site-packages\sqlalchemy\pool\base.py", 
line 390, in _create_connection
    return _ConnectionRecord(self)
           ^^^^^^^^^^^^^^^^^^^^^^^
  File 
"C:\Users\ismai\Documents\GitHub\New-Data-Fraud-detection\backend\.venv\Lib\site-packages\sqlalchemy\pool\base.py", 
line 674, in __init__
    self.__connect()
  File 
"C:\Users\ismai\Documents\GitHub\New-Data-Fraud-detection\backend\.venv\Lib\site-packages\sqlalchemy\pool\base.py", 
line 900, in __connect
    with util.safe_reraise():
  File "C:\Users\ismai\Documents\GitHub\New-Data-Fraud-detection\backend\.venv\Lib\site-packages\sqlalchemy\util\langhe
lpers.py", line 146, in __exit__
    raise exc_value.with_traceback(exc_tb)
  File 
"C:\Users\ismai\Documents\GitHub\New-Data-Fraud-detection\backend\.venv\Lib\site-packages\sqlalchemy\pool\base.py", 
line 896, in __connect
    self.dbapi_connection = connection = pool._invoke_creator(self)
                                         ^^^^^^^^^^^^^^^^^^^^^^^^^^
  File "C:\Users\ismai\Documents\GitHub\New-Data-Fraud-detection\backend\.venv\Lib\site-packages\sqlalchemy\engine\crea
te.py", line 643, in connect
    return dialect.connect(*cargs, **cparams)
           ^^^^^^^^^^^^^^^^^^^^^^^^^^^^^^^^^^
  File "C:\Users\ismai\Documents\GitHub\New-Data-Fraud-detection\backend\.venv\Lib\site-packages\sqlalchemy\engine\defa
ult.py", line 621, in connect
    return self.loaded_dbapi.connect(*cargs, **cparams)
           ^^^^^^^^^^^^^^^^^^^^^^^^^^^^^^^^^^^^^^^^^^^^
  File 
"C:\Users\ismai\Documents\GitHub\New-Data-Fraud-detection\backend\.venv\Lib\site-packages\psycopg2\__init__.py", line 
122, in connect
    conn = _connect(dsn, connection_factory=connection_factory, **kwasync)
           ^^^^^^^^^^^^^^^^^^^^^^^^^^^^^^^^^^^^^^^^^^^^^^^^^^^^^^^^^^^^^^^
sqlalchemy.exc.OperationalError: (psycopg2.OperationalError) connection to server at "localhost" (::1), port 5432 
failed: Connection refused (0x0000274D/10061)
	Is the server running on that host and accepting TCP/IP connections?
connection to server at "localhost" (127.0.0.1), port 5432 failed: Connection refused (0x0000274D/10061)
	Is the server running on that host and accepting TCP/IP connections?

(Background on this error at: https://sqlalche.me/e/20/e3q8)
ERROR:    Exception in ASGI application
Traceback (most recent call last):
  File 
"C:\Users\ismai\Documents\GitHub\New-Data-Fraud-detection\backend\.venv\Lib\site-packages\sqlalchemy\engine\base.py", 
line 146, in __init__
    self._dbapi_connection = engine.raw_connection()
                             ^^^^^^^^^^^^^^^^^^^^^^^
  File 
"C:\Users\ismai\Documents\GitHub\New-Data-Fraud-detection\backend\.venv\Lib\site-packages\sqlalchemy\engine\base.py", 
line 3302, in raw_connection
    return self.pool.connect()
           ^^^^^^^^^^^^^^^^^^^
  File 
"C:\Users\ismai\Documents\GitHub\New-Data-Fraud-detection\backend\.venv\Lib\site-packages\sqlalchemy\pool\base.py", 
line 449, in connect
    return _ConnectionFairy._checkout(self)
           ^^^^^^^^^^^^^^^^^^^^^^^^^^^^^^^^
  File 
"C:\Users\ismai\Documents\GitHub\New-Data-Fraud-detection\backend\.venv\Lib\site-packages\sqlalchemy\pool\base.py", 
line 1263, in _checkout
    fairy = _ConnectionRecord.checkout(pool)
            ^^^^^^^^^^^^^^^^^^^^^^^^^^^^^^^^
  File 
"C:\Users\ismai\Documents\GitHub\New-Data-Fraud-detection\backend\.venv\Lib\site-packages\sqlalchemy\pool\base.py", 
line 712, in checkout
    rec = pool._do_get()
          ^^^^^^^^^^^^^^
  File 
"C:\Users\ismai\Documents\GitHub\New-Data-Fraud-detection\backend\.venv\Lib\site-packages\sqlalchemy\pool\impl.py", 
line 179, in _do_get
    with util.safe_reraise():
  File "C:\Users\ismai\Documents\GitHub\New-Data-Fraud-detection\backend\.venv\Lib\site-packages\sqlalchemy\util\langhe
lpers.py", line 146, in __exit__
    raise exc_value.with_traceback(exc_tb)
  File 
"C:\Users\ismai\Documents\GitHub\New-Data-Fraud-detection\backend\.venv\Lib\site-packages\sqlalchemy\pool\impl.py", 
line 177, in _do_get
    return self._create_connection()
           ^^^^^^^^^^^^^^^^^^^^^^^^^
  File 
"C:\Users\ismai\Documents\GitHub\New-Data-Fraud-detection\backend\.venv\Lib\site-packages\sqlalchemy\pool\base.py", 
line 390, in _create_connection
    return _ConnectionRecord(self)
           ^^^^^^^^^^^^^^^^^^^^^^^
  File 
"C:\Users\ismai\Documents\GitHub\New-Data-Fraud-detection\backend\.venv\Lib\site-packages\sqlalchemy\pool\base.py", 
line 674, in __init__
    self.__connect()
INFO:     127.0.0.1:54861 - "GET /api/analytics/risk-distribution HTTP/1.1" 500 Internal Server Error
  File 
"C:\Users\ismai\Documents\GitHub\New-Data-Fraud-detection\backend\.venv\Lib\site-packages\sqlalchemy\pool\base.py", 
line 900, in __connect
    with util.safe_reraise():
  File "C:\Users\ismai\Documents\GitHub\New-Data-Fraud-detection\backend\.venv\Lib\site-packages\sqlalchemy\util\langhe
lpers.py", line 146, in __exit__
    raise exc_value.with_traceback(exc_tb)
  File 
"C:\Users\ismai\Documents\GitHub\New-Data-Fraud-detection\backend\.venv\Lib\site-packages\sqlalchemy\pool\base.py", 
line 896, in __connect
    self.dbapi_connection = connection = pool._invoke_creator(self)
                                         ^^^^^^^^^^^^^^^^^^^^^^^^^^
  File "C:\Users\ismai\Documents\GitHub\New-Data-Fraud-detection\backend\.venv\Lib\site-packages\sqlalchemy\engine\crea
te.py", line 643, in connect
    return dialect.connect(*cargs, **cparams)
           ^^^^^^^^^^^^^^^^^^^^^^^^^^^^^^^^^^
  File "C:\Users\ismai\Documents\GitHub\New-Data-Fraud-detection\backend\.venv\Lib\site-packages\sqlalchemy\engine\defa
ult.py", line 621, in connect
    return self.loaded_dbapi.connect(*cargs, **cparams)
           ^^^^^^^^^^^^^^^^^^^^^^^^^^^^^^^^^^^^^^^^^^^^
  File 
"C:\Users\ismai\Documents\GitHub\New-Data-Fraud-detection\backend\.venv\Lib\site-packages\psycopg2\__init__.py", line 
122, in connect
    conn = _connect(dsn, connection_factory=connection_factory, **kwasync)
           ^^^^^^^^^^^^^^^^^^^^^^^^^^^^^^^^^^^^^^^^^^^^^^^^^^^^^^^^^^^^^^^
psycopg2.OperationalError: connection to server at "localhost" (::1), port 5432 failed: Connection refused 
(0x0000274D/10061)
	Is the server running on that host and accepting TCP/IP connections?
connection to server at "localhost" (127.0.0.1), port 5432 failed: Connection refused (0x0000274D/10061)
	Is the server running on that host and accepting TCP/IP connections?


The above exception was the direct cause of the following exception:

Traceback (most recent call last):
  File "C:\Users\ismai\Documents\GitHub\New-Data-Fraud-detection\backend\.venv\Lib\site-packages\uvicorn\protocols\http
\httptools_impl.py", line 409, in run_asgi
    result = await app(  # type: ignore[func-returns-value]
             ^^^^^^^^^^^^^^^^^^^^^^^^^^^^^^^^^^^^^^^^^^^^^^
  File "C:\Users\ismai\Documents\GitHub\New-Data-Fraud-detection\backend\.venv\Lib\site-packages\uvicorn\middleware\pro
xy_headers.py", line 60, in __call__
    return await self.app(scope, receive, send)
           ^^^^^^^^^^^^^^^^^^^^^^^^^^^^^^^^^^^^
  File 
"C:\Users\ismai\Documents\GitHub\New-Data-Fraud-detection\backend\.venv\Lib\site-packages\fastapi\applications.py", 
line 1054, in __call__
    await super().__call__(scope, receive, send)
  File 
"C:\Users\ismai\Documents\GitHub\New-Data-Fraud-detection\backend\.venv\Lib\site-packages\starlette\applications.py", 
line 113, in __call__
    await self.middleware_stack(scope, receive, send)
  File "C:\Users\ismai\Documents\GitHub\New-Data-Fraud-detection\backend\.venv\Lib\site-packages\starlette\middleware\e
rrors.py", line 187, in __call__
    raise exc
  File "C:\Users\ismai\Documents\GitHub\New-Data-Fraud-detection\backend\.venv\Lib\site-packages\starlette\middleware\e
rrors.py", line 165, in __call__
    await self.app(scope, receive, _send)
  File "C:\Users\ismai\Documents\GitHub\New-Data-Fraud-detection\backend\.venv\Lib\site-packages\starlette\middleware\c
ors.py", line 85, in __call__
    await self.app(scope, receive, send)
  File "C:\Users\ismai\Documents\GitHub\New-Data-Fraud-detection\backend\.venv\Lib\site-packages\starlette\middleware\e
xceptions.py", line 62, in __call__
    await wrap_app_handling_exceptions(self.app, conn)(scope, receive, send)
  File "C:\Users\ismai\Documents\GitHub\New-Data-Fraud-detection\backend\.venv\Lib\site-packages\starlette\_exception_h
andler.py", line 53, in wrapped_app
    raise exc
  File "C:\Users\ismai\Documents\GitHub\New-Data-Fraud-detection\backend\.venv\Lib\site-packages\starlette\_exception_h
andler.py", line 42, in wrapped_app
    await app(scope, receive, sender)
  File 
"C:\Users\ismai\Documents\GitHub\New-Data-Fraud-detection\backend\.venv\Lib\site-packages\starlette\routing.py", line 
715, in __call__
    await self.middleware_stack(scope, receive, send)
  File 
"C:\Users\ismai\Documents\GitHub\New-Data-Fraud-detection\backend\.venv\Lib\site-packages\starlette\routing.py", line 
735, in app
    await route.handle(scope, receive, send)
  File 
"C:\Users\ismai\Documents\GitHub\New-Data-Fraud-detection\backend\.venv\Lib\site-packages\starlette\routing.py", line 
288, in handle
    await self.app(scope, receive, send)
  File 
"C:\Users\ismai\Documents\GitHub\New-Data-Fraud-detection\backend\.venv\Lib\site-packages\starlette\routing.py", line 
76, in app
    await wrap_app_handling_exceptions(app, request)(scope, receive, send)
  File "C:\Users\ismai\Documents\GitHub\New-Data-Fraud-detection\backend\.venv\Lib\site-packages\starlette\_exception_h
andler.py", line 53, in wrapped_app
    raise exc
  File "C:\Users\ismai\Documents\GitHub\New-Data-Fraud-detection\backend\.venv\Lib\site-packages\starlette\_exception_h
andler.py", line 42, in wrapped_app
    await app(scope, receive, sender)
  File 
"C:\Users\ismai\Documents\GitHub\New-Data-Fraud-detection\backend\.venv\Lib\site-packages\starlette\routing.py", line 
73, in app
    response = await f(request)
               ^^^^^^^^^^^^^^^^
  File "C:\Users\ismai\Documents\GitHub\New-Data-Fraud-detection\backend\.venv\Lib\site-packages\fastapi\routing.py", 
line 301, in app
    raw_response = await run_endpoint_function(
                   ^^^^^^^^^^^^^^^^^^^^^^^^^^^^
  File "C:\Users\ismai\Documents\GitHub\New-Data-Fraud-detection\backend\.venv\Lib\site-packages\fastapi\routing.py", 
line 214, in run_endpoint_function
    return await run_in_threadpool(dependant.call, **values)
           ^^^^^^^^^^^^^^^^^^^^^^^^^^^^^^^^^^^^^^^^^^^^^^^^^
  File 
"C:\Users\ismai\Documents\GitHub\New-Data-Fraud-detection\backend\.venv\Lib\site-packages\starlette\concurrency.py", 
line 39, in run_in_threadpool
    return await anyio.to_thread.run_sync(func, *args)
           ^^^^^^^^^^^^^^^^^^^^^^^^^^^^^^^^^^^^^^^^^^^
  File "C:\Users\ismai\Documents\GitHub\New-Data-Fraud-detection\backend\.venv\Lib\site-packages\anyio\to_thread.py", 
line 65, in run_sync
    return await get_async_backend().run_sync_in_worker_thread(
           ^^^^^^^^^^^^^^^^^^^^^^^^^^^^^^^^^^^^^^^^^^^^^^^^^^^^
  File "C:\Users\ismai\Documents\GitHub\New-Data-Fraud-detection\backend\.venv\Lib\site-packages\anyio\_backends\_async
io.py", line 2706, in run_sync_in_worker_thread
    return await future
           ^^^^^^^^^^^^
  File "C:\Users\ismai\Documents\GitHub\New-Data-Fraud-detection\backend\.venv\Lib\site-packages\anyio\_backends\_async
io.py", line 1100, in run
    result = context.run(func, *args)
             ^^^^^^^^^^^^^^^^^^^^^^^^
  File "C:\Users\ismai\Documents\GitHub\New-Data-Fraud-detection\backend\app\routers\dashboard.py", line 194, in 
get_risk_distribution
    rows = session.execute(sql).mappings().all()
           ^^^^^^^^^^^^^^^^^^^^
  File 
"C:\Users\ismai\Documents\GitHub\New-Data-Fraud-detection\backend\.venv\Lib\site-packages\sqlalchemy\orm\session.py", 
line 2362, in execute
    return self._execute_internal(
           ^^^^^^^^^^^^^^^^^^^^^^^
  File 
"C:\Users\ismai\Documents\GitHub\New-Data-Fraud-detection\backend\.venv\Lib\site-packages\sqlalchemy\orm\session.py", 
line 2237, in _execute_internal
    conn = self._connection_for_bind(bind)
           ^^^^^^^^^^^^^^^^^^^^^^^^^^^^^^^
  File 
"C:\Users\ismai\Documents\GitHub\New-Data-Fraud-detection\backend\.venv\Lib\site-packages\sqlalchemy\orm\session.py", 
line 2106, in _connection_for_bind
    return trans._connection_for_bind(engine, execution_options)
           ^^^^^^^^^^^^^^^^^^^^^^^^^^^^^^^^^^^^^^^^^^^^^^^^^^^^^
  File "<string>", line 2, in _connection_for_bind
  File "C:\Users\ismai\Documents\GitHub\New-Data-Fraud-detection\backend\.venv\Lib\site-packages\sqlalchemy\orm\state_c
hanges.py", line 139, in _go
    ret_value = fn(self, *arg, **kw)
                ^^^^^^^^^^^^^^^^^^^^
  File 
"C:\Users\ismai\Documents\GitHub\New-Data-Fraud-detection\backend\.venv\Lib\site-packages\sqlalchemy\orm\session.py", 
line 1189, in _connection_for_bind
    conn = bind.connect()
           ^^^^^^^^^^^^^^
  File 
"C:\Users\ismai\Documents\GitHub\New-Data-Fraud-detection\backend\.venv\Lib\site-packages\sqlalchemy\engine\base.py", 
line 3278, in connect
    return self._connection_cls(self)
           ^^^^^^^^^^^^^^^^^^^^^^^^^^
  File 
"C:\Users\ismai\Documents\GitHub\New-Data-Fraud-detection\backend\.venv\Lib\site-packages\sqlalchemy\engine\base.py", 
line 148, in __init__
    Connection._handle_dbapi_exception_noconnection(
  File 
"C:\Users\ismai\Documents\GitHub\New-Data-Fraud-detection\backend\.venv\Lib\site-packages\sqlalchemy\engine\base.py", 
line 2442, in _handle_dbapi_exception_noconnection
    raise sqlalchemy_exception.with_traceback(exc_info[2]) from e
  File 
"C:\Users\ismai\Documents\GitHub\New-Data-Fraud-detection\backend\.venv\Lib\site-packages\sqlalchemy\engine\base.py", 
line 146, in __init__
    self._dbapi_connection = engine.raw_connection()
                             ^^^^^^^^^^^^^^^^^^^^^^^
  File 
"C:\Users\ismai\Documents\GitHub\New-Data-Fraud-detection\backend\.venv\Lib\site-packages\sqlalchemy\engine\base.py", 
line 3302, in raw_connection
    return self.pool.connect()
           ^^^^^^^^^^^^^^^^^^^
  File 
"C:\Users\ismai\Documents\GitHub\New-Data-Fraud-detection\backend\.venv\Lib\site-packages\sqlalchemy\pool\base.py", 
line 449, in connect
    return _ConnectionFairy._checkout(self)
           ^^^^^^^^^^^^^^^^^^^^^^^^^^^^^^^^
  File 
"C:\Users\ismai\Documents\GitHub\New-Data-Fraud-detection\backend\.venv\Lib\site-packages\sqlalchemy\pool\base.py", 
line 1263, in _checkout
    fairy = _ConnectionRecord.checkout(pool)
            ^^^^^^^^^^^^^^^^^^^^^^^^^^^^^^^^
  File 
"C:\Users\ismai\Documents\GitHub\New-Data-Fraud-detection\backend\.venv\Lib\site-packages\sqlalchemy\pool\base.py", 
line 712, in checkout
    rec = pool._do_get()
          ^^^^^^^^^^^^^^
  File 
"C:\Users\ismai\Documents\GitHub\New-Data-Fraud-detection\backend\.venv\Lib\site-packages\sqlalchemy\pool\impl.py", 
line 179, in _do_get
    with util.safe_reraise():
  File "C:\Users\ismai\Documents\GitHub\New-Data-Fraud-detection\backend\.venv\Lib\site-packages\sqlalchemy\util\langhe
lpers.py", line 146, in __exit__
    raise exc_value.with_traceback(exc_tb)
  File 
"C:\Users\ismai\Documents\GitHub\New-Data-Fraud-detection\backend\.venv\Lib\site-packages\sqlalchemy\pool\impl.py", 
line 177, in _do_get
    return self._create_connection()
           ^^^^^^^^^^^^^^^^^^^^^^^^^
  File 
"C:\Users\ismai\Documents\GitHub\New-Data-Fraud-detection\backend\.venv\Lib\site-packages\sqlalchemy\pool\base.py", 
line 390, in _create_connection
    return _ConnectionRecord(self)
           ^^^^^^^^^^^^^^^^^^^^^^^
  File 
"C:\Users\ismai\Documents\GitHub\New-Data-Fraud-detection\backend\.venv\Lib\site-packages\sqlalchemy\pool\base.py", 
line 674, in __init__
    self.__connect()
  File 
"C:\Users\ismai\Documents\GitHub\New-Data-Fraud-detection\backend\.venv\Lib\site-packages\sqlalchemy\pool\base.py", 
line 900, in __connect
    with util.safe_reraise():
  File "C:\Users\ismai\Documents\GitHub\New-Data-Fraud-detection\backend\.venv\Lib\site-packages\sqlalchemy\util\langhe
lpers.py", line 146, in __exit__
    raise exc_value.with_traceback(exc_tb)
  File 
"C:\Users\ismai\Documents\GitHub\New-Data-Fraud-detection\backend\.venv\Lib\site-packages\sqlalchemy\pool\base.py", 
line 896, in __connect
    self.dbapi_connection = connection = pool._invoke_creator(self)
                                         ^^^^^^^^^^^^^^^^^^^^^^^^^^
  File "C:\Users\ismai\Documents\GitHub\New-Data-Fraud-detection\backend\.venv\Lib\site-packages\sqlalchemy\engine\crea
te.py", line 643, in connect
    return dialect.connect(*cargs, **cparams)
           ^^^^^^^^^^^^^^^^^^^^^^^^^^^^^^^^^^
  File "C:\Users\ismai\Documents\GitHub\New-Data-Fraud-detection\backend\.venv\Lib\site-packages\sqlalchemy\engine\defa
ult.py", line 621, in connect
    return self.loaded_dbapi.connect(*cargs, **cparams)
           ^^^^^^^^^^^^^^^^^^^^^^^^^^^^^^^^^^^^^^^^^^^^
  File 
"C:\Users\ismai\Documents\GitHub\New-Data-Fraud-detection\backend\.venv\Lib\site-packages\psycopg2\__init__.py", line 
122, in connect
    conn = _connect(dsn, connection_factory=connection_factory, **kwasync)
           ^^^^^^^^^^^^^^^^^^^^^^^^^^^^^^^^^^^^^^^^^^^^^^^^^^^^^^^^^^^^^^^
sqlalchemy.exc.OperationalError: (psycopg2.OperationalError) connection to server at "localhost" (::1), port 5432 
failed: Connection refused (0x0000274D/10061)
	Is the server running on that host and accepting TCP/IP connections?
connection to server at "localhost" (127.0.0.1), port 5432 failed: Connection refused (0x0000274D/10061)
	Is the server running on that host and accepting TCP/IP connections?

(Background on this error at: https://sqlalche.me/e/20/e3q8)
INFO:     127.0.0.1:52194 - "GET /api/analytics/daily HTTP/1.1" 500 Internal Server Error
ERROR:    Exception in ASGI application
Traceback (most recent call last):
  File 
"C:\Users\ismai\Documents\GitHub\New-Data-Fraud-detection\backend\.venv\Lib\site-packages\sqlalchemy\engine\base.py", 
line 146, in __init__
    self._dbapi_connection = engine.raw_connection()
                             ^^^^^^^^^^^^^^^^^^^^^^^
  File 
"C:\Users\ismai\Documents\GitHub\New-Data-Fraud-detection\backend\.venv\Lib\site-packages\sqlalchemy\engine\base.py", 
line 3302, in raw_connection
    return self.pool.connect()
           ^^^^^^^^^^^^^^^^^^^
  File 
"C:\Users\ismai\Documents\GitHub\New-Data-Fraud-detection\backend\.venv\Lib\site-packages\sqlalchemy\pool\base.py", 
line 449, in connect
    return _ConnectionFairy._checkout(self)
           ^^^^^^^^^^^^^^^^^^^^^^^^^^^^^^^^
  File 
"C:\Users\ismai\Documents\GitHub\New-Data-Fraud-detection\backend\.venv\Lib\site-packages\sqlalchemy\pool\base.py", 
line 1263, in _checkout
    fairy = _ConnectionRecord.checkout(pool)
            ^^^^^^^^^^^^^^^^^^^^^^^^^^^^^^^^
  File 
"C:\Users\ismai\Documents\GitHub\New-Data-Fraud-detection\backend\.venv\Lib\site-packages\sqlalchemy\pool\base.py", 
line 712, in checkout
    rec = pool._do_get()
          ^^^^^^^^^^^^^^
  File 
"C:\Users\ismai\Documents\GitHub\New-Data-Fraud-detection\backend\.venv\Lib\site-packages\sqlalchemy\pool\impl.py", 
line 179, in _do_get
    with util.safe_reraise():
  File "C:\Users\ismai\Documents\GitHub\New-Data-Fraud-detection\backend\.venv\Lib\site-packages\sqlalchemy\util\langhe
lpers.py", line 146, in __exit__
    raise exc_value.with_traceback(exc_tb)
  File 
"C:\Users\ismai\Documents\GitHub\New-Data-Fraud-detection\backend\.venv\Lib\site-packages\sqlalchemy\pool\impl.py", 
line 177, in _do_get
    return self._create_connection()
           ^^^^^^^^^^^^^^^^^^^^^^^^^
  File 
"C:\Users\ismai\Documents\GitHub\New-Data-Fraud-detection\backend\.venv\Lib\site-packages\sqlalchemy\pool\base.py", 
line 390, in _create_connection
    return _ConnectionRecord(self)
           ^^^^^^^^^^^^^^^^^^^^^^^
  File 
"C:\Users\ismai\Documents\GitHub\New-Data-Fraud-detection\backend\.venv\Lib\site-packages\sqlalchemy\pool\base.py", 
line 674, in __init__
    self.__connect()
  File 
"C:\Users\ismai\Documents\GitHub\New-Data-Fraud-detection\backend\.venv\Lib\site-packages\sqlalchemy\pool\base.py", 
line 900, in __connect
    with util.safe_reraise():
  File "C:\Users\ismai\Documents\GitHub\New-Data-Fraud-detection\backend\.venv\Lib\site-packages\sqlalchemy\util\langhe
lpers.py", line 146, in __exit__
    raise exc_value.with_traceback(exc_tb)
  File 
"C:\Users\ismai\Documents\GitHub\New-Data-Fraud-detection\backend\.venv\Lib\site-packages\sqlalchemy\pool\base.py", 
line 896, in __connect
    self.dbapi_connection = connection = pool._invoke_creator(self)
                                         ^^^^^^^^^^^^^^^^^^^^^^^^^^
  File "C:\Users\ismai\Documents\GitHub\New-Data-Fraud-detection\backend\.venv\Lib\site-packages\sqlalchemy\engine\crea
te.py", line 643, in connect
    return dialect.connect(*cargs, **cparams)
           ^^^^^^^^^^^^^^^^^^^^^^^^^^^^^^^^^^
  File "C:\Users\ismai\Documents\GitHub\New-Data-Fraud-detection\backend\.venv\Lib\site-packages\sqlalchemy\engine\defa
ult.py", line 621, in connect
    return self.loaded_dbapi.connect(*cargs, **cparams)
           ^^^^^^^^^^^^^^^^^^^^^^^^^^^^^^^^^^^^^^^^^^^^
  File 
"C:\Users\ismai\Documents\GitHub\New-Data-Fraud-detection\backend\.venv\Lib\site-packages\psycopg2\__init__.py", line 
122, in connect
    conn = _connect(dsn, connection_factory=connection_factory, **kwasync)
           ^^^^^^^^^^^^^^^^^^^^^^^^^^^^^^^^^^^^^^^^^^^^^^^^^^^^^^^^^^^^^^^
psycopg2.OperationalError: connection to server at "localhost" (::1), port 5432 failed: Connection refused 
(0x0000274D/10061)
	Is the server running on that host and accepting TCP/IP connections?
connection to server at "localhost" (127.0.0.1), port 5432 failed: Connection refused (0x0000274D/10061)
	Is the server running on that host and accepting TCP/IP connections?


The above exception was the direct cause of the following exception:

Traceback (most recent call last):
  File "C:\Users\ismai\Documents\GitHub\New-Data-Fraud-detection\backend\.venv\Lib\site-packages\uvicorn\protocols\http
\httptools_impl.py", line 409, in run_asgi
    result = await app(  # type: ignore[func-returns-value]
             ^^^^^^^^^^^^^^^^^^^^^^^^^^^^^^^^^^^^^^^^^^^^^^
  File "C:\Users\ismai\Documents\GitHub\New-Data-Fraud-detection\backend\.venv\Lib\site-packages\uvicorn\middleware\pro
xy_headers.py", line 60, in __call__
    return await self.app(scope, receive, send)
           ^^^^^^^^^^^^^^^^^^^^^^^^^^^^^^^^^^^^
  File 
"C:\Users\ismai\Documents\GitHub\New-Data-Fraud-detection\backend\.venv\Lib\site-packages\fastapi\applications.py", 
line 1054, in __call__
    await super().__call__(scope, receive, send)
  File 
"C:\Users\ismai\Documents\GitHub\New-Data-Fraud-detection\backend\.venv\Lib\site-packages\starlette\applications.py", 
line 113, in __call__
    await self.middleware_stack(scope, receive, send)
  File "C:\Users\ismai\Documents\GitHub\New-Data-Fraud-detection\backend\.venv\Lib\site-packages\starlette\middleware\e
rrors.py", line 187, in __call__
    raise exc
  File "C:\Users\ismai\Documents\GitHub\New-Data-Fraud-detection\backend\.venv\Lib\site-packages\starlette\middleware\e
rrors.py", line 165, in __call__
    await self.app(scope, receive, _send)
  File "C:\Users\ismai\Documents\GitHub\New-Data-Fraud-detection\backend\.venv\Lib\site-packages\starlette\middleware\c
ors.py", line 85, in __call__
    await self.app(scope, receive, send)
  File "C:\Users\ismai\Documents\GitHub\New-Data-Fraud-detection\backend\.venv\Lib\site-packages\starlette\middleware\e
xceptions.py", line 62, in __call__
    await wrap_app_handling_exceptions(self.app, conn)(scope, receive, send)
  File "C:\Users\ismai\Documents\GitHub\New-Data-Fraud-detection\backend\.venv\Lib\site-packages\starlette\_exception_h
andler.py", line 53, in wrapped_app
    raise exc
  File "C:\Users\ismai\Documents\GitHub\New-Data-Fraud-detection\backend\.venv\Lib\site-packages\starlette\_exception_h
andler.py", line 42, in wrapped_app
    await app(scope, receive, sender)
  File 
"C:\Users\ismai\Documents\GitHub\New-Data-Fraud-detection\backend\.venv\Lib\site-packages\starlette\routing.py", line 
715, in __call__
    await self.middleware_stack(scope, receive, send)
  File 
"C:\Users\ismai\Documents\GitHub\New-Data-Fraud-detection\backend\.venv\Lib\site-packages\starlette\routing.py", line 
735, in app
    await route.handle(scope, receive, send)
  File 
"C:\Users\ismai\Documents\GitHub\New-Data-Fraud-detection\backend\.venv\Lib\site-packages\starlette\routing.py", line 
288, in handle
    await self.app(scope, receive, send)
  File 
"C:\Users\ismai\Documents\GitHub\New-Data-Fraud-detection\backend\.venv\Lib\site-packages\starlette\routing.py", line 
76, in app
    await wrap_app_handling_exceptions(app, request)(scope, receive, send)
  File "C:\Users\ismai\Documents\GitHub\New-Data-Fraud-detection\backend\.venv\Lib\site-packages\starlette\_exception_h
andler.py", line 53, in wrapped_app
    raise exc
  File "C:\Users\ismai\Documents\GitHub\New-Data-Fraud-detection\backend\.venv\Lib\site-packages\starlette\_exception_h
andler.py", line 42, in wrapped_app
    await app(scope, receive, sender)
  File 
"C:\Users\ismai\Documents\GitHub\New-Data-Fraud-detection\backend\.venv\Lib\site-packages\starlette\routing.py", line 
73, in app
    response = await f(request)
               ^^^^^^^^^^^^^^^^
  File "C:\Users\ismai\Documents\GitHub\New-Data-Fraud-detection\backend\.venv\Lib\site-packages\fastapi\routing.py", 
line 301, in app
    raw_response = await run_endpoint_function(
                   ^^^^^^^^^^^^^^^^^^^^^^^^^^^^
  File "C:\Users\ismai\Documents\GitHub\New-Data-Fraud-detection\backend\.venv\Lib\site-packages\fastapi\routing.py", 
line 214, in run_endpoint_function
    return await run_in_threadpool(dependant.call, **values)
           ^^^^^^^^^^^^^^^^^^^^^^^^^^^^^^^^^^^^^^^^^^^^^^^^^
  File 
"C:\Users\ismai\Documents\GitHub\New-Data-Fraud-detection\backend\.venv\Lib\site-packages\starlette\concurrency.py", 
line 39, in run_in_threadpool
    return await anyio.to_thread.run_sync(func, *args)
           ^^^^^^^^^^^^^^^^^^^^^^^^^^^^^^^^^^^^^^^^^^^
  File "C:\Users\ismai\Documents\GitHub\New-Data-Fraud-detection\backend\.venv\Lib\site-packages\anyio\to_thread.py", 
line 65, in run_sync
    return await get_async_backend().run_sync_in_worker_thread(
           ^^^^^^^^^^^^^^^^^^^^^^^^^^^^^^^^^^^^^^^^^^^^^^^^^^^^
  File "C:\Users\ismai\Documents\GitHub\New-Data-Fraud-detection\backend\.venv\Lib\site-packages\anyio\_backends\_async
io.py", line 2706, in run_sync_in_worker_thread
    return await future
           ^^^^^^^^^^^^
  File "C:\Users\ismai\Documents\GitHub\New-Data-Fraud-detection\backend\.venv\Lib\site-packages\anyio\_backends\_async
io.py", line 1100, in run
    result = context.run(func, *args)
             ^^^^^^^^^^^^^^^^^^^^^^^^
  File "C:\Users\ismai\Documents\GitHub\New-Data-Fraud-detection\backend\app\routers\dashboard.py", line 104, in 
get_daily_trend
    rows = session.execute(sql, params).mappings().all()
           ^^^^^^^^^^^^^^^^^^^^^^^^^^^^
  File 
"C:\Users\ismai\Documents\GitHub\New-Data-Fraud-detection\backend\.venv\Lib\site-packages\sqlalchemy\orm\session.py", 
line 2362, in execute
    return self._execute_internal(
           ^^^^^^^^^^^^^^^^^^^^^^^
  File 
"C:\Users\ismai\Documents\GitHub\New-Data-Fraud-detection\backend\.venv\Lib\site-packages\sqlalchemy\orm\session.py", 
line 2237, in _execute_internal
    conn = self._connection_for_bind(bind)
           ^^^^^^^^^^^^^^^^^^^^^^^^^^^^^^^
  File 
"C:\Users\ismai\Documents\GitHub\New-Data-Fraud-detection\backend\.venv\Lib\site-packages\sqlalchemy\orm\session.py", 
line 2106, in _connection_for_bind
    return trans._connection_for_bind(engine, execution_options)
           ^^^^^^^^^^^^^^^^^^^^^^^^^^^^^^^^^^^^^^^^^^^^^^^^^^^^^
  File "<string>", line 2, in _connection_for_bind
  File "C:\Users\ismai\Documents\GitHub\New-Data-Fraud-detection\backend\.venv\Lib\site-packages\sqlalchemy\orm\state_c
hanges.py", line 139, in _go
    ret_value = fn(self, *arg, **kw)
                ^^^^^^^^^^^^^^^^^^^^
  File 
"C:\Users\ismai\Documents\GitHub\New-Data-Fraud-detection\backend\.venv\Lib\site-packages\sqlalchemy\orm\session.py", 
line 1189, in _connection_for_bind
    conn = bind.connect()
           ^^^^^^^^^^^^^^
  File 
"C:\Users\ismai\Documents\GitHub\New-Data-Fraud-detection\backend\.venv\Lib\site-packages\sqlalchemy\engine\base.py", 
line 3278, in connect
    return self._connection_cls(self)
           ^^^^^^^^^^^^^^^^^^^^^^^^^^
  File 
"C:\Users\ismai\Documents\GitHub\New-Data-Fraud-detection\backend\.venv\Lib\site-packages\sqlalchemy\engine\base.py", 
line 148, in __init__
    Connection._handle_dbapi_exception_noconnection(
  File 
"C:\Users\ismai\Documents\GitHub\New-Data-Fraud-detection\backend\.venv\Lib\site-packages\sqlalchemy\engine\base.py", 
line 2442, in _handle_dbapi_exception_noconnection
    raise sqlalchemy_exception.with_traceback(exc_info[2]) from e
  File 
"C:\Users\ismai\Documents\GitHub\New-Data-Fraud-detection\backend\.venv\Lib\site-packages\sqlalchemy\engine\base.py", 
line 146, in __init__
    self._dbapi_connection = engine.raw_connection()
                             ^^^^^^^^^^^^^^^^^^^^^^^
  File 
"C:\Users\ismai\Documents\GitHub\New-Data-Fraud-detection\backend\.venv\Lib\site-packages\sqlalchemy\engine\base.py", 
line 3302, in raw_connection
    return self.pool.connect()
           ^^^^^^^^^^^^^^^^^^^
  File 
"C:\Users\ismai\Documents\GitHub\New-Data-Fraud-detection\backend\.venv\Lib\site-packages\sqlalchemy\pool\base.py", 
line 449, in connect
    return _ConnectionFairy._checkout(self)
           ^^^^^^^^^^^^^^^^^^^^^^^^^^^^^^^^
  File 
"C:\Users\ismai\Documents\GitHub\New-Data-Fraud-detection\backend\.venv\Lib\site-packages\sqlalchemy\pool\base.py", 
line 1263, in _checkout
    fairy = _ConnectionRecord.checkout(pool)
            ^^^^^^^^^^^^^^^^^^^^^^^^^^^^^^^^
  File 
"C:\Users\ismai\Documents\GitHub\New-Data-Fraud-detection\backend\.venv\Lib\site-packages\sqlalchemy\pool\base.py", 
line 712, in checkout
    rec = pool._do_get()
          ^^^^^^^^^^^^^^
  File 
"C:\Users\ismai\Documents\GitHub\New-Data-Fraud-detection\backend\.venv\Lib\site-packages\sqlalchemy\pool\impl.py", 
line 179, in _do_get
    with util.safe_reraise():
  File "C:\Users\ismai\Documents\GitHub\New-Data-Fraud-detection\backend\.venv\Lib\site-packages\sqlalchemy\util\langhe
lpers.py", line 146, in __exit__
    raise exc_value.with_traceback(exc_tb)
  File 
"C:\Users\ismai\Documents\GitHub\New-Data-Fraud-detection\backend\.venv\Lib\site-packages\sqlalchemy\pool\impl.py", 
line 177, in _do_get
    return self._create_connection()
           ^^^^^^^^^^^^^^^^^^^^^^^^^
  File 
"C:\Users\ismai\Documents\GitHub\New-Data-Fraud-detection\backend\.venv\Lib\site-packages\sqlalchemy\pool\base.py", 
line 390, in _create_connection
    return _ConnectionRecord(self)
           ^^^^^^^^^^^^^^^^^^^^^^^
  File 
"C:\Users\ismai\Documents\GitHub\New-Data-Fraud-detection\backend\.venv\Lib\site-packages\sqlalchemy\pool\base.py", 
line 674, in __init__
    self.__connect()
  File 
"C:\Users\ismai\Documents\GitHub\New-Data-Fraud-detection\backend\.venv\Lib\site-packages\sqlalchemy\pool\base.py", 
line 900, in __connect
    with util.safe_reraise():
  File "C:\Users\ismai\Documents\GitHub\New-Data-Fraud-detection\backend\.venv\Lib\site-packages\sqlalchemy\util\langhe
lpers.py", line 146, in __exit__
    raise exc_value.with_traceback(exc_tb)
  File 
"C:\Users\ismai\Documents\GitHub\New-Data-Fraud-detection\backend\.venv\Lib\site-packages\sqlalchemy\pool\base.py", 
line 896, in __connect
    self.dbapi_connection = connection = pool._invoke_creator(self)
                                         ^^^^^^^^^^^^^^^^^^^^^^^^^^
  File "C:\Users\ismai\Documents\GitHub\New-Data-Fraud-detection\backend\.venv\Lib\site-packages\sqlalchemy\engine\crea
te.py", line 643, in connect
    return dialect.connect(*cargs, **cparams)
           ^^^^^^^^^^^^^^^^^^^^^^^^^^^^^^^^^^
  File "C:\Users\ismai\Documents\GitHub\New-Data-Fraud-detection\backend\.venv\Lib\site-packages\sqlalchemy\engine\defa
ult.py", line 621, in connect
    return self.loaded_dbapi.connect(*cargs, **cparams)
           ^^^^^^^^^^^^^^^^^^^^^^^^^^^^^^^^^^^^^^^^^^^^
  File 
"C:\Users\ismai\Documents\GitHub\New-Data-Fraud-detection\backend\.venv\Lib\site-packages\psycopg2\__init__.py", line 
122, in connect
    conn = _connect(dsn, connection_factory=connection_factory, **kwasync)
           ^^^^^^^^^^^^^^^^^^^^^^^^^^^^^^^^^^^^^^^^^^^^^^^^^^^^^^^^^^^^^^^
sqlalchemy.exc.OperationalError: (psycopg2.OperationalError) connection to server at "localhost" (::1), port 5432 
failed: Connection refused (0x0000274D/10061)
	Is the server running on that host and accepting TCP/IP connections?
connection to server at "localhost" (127.0.0.1), port 5432 failed: Connection refused (0x0000274D/10061)
	Is the server running on that host and accepting TCP/IP connections?

(Background on this error at: https://sqlalche.me/e/20/e3q8)
INFO:     127.0.0.1:52196 - "GET /api/kpis HTTP/1.1" 500 Internal Server Error
ERROR:    Exception in ASGI application
Traceback (most recent call last):
  File 
"C:\Users\ismai\Documents\GitHub\New-Data-Fraud-detection\backend\.venv\Lib\site-packages\sqlalchemy\engine\base.py", 
line 146, in __init__
    self._dbapi_connection = engine.raw_connection()
                             ^^^^^^^^^^^^^^^^^^^^^^^
  File 
"C:\Users\ismai\Documents\GitHub\New-Data-Fraud-detection\backend\.venv\Lib\site-packages\sqlalchemy\engine\base.py", 
line 3302, in raw_connection
    return self.pool.connect()
           ^^^^^^^^^^^^^^^^^^^
  File 
"C:\Users\ismai\Documents\GitHub\New-Data-Fraud-detection\backend\.venv\Lib\site-packages\sqlalchemy\pool\base.py", 
line 449, in connect
    return _ConnectionFairy._checkout(self)
           ^^^^^^^^^^^^^^^^^^^^^^^^^^^^^^^^
  File 
"C:\Users\ismai\Documents\GitHub\New-Data-Fraud-detection\backend\.venv\Lib\site-packages\sqlalchemy\pool\base.py", 
line 1263, in _checkout
    fairy = _ConnectionRecord.checkout(pool)
            ^^^^^^^^^^^^^^^^^^^^^^^^^^^^^^^^
  File 
"C:\Users\ismai\Documents\GitHub\New-Data-Fraud-detection\backend\.venv\Lib\site-packages\sqlalchemy\pool\base.py", 
line 712, in checkout
    rec = pool._do_get()
          ^^^^^^^^^^^^^^
  File 
"C:\Users\ismai\Documents\GitHub\New-Data-Fraud-detection\backend\.venv\Lib\site-packages\sqlalchemy\pool\impl.py", 
line 179, in _do_get
    with util.safe_reraise():
  File "C:\Users\ismai\Documents\GitHub\New-Data-Fraud-detection\backend\.venv\Lib\site-packages\sqlalchemy\util\langhe
lpers.py", line 146, in __exit__
    raise exc_value.with_traceback(exc_tb)
  File 
"C:\Users\ismai\Documents\GitHub\New-Data-Fraud-detection\backend\.venv\Lib\site-packages\sqlalchemy\pool\impl.py", 
line 177, in _do_get
    return self._create_connection()
           ^^^^^^^^^^^^^^^^^^^^^^^^^
  File 
"C:\Users\ismai\Documents\GitHub\New-Data-Fraud-detection\backend\.venv\Lib\site-packages\sqlalchemy\pool\base.py", 
line 390, in _create_connection
    return _ConnectionRecord(self)
           ^^^^^^^^^^^^^^^^^^^^^^^
  File 
"C:\Users\ismai\Documents\GitHub\New-Data-Fraud-detection\backend\.venv\Lib\site-packages\sqlalchemy\pool\base.py", 
line 674, in __init__
    self.__connect()
  File 
"C:\Users\ismai\Documents\GitHub\New-Data-Fraud-detection\backend\.venv\Lib\site-packages\sqlalchemy\pool\base.py", 
line 900, in __connect
    with util.safe_reraise():
  File "C:\Users\ismai\Documents\GitHub\New-Data-Fraud-detection\backend\.venv\Lib\site-packages\sqlalchemy\util\langhe
lpers.py", line 146, in __exit__
    raise exc_value.with_traceback(exc_tb)
  File 
"C:\Users\ismai\Documents\GitHub\New-Data-Fraud-detection\backend\.venv\Lib\site-packages\sqlalchemy\pool\base.py", 
line 896, in __connect
    self.dbapi_connection = connection = pool._invoke_creator(self)
                                         ^^^^^^^^^^^^^^^^^^^^^^^^^^
  File "C:\Users\ismai\Documents\GitHub\New-Data-Fraud-detection\backend\.venv\Lib\site-packages\sqlalchemy\engine\crea
te.py", line 643, in connect
    return dialect.connect(*cargs, **cparams)
           ^^^^^^^^^^^^^^^^^^^^^^^^^^^^^^^^^^
  File "C:\Users\ismai\Documents\GitHub\New-Data-Fraud-detection\backend\.venv\Lib\site-packages\sqlalchemy\engine\defa
ult.py", line 621, in connect
    return self.loaded_dbapi.connect(*cargs, **cparams)
           ^^^^^^^^^^^^^^^^^^^^^^^^^^^^^^^^^^^^^^^^^^^^
  File 
"C:\Users\ismai\Documents\GitHub\New-Data-Fraud-detection\backend\.venv\Lib\site-packages\psycopg2\__init__.py", line 
122, in connect
    conn = _connect(dsn, connection_factory=connection_factory, **kwasync)
           ^^^^^^^^^^^^^^^^^^^^^^^^^^^^^^^^^^^^^^^^^^^^^^^^^^^^^^^^^^^^^^^
psycopg2.OperationalError: connection to server at "localhost" (::1), port 5432 failed: Connection refused 
(0x0000274D/10061)
	Is the server running on that host and accepting TCP/IP connections?
connection to server at "localhost" (127.0.0.1), port 5432 failed: Connection refused (0x0000274D/10061)
	Is the server running on that host and accepting TCP/IP connections?


The above exception was the direct cause of the following exception:

Traceback (most recent call last):
  File "C:\Users\ismai\Documents\GitHub\New-Data-Fraud-detection\backend\.venv\Lib\site-packages\uvicorn\protocols\http
\httptools_impl.py", line 409, in run_asgi
    result = await app(  # type: ignore[func-returns-value]
             ^^^^^^^^^^^^^^^^^^^^^^^^^^^^^^^^^^^^^^^^^^^^^^
  File "C:\Users\ismai\Documents\GitHub\New-Data-Fraud-detection\backend\.venv\Lib\site-packages\uvicorn\middleware\pro
xy_headers.py", line 60, in __call__
    return await self.app(scope, receive, send)
           ^^^^^^^^^^^^^^^^^^^^^^^^^^^^^^^^^^^^
  File 
"C:\Users\ismai\Documents\GitHub\New-Data-Fraud-detection\backend\.venv\Lib\site-packages\fastapi\applications.py", 
line 1054, in __call__
    await super().__call__(scope, receive, send)
  File 
"C:\Users\ismai\Documents\GitHub\New-Data-Fraud-detection\backend\.venv\Lib\site-packages\starlette\applications.py", 
line 113, in __call__
    await self.middleware_stack(scope, receive, send)
  File "C:\Users\ismai\Documents\GitHub\New-Data-Fraud-detection\backend\.venv\Lib\site-packages\starlette\middleware\e
rrors.py", line 187, in __call__
    raise exc
  File "C:\Users\ismai\Documents\GitHub\New-Data-Fraud-detection\backend\.venv\Lib\site-packages\starlette\middleware\e
rrors.py", line 165, in __call__
    await self.app(scope, receive, _send)
  File "C:\Users\ismai\Documents\GitHub\New-Data-Fraud-detection\backend\.venv\Lib\site-packages\starlette\middleware\c
ors.py", line 85, in __call__
    await self.app(scope, receive, send)
  File "C:\Users\ismai\Documents\GitHub\New-Data-Fraud-detection\backend\.venv\Lib\site-packages\starlette\middleware\e
xceptions.py", line 62, in __call__
    await wrap_app_handling_exceptions(self.app, conn)(scope, receive, send)
  File "C:\Users\ismai\Documents\GitHub\New-Data-Fraud-detection\backend\.venv\Lib\site-packages\starlette\_exception_h
andler.py", line 53, in wrapped_app
    raise exc
  File "C:\Users\ismai\Documents\GitHub\New-Data-Fraud-detection\backend\.venv\Lib\site-packages\starlette\_exception_h
andler.py", line 42, in wrapped_app
    await app(scope, receive, sender)
  File 
"C:\Users\ismai\Documents\GitHub\New-Data-Fraud-detection\backend\.venv\Lib\site-packages\starlette\routing.py", line 
715, in __call__
    await self.middleware_stack(scope, receive, send)
  File 
"C:\Users\ismai\Documents\GitHub\New-Data-Fraud-detection\backend\.venv\Lib\site-packages\starlette\routing.py", line 
735, in app
    await route.handle(scope, receive, send)
  File 
"C:\Users\ismai\Documents\GitHub\New-Data-Fraud-detection\backend\.venv\Lib\site-packages\starlette\routing.py", line 
288, in handle
    await self.app(scope, receive, send)
  File 
"C:\Users\ismai\Documents\GitHub\New-Data-Fraud-detection\backend\.venv\Lib\site-packages\starlette\routing.py", line 
76, in app
    await wrap_app_handling_exceptions(app, request)(scope, receive, send)
  File "C:\Users\ismai\Documents\GitHub\New-Data-Fraud-detection\backend\.venv\Lib\site-packages\starlette\_exception_h
andler.py", line 53, in wrapped_app
    raise exc
  File "C:\Users\ismai\Documents\GitHub\New-Data-Fraud-detection\backend\.venv\Lib\site-packages\starlette\_exception_h
andler.py", line 42, in wrapped_app
    await app(scope, receive, sender)
  File 
"C:\Users\ismai\Documents\GitHub\New-Data-Fraud-detection\backend\.venv\Lib\site-packages\starlette\routing.py", line 
73, in app
    response = await f(request)
               ^^^^^^^^^^^^^^^^
  File "C:\Users\ismai\Documents\GitHub\New-Data-Fraud-detection\backend\.venv\Lib\site-packages\fastapi\routing.py", 
line 301, in app
    raw_response = await run_endpoint_function(
                   ^^^^^^^^^^^^^^^^^^^^^^^^^^^^
  File "C:\Users\ismai\Documents\GitHub\New-Data-Fraud-detection\backend\.venv\Lib\site-packages\fastapi\routing.py", 
line 214, in run_endpoint_function
    return await run_in_threadpool(dependant.call, **values)
           ^^^^^^^^^^^^^^^^^^^^^^^^^^^^^^^^^^^^^^^^^^^^^^^^^
  File 
"C:\Users\ismai\Documents\GitHub\New-Data-Fraud-detection\backend\.venv\Lib\site-packages\starlette\concurrency.py", 
line 39, in run_in_threadpool
    return await anyio.to_thread.run_sync(func, *args)
           ^^^^^^^^^^^^^^^^^^^^^^^^^^^^^^^^^^^^^^^^^^^
  File "C:\Users\ismai\Documents\GitHub\New-Data-Fraud-detection\backend\.venv\Lib\site-packages\anyio\to_thread.py", 
line 65, in run_sync
    return await get_async_backend().run_sync_in_worker_thread(
           ^^^^^^^^^^^^^^^^^^^^^^^^^^^^^^^^^^^^^^^^^^^^^^^^^^^^
  File "C:\Users\ismai\Documents\GitHub\New-Data-Fraud-detection\backend\.venv\Lib\site-packages\anyio\_backends\_async
io.py", line 2706, in run_sync_in_worker_thread
    return await future
           ^^^^^^^^^^^^
  File "C:\Users\ismai\Documents\GitHub\New-Data-Fraud-detection\backend\.venv\Lib\site-packages\anyio\_backends\_async
io.py", line 1100, in run
    result = context.run(func, *args)
             ^^^^^^^^^^^^^^^^^^^^^^^^
  File "C:\Users\ismai\Documents\GitHub\New-Data-Fraud-detection\backend\app\routers\dashboard.py", line 59, in 
get_kpis
    row = session.execute(sql, params).mappings().one()
          ^^^^^^^^^^^^^^^^^^^^^^^^^^^^
  File 
"C:\Users\ismai\Documents\GitHub\New-Data-Fraud-detection\backend\.venv\Lib\site-packages\sqlalchemy\orm\session.py", 
line 2362, in execute
    return self._execute_internal(
           ^^^^^^^^^^^^^^^^^^^^^^^
  File 
"C:\Users\ismai\Documents\GitHub\New-Data-Fraud-detection\backend\.venv\Lib\site-packages\sqlalchemy\orm\session.py", 
line 2237, in _execute_internal
    conn = self._connection_for_bind(bind)
           ^^^^^^^^^^^^^^^^^^^^^^^^^^^^^^^
  File 
"C:\Users\ismai\Documents\GitHub\New-Data-Fraud-detection\backend\.venv\Lib\site-packages\sqlalchemy\orm\session.py", 
line 2106, in _connection_for_bind
    return trans._connection_for_bind(engine, execution_options)
           ^^^^^^^^^^^^^^^^^^^^^^^^^^^^^^^^^^^^^^^^^^^^^^^^^^^^^
  File "<string>", line 2, in _connection_for_bind
  File "C:\Users\ismai\Documents\GitHub\New-Data-Fraud-detection\backend\.venv\Lib\site-packages\sqlalchemy\orm\state_c
hanges.py", line 139, in _go
    ret_value = fn(self, *arg, **kw)
                ^^^^^^^^^^^^^^^^^^^^
  File 
"C:\Users\ismai\Documents\GitHub\New-Data-Fraud-detection\backend\.venv\Lib\site-packages\sqlalchemy\orm\session.py", 
line 1189, in _connection_for_bind
    conn = bind.connect()
           ^^^^^^^^^^^^^^
  File 
"C:\Users\ismai\Documents\GitHub\New-Data-Fraud-detection\backend\.venv\Lib\site-packages\sqlalchemy\engine\base.py", 
line 3278, in connect
    return self._connection_cls(self)
           ^^^^^^^^^^^^^^^^^^^^^^^^^^
  File 
"C:\Users\ismai\Documents\GitHub\New-Data-Fraud-detection\backend\.venv\Lib\site-packages\sqlalchemy\engine\base.py", 
line 148, in __init__
    Connection._handle_dbapi_exception_noconnection(
  File 
"C:\Users\ismai\Documents\GitHub\New-Data-Fraud-detection\backend\.venv\Lib\site-packages\sqlalchemy\engine\base.py", 
line 2442, in _handle_dbapi_exception_noconnection
    raise sqlalchemy_exception.with_traceback(exc_info[2]) from e
  File 
"C:\Users\ismai\Documents\GitHub\New-Data-Fraud-detection\backend\.venv\Lib\site-packages\sqlalchemy\engine\base.py", 
line 146, in __init__
    self._dbapi_connection = engine.raw_connection()
                             ^^^^^^^^^^^^^^^^^^^^^^^
  File 
"C:\Users\ismai\Documents\GitHub\New-Data-Fraud-detection\backend\.venv\Lib\site-packages\sqlalchemy\engine\base.py", 
line 3302, in raw_connection
    return self.pool.connect()
           ^^^^^^^^^^^^^^^^^^^
  File 
"C:\Users\ismai\Documents\GitHub\New-Data-Fraud-detection\backend\.venv\Lib\site-packages\sqlalchemy\pool\base.py", 
line 449, in connect
    return _ConnectionFairy._checkout(self)
           ^^^^^^^^^^^^^^^^^^^^^^^^^^^^^^^^
  File 
"C:\Users\ismai\Documents\GitHub\New-Data-Fraud-detection\backend\.venv\Lib\site-packages\sqlalchemy\pool\base.py", 
line 1263, in _checkout
    fairy = _ConnectionRecord.checkout(pool)
            ^^^^^^^^^^^^^^^^^^^^^^^^^^^^^^^^
  File 
"C:\Users\ismai\Documents\GitHub\New-Data-Fraud-detection\backend\.venv\Lib\site-packages\sqlalchemy\pool\base.py", 
line 712, in checkout
    rec = pool._do_get()
          ^^^^^^^^^^^^^^
  File 
"C:\Users\ismai\Documents\GitHub\New-Data-Fraud-detection\backend\.venv\Lib\site-packages\sqlalchemy\pool\impl.py", 
line 179, in _do_get
    with util.safe_reraise():
  File "C:\Users\ismai\Documents\GitHub\New-Data-Fraud-detection\backend\.venv\Lib\site-packages\sqlalchemy\util\langhe
lpers.py", line 146, in __exit__
    raise exc_value.with_traceback(exc_tb)
  File 
"C:\Users\ismai\Documents\GitHub\New-Data-Fraud-detection\backend\.venv\Lib\site-packages\sqlalchemy\pool\impl.py", 
line 177, in _do_get
    return self._create_connection()
           ^^^^^^^^^^^^^^^^^^^^^^^^^
  File 
"C:\Users\ismai\Documents\GitHub\New-Data-Fraud-detection\backend\.venv\Lib\site-packages\sqlalchemy\pool\base.py", 
line 390, in _create_connection
    return _ConnectionRecord(self)
           ^^^^^^^^^^^^^^^^^^^^^^^
  File 
"C:\Users\ismai\Documents\GitHub\New-Data-Fraud-detection\backend\.venv\Lib\site-packages\sqlalchemy\pool\base.py", 
line 674, in __init__
    self.__connect()
  File 
"C:\Users\ismai\Documents\GitHub\New-Data-Fraud-detection\backend\.venv\Lib\site-packages\sqlalchemy\pool\base.py", 
line 900, in __connect
    with util.safe_reraise():
  File "C:\Users\ismai\Documents\GitHub\New-Data-Fraud-detection\backend\.venv\Lib\site-packages\sqlalchemy\util\langhe
lpers.py", line 146, in __exit__
    raise exc_value.with_traceback(exc_tb)
  File 
"C:\Users\ismai\Documents\GitHub\New-Data-Fraud-detection\backend\.venv\Lib\site-packages\sqlalchemy\pool\base.py", 
line 896, in __connect
    self.dbapi_connection = connection = pool._invoke_creator(self)
                                         ^^^^^^^^^^^^^^^^^^^^^^^^^^
  File "C:\Users\ismai\Documents\GitHub\New-Data-Fraud-detection\backend\.venv\Lib\site-packages\sqlalchemy\engine\crea
te.py", line 643, in connect
    return dialect.connect(*cargs, **cparams)
           ^^^^^^^^^^^^^^^^^^^^^^^^^^^^^^^^^^
  File "C:\Users\ismai\Documents\GitHub\New-Data-Fraud-detection\backend\.venv\Lib\site-packages\sqlalchemy\engine\defa
ult.py", line 621, in connect
    return self.loaded_dbapi.connect(*cargs, **cparams)
           ^^^^^^^^^^^^^^^^^^^^^^^^^^^^^^^^^^^^^^^^^^^^
  File 
"C:\Users\ismai\Documents\GitHub\New-Data-Fraud-detection\backend\.venv\Lib\site-packages\psycopg2\__init__.py", line 
122, in connect
    conn = _connect(dsn, connection_factory=connection_factory, **kwasync)
           ^^^^^^^^^^^^^^^^^^^^^^^^^^^^^^^^^^^^^^^^^^^^^^^^^^^^^^^^^^^^^^^
sqlalchemy.exc.OperationalError: (psycopg2.OperationalError) connection to server at "localhost" (::1), port 5432 
failed: Connection refused (0x0000274D/10061)
	Is the server running on that host and accepting TCP/IP connections?
connection to server at "localhost" (127.0.0.1), port 5432 failed: Connection refused (0x0000274D/10061)
	Is the server running on that host and accepting TCP/IP connections?

(Background on this error at: https://sqlalche.me/e/20/e3q8)
INFO:     127.0.0.1:50157 - "GET /api/analytics/windows HTTP/1.1" 500 Internal Server Error
ERROR:    Exception in ASGI application
Traceback (most recent call last):
  File 
"C:\Users\ismai\Documents\GitHub\New-Data-Fraud-detection\backend\.venv\Lib\site-packages\sqlalchemy\engine\base.py", 
line 146, in __init__
    self._dbapi_connection = engine.raw_connection()
                             ^^^^^^^^^^^^^^^^^^^^^^^
  File 
"C:\Users\ismai\Documents\GitHub\New-Data-Fraud-detection\backend\.venv\Lib\site-packages\sqlalchemy\engine\base.py", 
line 3302, in raw_connection
    return self.pool.connect()
           ^^^^^^^^^^^^^^^^^^^
  File 
"C:\Users\ismai\Documents\GitHub\New-Data-Fraud-detection\backend\.venv\Lib\site-packages\sqlalchemy\pool\base.py", 
line 449, in connect
    return _ConnectionFairy._checkout(self)
           ^^^^^^^^^^^^^^^^^^^^^^^^^^^^^^^^
  File 
"C:\Users\ismai\Documents\GitHub\New-Data-Fraud-detection\backend\.venv\Lib\site-packages\sqlalchemy\pool\base.py", 
line 1263, in _checkout
    fairy = _ConnectionRecord.checkout(pool)
            ^^^^^^^^^^^^^^^^^^^^^^^^^^^^^^^^
  File 
"C:\Users\ismai\Documents\GitHub\New-Data-Fraud-detection\backend\.venv\Lib\site-packages\sqlalchemy\pool\base.py", 
line 712, in checkout
    rec = pool._do_get()
          ^^^^^^^^^^^^^^
  File 
"C:\Users\ismai\Documents\GitHub\New-Data-Fraud-detection\backend\.venv\Lib\site-packages\sqlalchemy\pool\impl.py", 
line 179, in _do_get
    with util.safe_reraise():
  File "C:\Users\ismai\Documents\GitHub\New-Data-Fraud-detection\backend\.venv\Lib\site-packages\sqlalchemy\util\langhe
lpers.py", line 146, in __exit__
    raise exc_value.with_traceback(exc_tb)
  File 
"C:\Users\ismai\Documents\GitHub\New-Data-Fraud-detection\backend\.venv\Lib\site-packages\sqlalchemy\pool\impl.py", 
line 177, in _do_get
    return self._create_connection()
           ^^^^^^^^^^^^^^^^^^^^^^^^^
  File 
"C:\Users\ismai\Documents\GitHub\New-Data-Fraud-detection\backend\.venv\Lib\site-packages\sqlalchemy\pool\base.py", 
line 390, in _create_connection
    return _ConnectionRecord(self)
           ^^^^^^^^^^^^^^^^^^^^^^^
  File 
"C:\Users\ismai\Documents\GitHub\New-Data-Fraud-detection\backend\.venv\Lib\site-packages\sqlalchemy\pool\base.py", 
line 674, in __init__
    self.__connect()
  File 
"C:\Users\ismai\Documents\GitHub\New-Data-Fraud-detection\backend\.venv\Lib\site-packages\sqlalchemy\pool\base.py", 
line 900, in __connect
    with util.safe_reraise():
  File "C:\Users\ismai\Documents\GitHub\New-Data-Fraud-detection\backend\.venv\Lib\site-packages\sqlalchemy\util\langhe
lpers.py", line 146, in __exit__
    raise exc_value.with_traceback(exc_tb)
  File 
"C:\Users\ismai\Documents\GitHub\New-Data-Fraud-detection\backend\.venv\Lib\site-packages\sqlalchemy\pool\base.py", 
line 896, in __connect
    self.dbapi_connection = connection = pool._invoke_creator(self)
                                         ^^^^^^^^^^^^^^^^^^^^^^^^^^
  File "C:\Users\ismai\Documents\GitHub\New-Data-Fraud-detection\backend\.venv\Lib\site-packages\sqlalchemy\engine\crea
te.py", line 643, in connect
    return dialect.connect(*cargs, **cparams)
           ^^^^^^^^^^^^^^^^^^^^^^^^^^^^^^^^^^
  File "C:\Users\ismai\Documents\GitHub\New-Data-Fraud-detection\backend\.venv\Lib\site-packages\sqlalchemy\engine\defa
ult.py", line 621, in connect
    return self.loaded_dbapi.connect(*cargs, **cparams)
           ^^^^^^^^^^^^^^^^^^^^^^^^^^^^^^^^^^^^^^^^^^^^
  File 
"C:\Users\ismai\Documents\GitHub\New-Data-Fraud-detection\backend\.venv\Lib\site-packages\psycopg2\__init__.py", line 
122, in connect
    conn = _connect(dsn, connection_factory=connection_factory, **kwasync)
           ^^^^^^^^^^^^^^^^^^^^^^^^^^^^^^^^^^^^^^^^^^^^^^^^^^^^^^^^^^^^^^^
psycopg2.OperationalError: connection to server at "localhost" (::1), port 5432 failed: Connection refused 
(0x0000274D/10061)
	Is the server running on that host and accepting TCP/IP connections?
connection to server at "localhost" (127.0.0.1), port 5432 failed: Connection refused (0x0000274D/10061)
	Is the server running on that host and accepting TCP/IP connections?


The above exception was the direct cause of the following exception:

Traceback (most recent call last):
  File "C:\Users\ismai\Documents\GitHub\New-Data-Fraud-detection\backend\.venv\Lib\site-packages\uvicorn\protocols\http
\httptools_impl.py", line 409, in run_asgi
    result = await app(  # type: ignore[func-returns-value]
             ^^^^^^^^^^^^^^^^^^^^^^^^^^^^^^^^^^^^^^^^^^^^^^
  File "C:\Users\ismai\Documents\GitHub\New-Data-Fraud-detection\backend\.venv\Lib\site-packages\uvicorn\middleware\pro
xy_headers.py", line 60, in __call__
    return await self.app(scope, receive, send)
           ^^^^^^^^^^^^^^^^^^^^^^^^^^^^^^^^^^^^
  File 
"C:\Users\ismai\Documents\GitHub\New-Data-Fraud-detection\backend\.venv\Lib\site-packages\fastapi\applications.py", 
line 1054, in __call__
    await super().__call__(scope, receive, send)
  File 
"C:\Users\ismai\Documents\GitHub\New-Data-Fraud-detection\backend\.venv\Lib\site-packages\starlette\applications.py", 
line 113, in __call__
    await self.middleware_stack(scope, receive, send)
  File "C:\Users\ismai\Documents\GitHub\New-Data-Fraud-detection\backend\.venv\Lib\site-packages\starlette\middleware\e
rrors.py", line 187, in __call__
    raise exc
  File "C:\Users\ismai\Documents\GitHub\New-Data-Fraud-detection\backend\.venv\Lib\site-packages\starlette\middleware\e
rrors.py", line 165, in __call__
    await self.app(scope, receive, _send)
  File "C:\Users\ismai\Documents\GitHub\New-Data-Fraud-detection\backend\.venv\Lib\site-packages\starlette\middleware\c
ors.py", line 85, in __call__
    await self.app(scope, receive, send)
  File "C:\Users\ismai\Documents\GitHub\New-Data-Fraud-detection\backend\.venv\Lib\site-packages\starlette\middleware\e
xceptions.py", line 62, in __call__
    await wrap_app_handling_exceptions(self.app, conn)(scope, receive, send)
  File "C:\Users\ismai\Documents\GitHub\New-Data-Fraud-detection\backend\.venv\Lib\site-packages\starlette\_exception_h
andler.py", line 53, in wrapped_app
    raise exc
  File "C:\Users\ismai\Documents\GitHub\New-Data-Fraud-detection\backend\.venv\Lib\site-packages\starlette\_exception_h
andler.py", line 42, in wrapped_app
    await app(scope, receive, sender)
  File 
"C:\Users\ismai\Documents\GitHub\New-Data-Fraud-detection\backend\.venv\Lib\site-packages\starlette\routing.py", line 
715, in __call__
    await self.middleware_stack(scope, receive, send)
  File 
"C:\Users\ismai\Documents\GitHub\New-Data-Fraud-detection\backend\.venv\Lib\site-packages\starlette\routing.py", line 
735, in app
    await route.handle(scope, receive, send)
  File 
"C:\Users\ismai\Documents\GitHub\New-Data-Fraud-detection\backend\.venv\Lib\site-packages\starlette\routing.py", line 
288, in handle
    await self.app(scope, receive, send)
  File 
"C:\Users\ismai\Documents\GitHub\New-Data-Fraud-detection\backend\.venv\Lib\site-packages\starlette\routing.py", line 
76, in app
    await wrap_app_handling_exceptions(app, request)(scope, receive, send)
  File "C:\Users\ismai\Documents\GitHub\New-Data-Fraud-detection\backend\.venv\Lib\site-packages\starlette\_exception_h
andler.py", line 53, in wrapped_app
    raise exc
  File "C:\Users\ismai\Documents\GitHub\New-Data-Fraud-detection\backend\.venv\Lib\site-packages\starlette\_exception_h
andler.py", line 42, in wrapped_app
    await app(scope, receive, sender)
  File 
"C:\Users\ismai\Documents\GitHub\New-Data-Fraud-detection\backend\.venv\Lib\site-packages\starlette\routing.py", line 
73, in app
    response = await f(request)
               ^^^^^^^^^^^^^^^^
  File "C:\Users\ismai\Documents\GitHub\New-Data-Fraud-detection\backend\.venv\Lib\site-packages\fastapi\routing.py", 
line 301, in app
    raw_response = await run_endpoint_function(
                   ^^^^^^^^^^^^^^^^^^^^^^^^^^^^
  File "C:\Users\ismai\Documents\GitHub\New-Data-Fraud-detection\backend\.venv\Lib\site-packages\fastapi\routing.py", 
line 214, in run_endpoint_function
    return await run_in_threadpool(dependant.call, **values)
           ^^^^^^^^^^^^^^^^^^^^^^^^^^^^^^^^^^^^^^^^^^^^^^^^^
  File 
"C:\Users\ismai\Documents\GitHub\New-Data-Fraud-detection\backend\.venv\Lib\site-packages\starlette\concurrency.py", 
line 39, in run_in_threadpool
    return await anyio.to_thread.run_sync(func, *args)
           ^^^^^^^^^^^^^^^^^^^^^^^^^^^^^^^^^^^^^^^^^^^
  File "C:\Users\ismai\Documents\GitHub\New-Data-Fraud-detection\backend\.venv\Lib\site-packages\anyio\to_thread.py", 
line 65, in run_sync
    return await get_async_backend().run_sync_in_worker_thread(
           ^^^^^^^^^^^^^^^^^^^^^^^^^^^^^^^^^^^^^^^^^^^^^^^^^^^^
  File "C:\Users\ismai\Documents\GitHub\New-Data-Fraud-detection\backend\.venv\Lib\site-packages\anyio\_backends\_async
io.py", line 2706, in run_sync_in_worker_thread
    return await future
           ^^^^^^^^^^^^
  File "C:\Users\ismai\Documents\GitHub\New-Data-Fraud-detection\backend\.venv\Lib\site-packages\anyio\_backends\_async
io.py", line 1100, in run
    result = context.run(func, *args)
             ^^^^^^^^^^^^^^^^^^^^^^^^
  File "C:\Users\ismai\Documents\GitHub\New-Data-Fraud-detection\backend\app\routers\dashboard.py", line 155, in 
get_analytics_windows
    latest = session.execute(text("SELECT MAX(session_date) FROM subscribers_daily")).scalar_one()
             ^^^^^^^^^^^^^^^^^^^^^^^^^^^^^^^^^^^^^^^^^^^^^^^^^^^^^^^^^^^^^^^^^^^^^^^^
  File 
"C:\Users\ismai\Documents\GitHub\New-Data-Fraud-detection\backend\.venv\Lib\site-packages\sqlalchemy\orm\session.py", 
line 2362, in execute
    return self._execute_internal(
           ^^^^^^^^^^^^^^^^^^^^^^^
  File 
"C:\Users\ismai\Documents\GitHub\New-Data-Fraud-detection\backend\.venv\Lib\site-packages\sqlalchemy\orm\session.py", 
line 2237, in _execute_internal
    conn = self._connection_for_bind(bind)
           ^^^^^^^^^^^^^^^^^^^^^^^^^^^^^^^
  File 
"C:\Users\ismai\Documents\GitHub\New-Data-Fraud-detection\backend\.venv\Lib\site-packages\sqlalchemy\orm\session.py", 
line 2106, in _connection_for_bind
    return trans._connection_for_bind(engine, execution_options)
           ^^^^^^^^^^^^^^^^^^^^^^^^^^^^^^^^^^^^^^^^^^^^^^^^^^^^^
  File "<string>", line 2, in _connection_for_bind
  File "C:\Users\ismai\Documents\GitHub\New-Data-Fraud-detection\backend\.venv\Lib\site-packages\sqlalchemy\orm\state_c
hanges.py", line 139, in _go
    ret_value = fn(self, *arg, **kw)
                ^^^^^^^^^^^^^^^^^^^^
  File 
"C:\Users\ismai\Documents\GitHub\New-Data-Fraud-detection\backend\.venv\Lib\site-packages\sqlalchemy\orm\session.py", 
line 1189, in _connection_for_bind
    conn = bind.connect()
           ^^^^^^^^^^^^^^
  File 
"C:\Users\ismai\Documents\GitHub\New-Data-Fraud-detection\backend\.venv\Lib\site-packages\sqlalchemy\engine\base.py", 
line 3278, in connect
    return self._connection_cls(self)
           ^^^^^^^^^^^^^^^^^^^^^^^^^^
  File 
"C:\Users\ismai\Documents\GitHub\New-Data-Fraud-detection\backend\.venv\Lib\site-packages\sqlalchemy\engine\base.py", 
line 148, in __init__
    Connection._handle_dbapi_exception_noconnection(
  File 
"C:\Users\ismai\Documents\GitHub\New-Data-Fraud-detection\backend\.venv\Lib\site-packages\sqlalchemy\engine\base.py", 
line 2442, in _handle_dbapi_exception_noconnection
    raise sqlalchemy_exception.with_traceback(exc_info[2]) from e
  File 
"C:\Users\ismai\Documents\GitHub\New-Data-Fraud-detection\backend\.venv\Lib\site-packages\sqlalchemy\engine\base.py", 
line 146, in __init__
    self._dbapi_connection = engine.raw_connection()
                             ^^^^^^^^^^^^^^^^^^^^^^^
  File 
"C:\Users\ismai\Documents\GitHub\New-Data-Fraud-detection\backend\.venv\Lib\site-packages\sqlalchemy\engine\base.py", 
line 3302, in raw_connection
    return self.pool.connect()
           ^^^^^^^^^^^^^^^^^^^
  File 
"C:\Users\ismai\Documents\GitHub\New-Data-Fraud-detection\backend\.venv\Lib\site-packages\sqlalchemy\pool\base.py", 
line 449, in connect
    return _ConnectionFairy._checkout(self)
           ^^^^^^^^^^^^^^^^^^^^^^^^^^^^^^^^
  File 
"C:\Users\ismai\Documents\GitHub\New-Data-Fraud-detection\backend\.venv\Lib\site-packages\sqlalchemy\pool\base.py", 
line 1263, in _checkout
    fairy = _ConnectionRecord.checkout(pool)
            ^^^^^^^^^^^^^^^^^^^^^^^^^^^^^^^^
  File 
"C:\Users\ismai\Documents\GitHub\New-Data-Fraud-detection\backend\.venv\Lib\site-packages\sqlalchemy\pool\base.py", 
line 712, in checkout
    rec = pool._do_get()
          ^^^^^^^^^^^^^^
  File 
"C:\Users\ismai\Documents\GitHub\New-Data-Fraud-detection\backend\.venv\Lib\site-packages\sqlalchemy\pool\impl.py", 
line 179, in _do_get
    with util.safe_reraise():
  File "C:\Users\ismai\Documents\GitHub\New-Data-Fraud-detection\backend\.venv\Lib\site-packages\sqlalchemy\util\langhe
lpers.py", line 146, in __exit__
    raise exc_value.with_traceback(exc_tb)
  File 
"C:\Users\ismai\Documents\GitHub\New-Data-Fraud-detection\backend\.venv\Lib\site-packages\sqlalchemy\pool\impl.py", 
line 177, in _do_get
    return self._create_connection()
           ^^^^^^^^^^^^^^^^^^^^^^^^^
  File 
"C:\Users\ismai\Documents\GitHub\New-Data-Fraud-detection\backend\.venv\Lib\site-packages\sqlalchemy\pool\base.py", 
line 390, in _create_connection
    return _ConnectionRecord(self)
           ^^^^^^^^^^^^^^^^^^^^^^^
  File 
"C:\Users\ismai\Documents\GitHub\New-Data-Fraud-detection\backend\.venv\Lib\site-packages\sqlalchemy\pool\base.py", 
line 674, in __init__
    self.__connect()
  File 
"C:\Users\ismai\Documents\GitHub\New-Data-Fraud-detection\backend\.venv\Lib\site-packages\sqlalchemy\pool\base.py", 
line 900, in __connect
    with util.safe_reraise():
  File "C:\Users\ismai\Documents\GitHub\New-Data-Fraud-detection\backend\.venv\Lib\site-packages\sqlalchemy\util\langhe
lpers.py", line 146, in __exit__
    raise exc_value.with_traceback(exc_tb)
  File 
"C:\Users\ismai\Documents\GitHub\New-Data-Fraud-detection\backend\.venv\Lib\site-packages\sqlalchemy\pool\base.py", 
line 896, in __connect
    self.dbapi_connection = connection = pool._invoke_creator(self)
                                         ^^^^^^^^^^^^^^^^^^^^^^^^^^
  File "C:\Users\ismai\Documents\GitHub\New-Data-Fraud-detection\backend\.venv\Lib\site-packages\sqlalchemy\engine\crea
te.py", line 643, in connect
    return dialect.connect(*cargs, **cparams)
           ^^^^^^^^^^^^^^^^^^^^^^^^^^^^^^^^^^
  File "C:\Users\ismai\Documents\GitHub\New-Data-Fraud-detection\backend\.venv\Lib\site-packages\sqlalchemy\engine\defa
ult.py", line 621, in connect
    return self.loaded_dbapi.connect(*cargs, **cparams)
           ^^^^^^^^^^^^^^^^^^^^^^^^^^^^^^^^^^^^^^^^^^^^
  File 
"C:\Users\ismai\Documents\GitHub\New-Data-Fraud-detection\backend\.venv\Lib\site-packages\psycopg2\__init__.py", line 
122, in connect
    conn = _connect(dsn, connection_factory=connection_factory, **kwasync)
           ^^^^^^^^^^^^^^^^^^^^^^^^^^^^^^^^^^^^^^^^^^^^^^^^^^^^^^^^^^^^^^^
sqlalchemy.exc.OperationalError: (psycopg2.OperationalError) connection to server at "localhost" (::1), port 5432 
failed: Connection refused (0x0000274D/10061)
	Is the server running on that host and accepting TCP/IP connections?
connection to server at "localhost" (127.0.0.1), port 5432 failed: Connection refused (0x0000274D/10061)
	Is the server running on that host and accepting TCP/IP connections?

(Background on this error at: https://sqlalche.me/e/20/e3q8)
ERROR:    Exception in ASGI application
Traceback (most recent call last):
  File 
"C:\Users\ismai\Documents\GitHub\New-Data-Fraud-detection\backend\.venv\Lib\site-packages\sqlalchemy\engine\base.py", 
line 146, in __init__
    self._dbapi_connection = engine.raw_connection()
                             ^^^^^^^^^^^^^^^^^^^^^^^
  File 
"C:\Users\ismai\Documents\GitHub\New-Data-Fraud-detection\backend\.venv\Lib\site-packages\sqlalchemy\engine\base.py", 
line 3302, in raw_connection
    return self.pool.connect()
           ^^^^^^^^^^^^^^^^^^^
  File 
"C:\Users\ismai\Documents\GitHub\New-Data-Fraud-detection\backend\.venv\Lib\site-packages\sqlalchemy\pool\base.py", 
line 449, in connect
    return _ConnectionFairy._checkout(self)
           ^^^^^^^^^^^^^^^^^^^^^^^^^^^^^^^^
  File 
"C:\Users\ismai\Documents\GitHub\New-Data-Fraud-detection\backend\.venv\Lib\site-packages\sqlalchemy\pool\base.py", 
line 1263, in _checkout
    fairy = _ConnectionRecord.checkout(pool)
            ^^^^^^^^^^^^^^^^^^^^^^^^^^^^^^^^
  File 
"C:\Users\ismai\Documents\GitHub\New-Data-Fraud-detection\backend\.venv\Lib\site-packages\sqlalchemy\pool\base.py", 
line 712, in checkout
    rec = pool._do_get()
          ^^^^^^^^^^^^^^
  File 
"C:\Users\ismai\Documents\GitHub\New-Data-Fraud-detection\backend\.venv\Lib\site-packages\sqlalchemy\pool\impl.py", 
line 179, in _do_get
    with util.safe_reraise():
  File "C:\Users\ismai\Documents\GitHub\New-Data-Fraud-detection\backend\.venv\Lib\site-packages\sqlalchemy\util\langhe
lpers.py", line 146, in __exit__
    raise exc_value.with_traceback(exc_tb)
  File 
"C:\Users\ismai\Documents\GitHub\New-Data-Fraud-detection\backend\.venv\Lib\site-packages\sqlalchemy\pool\impl.py", 
line 177, in _do_get
    return self._create_connection()
           ^^^^^^^^^^^^^^^^^^^^^^^^^
  File 
"C:\Users\ismai\Documents\GitHub\New-Data-Fraud-detection\backend\.venv\Lib\site-packages\sqlalchemy\pool\base.py", 
line 390, in _create_connection
    return _ConnectionRecord(self)
           ^^^^^^^^^^^^^^^^^^^^^^^
  File 
"C:\Users\ismai\Documents\GitHub\New-Data-Fraud-detection\backend\.venv\Lib\site-packages\sqlalchemy\pool\base.py", 
line 674, in __init__
    self.__connect()
  File 
"C:\Users\ismai\Documents\GitHub\New-Data-Fraud-detection\backend\.venv\Lib\site-packages\sqlalchemy\pool\base.py", 
line 900, in __connect
    with util.safe_reraise():
  File "C:\Users\ismai\Documents\GitHub\New-Data-Fraud-detection\backend\.venv\Lib\site-packages\sqlalchemy\util\langhe
lpers.py", line 146, in __exit__
    raise exc_value.with_traceback(exc_tb)
  File 
"C:\Users\ismai\Documents\GitHub\New-Data-Fraud-detection\backend\.venv\Lib\site-packages\sqlalchemy\pool\base.py", 
line 896, in __connect
    self.dbapi_connection = connection = pool._invoke_creator(self)
                                         ^^^^^^^^^^^^^^^^^^^^^^^^^^
  File "C:\Users\ismai\Documents\GitHub\New-Data-Fraud-detection\backend\.venv\Lib\site-packages\sqlalchemy\engine\crea
te.py", line 643, in connect
    return dialect.connect(*cargs, **cparams)
           ^^^^^^^^^^^^^^^^^^^^^^^^^^^^^^^^^^
  File "C:\Users\ismai\Documents\GitHub\New-Data-Fraud-detection\backend\.venv\Lib\site-packages\sqlalchemy\engine\defa
ult.py", line 621, in connect
    return self.loaded_dbapi.connect(*cargs, **cparams)
           ^^^^^^^^^^^^^^^^^^^^^^^^^^^^^^^^^^^^^^^^^^^^
  File 
"C:\Users\ismai\Documents\GitHub\New-Data-Fraud-detection\backend\.venv\Lib\site-packages\psycopg2\__init__.py", line 
122, in connect
    conn = _connect(dsn, connection_factory=connection_factory, **kwasync)
           ^^^^^^^^^^^^^^^^^^^^^^^^^^^^^^^^^^^^^^^^^^^^^^^^^^^^^^^^^^^^^^^
psycopg2.OperationalError: connection to server at "localhost" (::1), port 5432 failed: Connection refused 
(0x0000274D/10061)
	Is the server running on that host and accepting TCP/IP connections?
connection to server at "localhost" (127.0.0.1), port 5432 failed: Connection refused (0x0000274D/10061)
	Is the server running on that host and accepting TCP/IP connections?


The above exception was the direct cause of the following exception:

Traceback (most recent call last):
  File "C:\Users\ismai\Documents\GitHub\New-Data-Fraud-detection\backend\.venv\Lib\site-packages\uvicorn\protocols\http
\httptools_impl.py", line 409, in run_asgi
    result = await app(  # type: ignore[func-returns-value]
             ^^^^^^^^^^^^^^^^^^^^^^^^^^^^^^^^^^^^^^^^^^^^^^
  File "C:\Users\ismai\Documents\GitHub\New-Data-Fraud-detection\backend\.venv\Lib\site-packages\uvicorn\middleware\pro
xy_headers.py", line 60, in __call__
    return await self.app(scope, receive, send)
           ^^^^^^^^^^^^^^^^^^^^^^^^^^^^^^^^^^^^
  File 
"C:\Users\ismai\Documents\GitHub\New-Data-Fraud-detection\backend\.venv\Lib\site-packages\fastapi\applications.py", 
line 1054, in __call__
    await super().__call__(scope, receive, send)
  File 
"C:\Users\ismai\Documents\GitHub\New-Data-Fraud-detection\backend\.venv\Lib\site-packages\starlette\applications.py", 
line 113, in __call__
    await self.middleware_stack(scope, receive, send)
  File "C:\Users\ismai\Documents\GitHub\New-Data-Fraud-detection\backend\.venv\Lib\site-packages\starlette\middleware\e
rrors.py", line 187, in __call__
    raise exc
  File "C:\Users\ismai\Documents\GitHub\New-Data-Fraud-detection\backend\.venv\Lib\site-packages\starlette\middleware\e
rrors.py", line 165, in __call__
    await self.app(scope, receive, _send)
  File "C:\Users\ismai\Documents\GitHub\New-Data-Fraud-detection\backend\.venv\Lib\site-packages\starlette\middleware\c
ors.py", line 85, in __call__
    await self.app(scope, receive, send)
  File "C:\Users\ismai\Documents\GitHub\New-Data-Fraud-detection\backend\.venv\Lib\site-packages\starlette\middleware\e
xceptions.py", line 62, in __call__
    await wrap_app_handling_exceptions(self.app, conn)(scope, receive, send)
  File "C:\Users\ismai\Documents\GitHub\New-Data-Fraud-detection\backend\.venv\Lib\site-packages\starlette\_exception_h
andler.py", line 53, in wrapped_app
    raise exc
  File "C:\Users\ismai\Documents\GitHub\New-Data-Fraud-detection\backend\.venv\Lib\site-packages\starlette\_exception_h
andler.py", line 42, in wrapped_app
    await app(scope, receive, sender)
  File 
"C:\Users\ismai\Documents\GitHub\New-Data-Fraud-detection\backend\.venv\Lib\site-packages\starlette\routing.py", line 
715, in __call__
    await self.middleware_stack(scope, receive, send)
  File 
"C:\Users\ismai\Documents\GitHub\New-Data-Fraud-detection\backend\.venv\Lib\site-packages\starlette\routing.py", line 
735, in app
    await route.handle(scope, receive, send)
  File 
"C:\Users\ismai\Documents\GitHub\New-Data-Fraud-detection\backend\.venv\Lib\site-packages\starlette\routing.py", line 
288, in handle
    await self.app(scope, receive, send)
  File 
"C:\Users\ismai\Documents\GitHub\New-Data-Fraud-detection\backend\.venv\Lib\site-packages\starlette\routing.py", line 
76, in app
    await wrap_app_handling_exceptions(app, request)(scope, receive, send)
  File "C:\Users\ismai\Documents\GitHub\New-Data-Fraud-detection\backend\.venv\Lib\site-packages\starlette\_exception_h
andler.py", line 53, in wrapped_app
    raise exc
  File "C:\Users\ismai\Documents\GitHub\New-Data-Fraud-detection\backend\.venv\Lib\site-packages\starlette\_exception_h
andler.py", line 42, in wrapped_app
    await app(scope, receive, sender)
  File 
"C:\Users\ismai\Documents\GitHub\New-Data-Fraud-detection\backend\.venv\Lib\site-packages\starlette\routing.py", line 
73, in app
INFO:     127.0.0.1:50158 - "GET /api/analytics/risk-distribution HTTP/1.1" 500 Internal Server Error
    response = await f(request)
               ^^^^^^^^^^^^^^^^
  File "C:\Users\ismai\Documents\GitHub\New-Data-Fraud-detection\backend\.venv\Lib\site-packages\fastapi\routing.py", 
line 301, in app
    raw_response = await run_endpoint_function(
                   ^^^^^^^^^^^^^^^^^^^^^^^^^^^^
  File "C:\Users\ismai\Documents\GitHub\New-Data-Fraud-detection\backend\.venv\Lib\site-packages\fastapi\routing.py", 
line 214, in run_endpoint_function
    return await run_in_threadpool(dependant.call, **values)
           ^^^^^^^^^^^^^^^^^^^^^^^^^^^^^^^^^^^^^^^^^^^^^^^^^
  File 
"C:\Users\ismai\Documents\GitHub\New-Data-Fraud-detection\backend\.venv\Lib\site-packages\starlette\concurrency.py", 
line 39, in run_in_threadpool
    return await anyio.to_thread.run_sync(func, *args)
           ^^^^^^^^^^^^^^^^^^^^^^^^^^^^^^^^^^^^^^^^^^^
  File "C:\Users\ismai\Documents\GitHub\New-Data-Fraud-detection\backend\.venv\Lib\site-packages\anyio\to_thread.py", 
line 65, in run_sync
    return await get_async_backend().run_sync_in_worker_thread(
           ^^^^^^^^^^^^^^^^^^^^^^^^^^^^^^^^^^^^^^^^^^^^^^^^^^^^
  File "C:\Users\ismai\Documents\GitHub\New-Data-Fraud-detection\backend\.venv\Lib\site-packages\anyio\_backends\_async
io.py", line 2706, in run_sync_in_worker_thread
    return await future
           ^^^^^^^^^^^^
  File "C:\Users\ismai\Documents\GitHub\New-Data-Fraud-detection\backend\.venv\Lib\site-packages\anyio\_backends\_async
io.py", line 1100, in run
    result = context.run(func, *args)
             ^^^^^^^^^^^^^^^^^^^^^^^^
  File "C:\Users\ismai\Documents\GitHub\New-Data-Fraud-detection\backend\app\routers\dashboard.py", line 194, in 
get_risk_distribution
    rows = session.execute(sql).mappings().all()
           ^^^^^^^^^^^^^^^^^^^^
  File 
"C:\Users\ismai\Documents\GitHub\New-Data-Fraud-detection\backend\.venv\Lib\site-packages\sqlalchemy\orm\session.py", 
line 2362, in execute
    return self._execute_internal(
           ^^^^^^^^^^^^^^^^^^^^^^^
  File 
"C:\Users\ismai\Documents\GitHub\New-Data-Fraud-detection\backend\.venv\Lib\site-packages\sqlalchemy\orm\session.py", 
line 2237, in _execute_internal
    conn = self._connection_for_bind(bind)
           ^^^^^^^^^^^^^^^^^^^^^^^^^^^^^^^
  File 
"C:\Users\ismai\Documents\GitHub\New-Data-Fraud-detection\backend\.venv\Lib\site-packages\sqlalchemy\orm\session.py", 
line 2106, in _connection_for_bind
    return trans._connection_for_bind(engine, execution_options)
           ^^^^^^^^^^^^^^^^^^^^^^^^^^^^^^^^^^^^^^^^^^^^^^^^^^^^^
  File "<string>", line 2, in _connection_for_bind
  File "C:\Users\ismai\Documents\GitHub\New-Data-Fraud-detection\backend\.venv\Lib\site-packages\sqlalchemy\orm\state_c
hanges.py", line 139, in _go
    ret_value = fn(self, *arg, **kw)
                ^^^^^^^^^^^^^^^^^^^^
  File 
"C:\Users\ismai\Documents\GitHub\New-Data-Fraud-detection\backend\.venv\Lib\site-packages\sqlalchemy\orm\session.py", 
line 1189, in _connection_for_bind
    conn = bind.connect()
           ^^^^^^^^^^^^^^
  File 
"C:\Users\ismai\Documents\GitHub\New-Data-Fraud-detection\backend\.venv\Lib\site-packages\sqlalchemy\engine\base.py", 
line 3278, in connect
    return self._connection_cls(self)
           ^^^^^^^^^^^^^^^^^^^^^^^^^^
  File 
"C:\Users\ismai\Documents\GitHub\New-Data-Fraud-detection\backend\.venv\Lib\site-packages\sqlalchemy\engine\base.py", 
line 148, in __init__
    Connection._handle_dbapi_exception_noconnection(
  File 
"C:\Users\ismai\Documents\GitHub\New-Data-Fraud-detection\backend\.venv\Lib\site-packages\sqlalchemy\engine\base.py", 
line 2442, in _handle_dbapi_exception_noconnection
    raise sqlalchemy_exception.with_traceback(exc_info[2]) from e
  File 
"C:\Users\ismai\Documents\GitHub\New-Data-Fraud-detection\backend\.venv\Lib\site-packages\sqlalchemy\engine\base.py", 
line 146, in __init__
    self._dbapi_connection = engine.raw_connection()
                             ^^^^^^^^^^^^^^^^^^^^^^^
  File 
"C:\Users\ismai\Documents\GitHub\New-Data-Fraud-detection\backend\.venv\Lib\site-packages\sqlalchemy\engine\base.py", 
line 3302, in raw_connection
    return self.pool.connect()
           ^^^^^^^^^^^^^^^^^^^
  File 
"C:\Users\ismai\Documents\GitHub\New-Data-Fraud-detection\backend\.venv\Lib\site-packages\sqlalchemy\pool\base.py", 
line 449, in connect
    return _ConnectionFairy._checkout(self)
           ^^^^^^^^^^^^^^^^^^^^^^^^^^^^^^^^
  File 
"C:\Users\ismai\Documents\GitHub\New-Data-Fraud-detection\backend\.venv\Lib\site-packages\sqlalchemy\pool\base.py", 
line 1263, in _checkout
    fairy = _ConnectionRecord.checkout(pool)
            ^^^^^^^^^^^^^^^^^^^^^^^^^^^^^^^^
  File 
"C:\Users\ismai\Documents\GitHub\New-Data-Fraud-detection\backend\.venv\Lib\site-packages\sqlalchemy\pool\base.py", 
line 712, in checkout
    rec = pool._do_get()
          ^^^^^^^^^^^^^^
  File 
"C:\Users\ismai\Documents\GitHub\New-Data-Fraud-detection\backend\.venv\Lib\site-packages\sqlalchemy\pool\impl.py", 
line 179, in _do_get
    with util.safe_reraise():
  File "C:\Users\ismai\Documents\GitHub\New-Data-Fraud-detection\backend\.venv\Lib\site-packages\sqlalchemy\util\langhe
lpers.py", line 146, in __exit__
    raise exc_value.with_traceback(exc_tb)
  File 
"C:\Users\ismai\Documents\GitHub\New-Data-Fraud-detection\backend\.venv\Lib\site-packages\sqlalchemy\pool\impl.py", 
line 177, in _do_get
    return self._create_connection()
           ^^^^^^^^^^^^^^^^^^^^^^^^^
  File 
"C:\Users\ismai\Documents\GitHub\New-Data-Fraud-detection\backend\.venv\Lib\site-packages\sqlalchemy\pool\base.py", 
line 390, in _create_connection
    return _ConnectionRecord(self)
           ^^^^^^^^^^^^^^^^^^^^^^^
  File 
"C:\Users\ismai\Documents\GitHub\New-Data-Fraud-detection\backend\.venv\Lib\site-packages\sqlalchemy\pool\base.py", 
line 674, in __init__
    self.__connect()
  File 
"C:\Users\ismai\Documents\GitHub\New-Data-Fraud-detection\backend\.venv\Lib\site-packages\sqlalchemy\pool\base.py", 
line 900, in __connect
    with util.safe_reraise():
  File "C:\Users\ismai\Documents\GitHub\New-Data-Fraud-detection\backend\.venv\Lib\site-packages\sqlalchemy\util\langhe
lpers.py", line 146, in __exit__
    raise exc_value.with_traceback(exc_tb)
  File 
"C:\Users\ismai\Documents\GitHub\New-Data-Fraud-detection\backend\.venv\Lib\site-packages\sqlalchemy\pool\base.py", 
line 896, in __connect
    self.dbapi_connection = connection = pool._invoke_creator(self)
                                         ^^^^^^^^^^^^^^^^^^^^^^^^^^
  File "C:\Users\ismai\Documents\GitHub\New-Data-Fraud-detection\backend\.venv\Lib\site-packages\sqlalchemy\engine\crea
te.py", line 643, in connect
    return dialect.connect(*cargs, **cparams)
           ^^^^^^^^^^^^^^^^^^^^^^^^^^^^^^^^^^
  File "C:\Users\ismai\Documents\GitHub\New-Data-Fraud-detection\backend\.venv\Lib\site-packages\sqlalchemy\engine\defa
ult.py", line 621, in connect
    return self.loaded_dbapi.connect(*cargs, **cparams)
           ^^^^^^^^^^^^^^^^^^^^^^^^^^^^^^^^^^^^^^^^^^^^
  File 
"C:\Users\ismai\Documents\GitHub\New-Data-Fraud-detection\backend\.venv\Lib\site-packages\psycopg2\__init__.py", line 
122, in connect
    conn = _connect(dsn, connection_factory=connection_factory, **kwasync)
           ^^^^^^^^^^^^^^^^^^^^^^^^^^^^^^^^^^^^^^^^^^^^^^^^^^^^^^^^^^^^^^^
sqlalchemy.exc.OperationalError: (psycopg2.OperationalError) connection to server at "localhost" (::1), port 5432 
failed: Connection refused (0x0000274D/10061)
	Is the server running on that host and accepting TCP/IP connections?
connection to server at "localhost" (127.0.0.1), port 5432 failed: Connection refused (0x0000274D/10061)
	Is the server running on that host and accepting TCP/IP connections?

(Background on this error at: https://sqlalche.me/e/20/e3q8)
INFO:     127.0.0.1:49688 - "GET /api/dashboard/summary HTTP/1.1" 200 OK
INFO:     127.0.0.1:49689 - "GET /openapi.json HTTP/1.1" 200 OK
INFO:     127.0.0.1:49690 - "GET /openapi.json HTTP/1.1" 200 OK
INFO:     127.0.0.1:49691 - "GET /api/kpis HTTP/1.1" 500 Internal Server Error
ERROR:    Exception in ASGI application
Traceback (most recent call last):
  File 
"C:\Users\ismai\Documents\GitHub\New-Data-Fraud-detection\backend\.venv\Lib\site-packages\sqlalchemy\engine\base.py", 
line 146, in __init__
    self._dbapi_connection = engine.raw_connection()
                             ^^^^^^^^^^^^^^^^^^^^^^^
  File 
"C:\Users\ismai\Documents\GitHub\New-Data-Fraud-detection\backend\.venv\Lib\site-packages\sqlalchemy\engine\base.py", 
line 3302, in raw_connection
    return self.pool.connect()
           ^^^^^^^^^^^^^^^^^^^
  File 
"C:\Users\ismai\Documents\GitHub\New-Data-Fraud-detection\backend\.venv\Lib\site-packages\sqlalchemy\pool\base.py", 
line 449, in connect
    return _ConnectionFairy._checkout(self)
           ^^^^^^^^^^^^^^^^^^^^^^^^^^^^^^^^
  File 
"C:\Users\ismai\Documents\GitHub\New-Data-Fraud-detection\backend\.venv\Lib\site-packages\sqlalchemy\pool\base.py", 
line 1263, in _checkout
    fairy = _ConnectionRecord.checkout(pool)
            ^^^^^^^^^^^^^^^^^^^^^^^^^^^^^^^^
  File 
"C:\Users\ismai\Documents\GitHub\New-Data-Fraud-detection\backend\.venv\Lib\site-packages\sqlalchemy\pool\base.py", 
line 712, in checkout
    rec = pool._do_get()
          ^^^^^^^^^^^^^^
  File 
"C:\Users\ismai\Documents\GitHub\New-Data-Fraud-detection\backend\.venv\Lib\site-packages\sqlalchemy\pool\impl.py", 
line 179, in _do_get
    with util.safe_reraise():
  File "C:\Users\ismai\Documents\GitHub\New-Data-Fraud-detection\backend\.venv\Lib\site-packages\sqlalchemy\util\langhe
lpers.py", line 146, in __exit__
    raise exc_value.with_traceback(exc_tb)
  File 
"C:\Users\ismai\Documents\GitHub\New-Data-Fraud-detection\backend\.venv\Lib\site-packages\sqlalchemy\pool\impl.py", 
line 177, in _do_get
    return self._create_connection()
           ^^^^^^^^^^^^^^^^^^^^^^^^^
  File 
"C:\Users\ismai\Documents\GitHub\New-Data-Fraud-detection\backend\.venv\Lib\site-packages\sqlalchemy\pool\base.py", 
line 390, in _create_connection
    return _ConnectionRecord(self)
           ^^^^^^^^^^^^^^^^^^^^^^^
  File 
"C:\Users\ismai\Documents\GitHub\New-Data-Fraud-detection\backend\.venv\Lib\site-packages\sqlalchemy\pool\base.py", 
line 674, in __init__
    self.__connect()
  File 
"C:\Users\ismai\Documents\GitHub\New-Data-Fraud-detection\backend\.venv\Lib\site-packages\sqlalchemy\pool\base.py", 
line 900, in __connect
    with util.safe_reraise():
  File "C:\Users\ismai\Documents\GitHub\New-Data-Fraud-detection\backend\.venv\Lib\site-packages\sqlalchemy\util\langhe
lpers.py", line 146, in __exit__
    raise exc_value.with_traceback(exc_tb)
  File 
"C:\Users\ismai\Documents\GitHub\New-Data-Fraud-detection\backend\.venv\Lib\site-packages\sqlalchemy\pool\base.py", 
line 896, in __connect
    self.dbapi_connection = connection = pool._invoke_creator(self)
                                         ^^^^^^^^^^^^^^^^^^^^^^^^^^
  File "C:\Users\ismai\Documents\GitHub\New-Data-Fraud-detection\backend\.venv\Lib\site-packages\sqlalchemy\engine\crea
te.py", line 643, in connect
    return dialect.connect(*cargs, **cparams)
           ^^^^^^^^^^^^^^^^^^^^^^^^^^^^^^^^^^
  File "C:\Users\ismai\Documents\GitHub\New-Data-Fraud-detection\backend\.venv\Lib\site-packages\sqlalchemy\engine\defa
ult.py", line 621, in connect
    return self.loaded_dbapi.connect(*cargs, **cparams)
           ^^^^^^^^^^^^^^^^^^^^^^^^^^^^^^^^^^^^^^^^^^^^
  File 
"C:\Users\ismai\Documents\GitHub\New-Data-Fraud-detection\backend\.venv\Lib\site-packages\psycopg2\__init__.py", line 
122, in connect
    conn = _connect(dsn, connection_factory=connection_factory, **kwasync)
           ^^^^^^^^^^^^^^^^^^^^^^^^^^^^^^^^^^^^^^^^^^^^^^^^^^^^^^^^^^^^^^^
psycopg2.OperationalError: connection to server at "localhost" (::1), port 5432 failed: Connection refused 
(0x0000274D/10061)
	Is the server running on that host and accepting TCP/IP connections?
connection to server at "localhost" (127.0.0.1), port 5432 failed: Connection refused (0x0000274D/10061)
	Is the server running on that host and accepting TCP/IP connections?


The above exception was the direct cause of the following exception:

Traceback (most recent call last):
  File "C:\Users\ismai\Documents\GitHub\New-Data-Fraud-detection\backend\.venv\Lib\site-packages\uvicorn\protocols\http
\httptools_impl.py", line 409, in run_asgi
    result = await app(  # type: ignore[func-returns-value]
             ^^^^^^^^^^^^^^^^^^^^^^^^^^^^^^^^^^^^^^^^^^^^^^
  File "C:\Users\ismai\Documents\GitHub\New-Data-Fraud-detection\backend\.venv\Lib\site-packages\uvicorn\middleware\pro
xy_headers.py", line 60, in __call__
    return await self.app(scope, receive, send)
           ^^^^^^^^^^^^^^^^^^^^^^^^^^^^^^^^^^^^
  File 
"C:\Users\ismai\Documents\GitHub\New-Data-Fraud-detection\backend\.venv\Lib\site-packages\fastapi\applications.py", 
line 1054, in __call__
    await super().__call__(scope, receive, send)
  File 
"C:\Users\ismai\Documents\GitHub\New-Data-Fraud-detection\backend\.venv\Lib\site-packages\starlette\applications.py", 
line 113, in __call__
    await self.middleware_stack(scope, receive, send)
  File "C:\Users\ismai\Documents\GitHub\New-Data-Fraud-detection\backend\.venv\Lib\site-packages\starlette\middleware\e
rrors.py", line 187, in __call__
    raise exc
  File "C:\Users\ismai\Documents\GitHub\New-Data-Fraud-detection\backend\.venv\Lib\site-packages\starlette\middleware\e
rrors.py", line 165, in __call__
    await self.app(scope, receive, _send)
  File "C:\Users\ismai\Documents\GitHub\New-Data-Fraud-detection\backend\.venv\Lib\site-packages\starlette\middleware\c
ors.py", line 85, in __call__
    await self.app(scope, receive, send)
  File "C:\Users\ismai\Documents\GitHub\New-Data-Fraud-detection\backend\.venv\Lib\site-packages\starlette\middleware\e
xceptions.py", line 62, in __call__
    await wrap_app_handling_exceptions(self.app, conn)(scope, receive, send)
  File "C:\Users\ismai\Documents\GitHub\New-Data-Fraud-detection\backend\.venv\Lib\site-packages\starlette\_exception_h
andler.py", line 53, in wrapped_app
    raise exc
  File "C:\Users\ismai\Documents\GitHub\New-Data-Fraud-detection\backend\.venv\Lib\site-packages\starlette\_exception_h
andler.py", line 42, in wrapped_app
    await app(scope, receive, sender)
  File 
"C:\Users\ismai\Documents\GitHub\New-Data-Fraud-detection\backend\.venv\Lib\site-packages\starlette\routing.py", line 
715, in __call__
    await self.middleware_stack(scope, receive, send)
  File 
"C:\Users\ismai\Documents\GitHub\New-Data-Fraud-detection\backend\.venv\Lib\site-packages\starlette\routing.py", line 
735, in app
    await route.handle(scope, receive, send)
  File 
"C:\Users\ismai\Documents\GitHub\New-Data-Fraud-detection\backend\.venv\Lib\site-packages\starlette\routing.py", line 
288, in handle
    await self.app(scope, receive, send)
  File 
"C:\Users\ismai\Documents\GitHub\New-Data-Fraud-detection\backend\.venv\Lib\site-packages\starlette\routing.py", line 
76, in app
    await wrap_app_handling_exceptions(app, request)(scope, receive, send)
  File "C:\Users\ismai\Documents\GitHub\New-Data-Fraud-detection\backend\.venv\Lib\site-packages\starlette\_exception_h
andler.py", line 53, in wrapped_app
    raise exc
  File "C:\Users\ismai\Documents\GitHub\New-Data-Fraud-detection\backend\.venv\Lib\site-packages\starlette\_exception_h
andler.py", line 42, in wrapped_app
    await app(scope, receive, sender)
  File 
"C:\Users\ismai\Documents\GitHub\New-Data-Fraud-detection\backend\.venv\Lib\site-packages\starlette\routing.py", line 
73, in app
    response = await f(request)
               ^^^^^^^^^^^^^^^^
  File "C:\Users\ismai\Documents\GitHub\New-Data-Fraud-detection\backend\.venv\Lib\site-packages\fastapi\routing.py", 
line 301, in app
    raw_response = await run_endpoint_function(
                   ^^^^^^^^^^^^^^^^^^^^^^^^^^^^
  File "C:\Users\ismai\Documents\GitHub\New-Data-Fraud-detection\backend\.venv\Lib\site-packages\fastapi\routing.py", 
line 214, in run_endpoint_function
    return await run_in_threadpool(dependant.call, **values)
           ^^^^^^^^^^^^^^^^^^^^^^^^^^^^^^^^^^^^^^^^^^^^^^^^^
  File 
"C:\Users\ismai\Documents\GitHub\New-Data-Fraud-detection\backend\.venv\Lib\site-packages\starlette\concurrency.py", 
line 39, in run_in_threadpool
    return await anyio.to_thread.run_sync(func, *args)
           ^^^^^^^^^^^^^^^^^^^^^^^^^^^^^^^^^^^^^^^^^^^
  File "C:\Users\ismai\Documents\GitHub\New-Data-Fraud-detection\backend\.venv\Lib\site-packages\anyio\to_thread.py", 
line 65, in run_sync
    return await get_async_backend().run_sync_in_worker_thread(
           ^^^^^^^^^^^^^^^^^^^^^^^^^^^^^^^^^^^^^^^^^^^^^^^^^^^^
  File "C:\Users\ismai\Documents\GitHub\New-Data-Fraud-detection\backend\.venv\Lib\site-packages\anyio\_backends\_async
io.py", line 2706, in run_sync_in_worker_thread
    return await future
           ^^^^^^^^^^^^
  File "C:\Users\ismai\Documents\GitHub\New-Data-Fraud-detection\backend\.venv\Lib\site-packages\anyio\_backends\_async
io.py", line 1100, in run
    result = context.run(func, *args)
             ^^^^^^^^^^^^^^^^^^^^^^^^
  File "C:\Users\ismai\Documents\GitHub\New-Data-Fraud-detection\backend\app\routers\dashboard.py", line 59, in 
get_kpis
    row = session.execute(sql, params).mappings().one()
          ^^^^^^^^^^^^^^^^^^^^^^^^^^^^
  File 
"C:\Users\ismai\Documents\GitHub\New-Data-Fraud-detection\backend\.venv\Lib\site-packages\sqlalchemy\orm\session.py", 
line 2362, in execute
    return self._execute_internal(
           ^^^^^^^^^^^^^^^^^^^^^^^
  File 
"C:\Users\ismai\Documents\GitHub\New-Data-Fraud-detection\backend\.venv\Lib\site-packages\sqlalchemy\orm\session.py", 
line 2237, in _execute_internal
    conn = self._connection_for_bind(bind)
           ^^^^^^^^^^^^^^^^^^^^^^^^^^^^^^^
  File 
"C:\Users\ismai\Documents\GitHub\New-Data-Fraud-detection\backend\.venv\Lib\site-packages\sqlalchemy\orm\session.py", 
line 2106, in _connection_for_bind
    return trans._connection_for_bind(engine, execution_options)
           ^^^^^^^^^^^^^^^^^^^^^^^^^^^^^^^^^^^^^^^^^^^^^^^^^^^^^
  File "<string>", line 2, in _connection_for_bind
  File "C:\Users\ismai\Documents\GitHub\New-Data-Fraud-detection\backend\.venv\Lib\site-packages\sqlalchemy\orm\state_c
hanges.py", line 139, in _go
    ret_value = fn(self, *arg, **kw)
                ^^^^^^^^^^^^^^^^^^^^
  File 
"C:\Users\ismai\Documents\GitHub\New-Data-Fraud-detection\backend\.venv\Lib\site-packages\sqlalchemy\orm\session.py", 
line 1189, in _connection_for_bind
    conn = bind.connect()
           ^^^^^^^^^^^^^^
  File 
"C:\Users\ismai\Documents\GitHub\New-Data-Fraud-detection\backend\.venv\Lib\site-packages\sqlalchemy\engine\base.py", 
line 3278, in connect
    return self._connection_cls(self)
           ^^^^^^^^^^^^^^^^^^^^^^^^^^
  File 
"C:\Users\ismai\Documents\GitHub\New-Data-Fraud-detection\backend\.venv\Lib\site-packages\sqlalchemy\engine\base.py", 
line 148, in __init__
    Connection._handle_dbapi_exception_noconnection(
  File 
"C:\Users\ismai\Documents\GitHub\New-Data-Fraud-detection\backend\.venv\Lib\site-packages\sqlalchemy\engine\base.py", 
line 2442, in _handle_dbapi_exception_noconnection
    raise sqlalchemy_exception.with_traceback(exc_info[2]) from e
  File 
"C:\Users\ismai\Documents\GitHub\New-Data-Fraud-detection\backend\.venv\Lib\site-packages\sqlalchemy\engine\base.py", 
line 146, in __init__
    self._dbapi_connection = engine.raw_connection()
                             ^^^^^^^^^^^^^^^^^^^^^^^
  File 
"C:\Users\ismai\Documents\GitHub\New-Data-Fraud-detection\backend\.venv\Lib\site-packages\sqlalchemy\engine\base.py", 
line 3302, in raw_connection
    return self.pool.connect()
           ^^^^^^^^^^^^^^^^^^^
  File 
"C:\Users\ismai\Documents\GitHub\New-Data-Fraud-detection\backend\.venv\Lib\site-packages\sqlalchemy\pool\base.py", 
line 449, in connect
    return _ConnectionFairy._checkout(self)
           ^^^^^^^^^^^^^^^^^^^^^^^^^^^^^^^^
  File 
"C:\Users\ismai\Documents\GitHub\New-Data-Fraud-detection\backend\.venv\Lib\site-packages\sqlalchemy\pool\base.py", 
line 1263, in _checkout
    fairy = _ConnectionRecord.checkout(pool)
            ^^^^^^^^^^^^^^^^^^^^^^^^^^^^^^^^
  File 
"C:\Users\ismai\Documents\GitHub\New-Data-Fraud-detection\backend\.venv\Lib\site-packages\sqlalchemy\pool\base.py", 
line 712, in checkout
    rec = pool._do_get()
          ^^^^^^^^^^^^^^
  File 
"C:\Users\ismai\Documents\GitHub\New-Data-Fraud-detection\backend\.venv\Lib\site-packages\sqlalchemy\pool\impl.py", 
line 179, in _do_get
    with util.safe_reraise():
  File "C:\Users\ismai\Documents\GitHub\New-Data-Fraud-detection\backend\.venv\Lib\site-packages\sqlalchemy\util\langhe
lpers.py", line 146, in __exit__
    raise exc_value.with_traceback(exc_tb)
  File 
"C:\Users\ismai\Documents\GitHub\New-Data-Fraud-detection\backend\.venv\Lib\site-packages\sqlalchemy\pool\impl.py", 
line 177, in _do_get
    return self._create_connection()
           ^^^^^^^^^^^^^^^^^^^^^^^^^
  File 
"C:\Users\ismai\Documents\GitHub\New-Data-Fraud-detection\backend\.venv\Lib\site-packages\sqlalchemy\pool\base.py", 
line 390, in _create_connection
    return _ConnectionRecord(self)
           ^^^^^^^^^^^^^^^^^^^^^^^
  File 
"C:\Users\ismai\Documents\GitHub\New-Data-Fraud-detection\backend\.venv\Lib\site-packages\sqlalchemy\pool\base.py", 
line 674, in __init__
    self.__connect()
  File 
"C:\Users\ismai\Documents\GitHub\New-Data-Fraud-detection\backend\.venv\Lib\site-packages\sqlalchemy\pool\base.py", 
line 900, in __connect
    with util.safe_reraise():
  File "C:\Users\ismai\Documents\GitHub\New-Data-Fraud-detection\backend\.venv\Lib\site-packages\sqlalchemy\util\langhe
lpers.py", line 146, in __exit__
    raise exc_value.with_traceback(exc_tb)
  File 
"C:\Users\ismai\Documents\GitHub\New-Data-Fraud-detection\backend\.venv\Lib\site-packages\sqlalchemy\pool\base.py", 
line 896, in __connect
    self.dbapi_connection = connection = pool._invoke_creator(self)
                                         ^^^^^^^^^^^^^^^^^^^^^^^^^^
  File "C:\Users\ismai\Documents\GitHub\New-Data-Fraud-detection\backend\.venv\Lib\site-packages\sqlalchemy\engine\crea
te.py", line 643, in connect
    return dialect.connect(*cargs, **cparams)
           ^^^^^^^^^^^^^^^^^^^^^^^^^^^^^^^^^^
  File "C:\Users\ismai\Documents\GitHub\New-Data-Fraud-detection\backend\.venv\Lib\site-packages\sqlalchemy\engine\defa
ult.py", line 621, in connect
    return self.loaded_dbapi.connect(*cargs, **cparams)
           ^^^^^^^^^^^^^^^^^^^^^^^^^^^^^^^^^^^^^^^^^^^^
  File 
"C:\Users\ismai\Documents\GitHub\New-Data-Fraud-detection\backend\.venv\Lib\site-packages\psycopg2\__init__.py", line 
122, in connect
    conn = _connect(dsn, connection_factory=connection_factory, **kwasync)
           ^^^^^^^^^^^^^^^^^^^^^^^^^^^^^^^^^^^^^^^^^^^^^^^^^^^^^^^^^^^^^^^
sqlalchemy.exc.OperationalError: (psycopg2.OperationalError) connection to server at "localhost" (::1), port 5432 
failed: Connection refused (0x0000274D/10061)
	Is the server running on that host and accepting TCP/IP connections?
connection to server at "localhost" (127.0.0.1), port 5432 failed: Connection refused (0x0000274D/10061)
	Is the server running on that host and accepting TCP/IP connections?

(Background on this error at: https://sqlalche.me/e/20/e3q8)
INFO:     127.0.0.1:49697 - "GET /api/system-health HTTP/1.1" 200 OK
INFO:     127.0.0.1:49700 - "GET /api/analytics/daily HTTP/1.1" 500 Internal Server Error
ERROR:    Exception in ASGI application
Traceback (most recent call last):
  File 
"C:\Users\ismai\Documents\GitHub\New-Data-Fraud-detection\backend\.venv\Lib\site-packages\sqlalchemy\engine\base.py", 
line 146, in __init__
    self._dbapi_connection = engine.raw_connection()
                             ^^^^^^^^^^^^^^^^^^^^^^^
  File 
"C:\Users\ismai\Documents\GitHub\New-Data-Fraud-detection\backend\.venv\Lib\site-packages\sqlalchemy\engine\base.py", 
line 3302, in raw_connection
    return self.pool.connect()
           ^^^^^^^^^^^^^^^^^^^
  File 
"C:\Users\ismai\Documents\GitHub\New-Data-Fraud-detection\backend\.venv\Lib\site-packages\sqlalchemy\pool\base.py", 
line 449, in connect
    return _ConnectionFairy._checkout(self)
           ^^^^^^^^^^^^^^^^^^^^^^^^^^^^^^^^
  File 
"C:\Users\ismai\Documents\GitHub\New-Data-Fraud-detection\backend\.venv\Lib\site-packages\sqlalchemy\pool\base.py", 
line 1263, in _checkout
    fairy = _ConnectionRecord.checkout(pool)
            ^^^^^^^^^^^^^^^^^^^^^^^^^^^^^^^^
  File 
"C:\Users\ismai\Documents\GitHub\New-Data-Fraud-detection\backend\.venv\Lib\site-packages\sqlalchemy\pool\base.py", 
line 712, in checkout
    rec = pool._do_get()
          ^^^^^^^^^^^^^^
  File 
"C:\Users\ismai\Documents\GitHub\New-Data-Fraud-detection\backend\.venv\Lib\site-packages\sqlalchemy\pool\impl.py", 
line 179, in _do_get
    with util.safe_reraise():
  File "C:\Users\ismai\Documents\GitHub\New-Data-Fraud-detection\backend\.venv\Lib\site-packages\sqlalchemy\util\langhe
lpers.py", line 146, in __exit__
    raise exc_value.with_traceback(exc_tb)
  File 
"C:\Users\ismai\Documents\GitHub\New-Data-Fraud-detection\backend\.venv\Lib\site-packages\sqlalchemy\pool\impl.py", 
line 177, in _do_get
    return self._create_connection()
           ^^^^^^^^^^^^^^^^^^^^^^^^^
  File 
"C:\Users\ismai\Documents\GitHub\New-Data-Fraud-detection\backend\.venv\Lib\site-packages\sqlalchemy\pool\base.py", 
line 390, in _create_connection
    return _ConnectionRecord(self)
           ^^^^^^^^^^^^^^^^^^^^^^^
  File 
"C:\Users\ismai\Documents\GitHub\New-Data-Fraud-detection\backend\.venv\Lib\site-packages\sqlalchemy\pool\base.py", 
line 674, in __init__
    self.__connect()
  File 
"C:\Users\ismai\Documents\GitHub\New-Data-Fraud-detection\backend\.venv\Lib\site-packages\sqlalchemy\pool\base.py", 
line 900, in __connect
    with util.safe_reraise():
  File "C:\Users\ismai\Documents\GitHub\New-Data-Fraud-detection\backend\.venv\Lib\site-packages\sqlalchemy\util\langhe
lpers.py", line 146, in __exit__
    raise exc_value.with_traceback(exc_tb)
  File 
"C:\Users\ismai\Documents\GitHub\New-Data-Fraud-detection\backend\.venv\Lib\site-packages\sqlalchemy\pool\base.py", 
line 896, in __connect
    self.dbapi_connection = connection = pool._invoke_creator(self)
                                         ^^^^^^^^^^^^^^^^^^^^^^^^^^
  File "C:\Users\ismai\Documents\GitHub\New-Data-Fraud-detection\backend\.venv\Lib\site-packages\sqlalchemy\engine\crea
te.py", line 643, in connect
    return dialect.connect(*cargs, **cparams)
           ^^^^^^^^^^^^^^^^^^^^^^^^^^^^^^^^^^
  File "C:\Users\ismai\Documents\GitHub\New-Data-Fraud-detection\backend\.venv\Lib\site-packages\sqlalchemy\engine\defa
ult.py", line 621, in connect
    return self.loaded_dbapi.connect(*cargs, **cparams)
           ^^^^^^^^^^^^^^^^^^^^^^^^^^^^^^^^^^^^^^^^^^^^
  File 
"C:\Users\ismai\Documents\GitHub\New-Data-Fraud-detection\backend\.venv\Lib\site-packages\psycopg2\__init__.py", line 
122, in connect
    conn = _connect(dsn, connection_factory=connection_factory, **kwasync)
           ^^^^^^^^^^^^^^^^^^^^^^^^^^^^^^^^^^^^^^^^^^^^^^^^^^^^^^^^^^^^^^^
psycopg2.OperationalError: connection to server at "localhost" (::1), port 5432 failed: Connection refused 
(0x0000274D/10061)
	Is the server running on that host and accepting TCP/IP connections?
connection to server at "localhost" (127.0.0.1), port 5432 failed: Connection refused (0x0000274D/10061)
	Is the server running on that host and accepting TCP/IP connections?


The above exception was the direct cause of the following exception:

Traceback (most recent call last):
  File "C:\Users\ismai\Documents\GitHub\New-Data-Fraud-detection\backend\.venv\Lib\site-packages\uvicorn\protocols\http
\httptools_impl.py", line 409, in run_asgi
    result = await app(  # type: ignore[func-returns-value]
             ^^^^^^^^^^^^^^^^^^^^^^^^^^^^^^^^^^^^^^^^^^^^^^
  File "C:\Users\ismai\Documents\GitHub\New-Data-Fraud-detection\backend\.venv\Lib\site-packages\uvicorn\middleware\pro
xy_headers.py", line 60, in __call__
    return await self.app(scope, receive, send)
           ^^^^^^^^^^^^^^^^^^^^^^^^^^^^^^^^^^^^
  File 
"C:\Users\ismai\Documents\GitHub\New-Data-Fraud-detection\backend\.venv\Lib\site-packages\fastapi\applications.py", 
line 1054, in __call__
    await super().__call__(scope, receive, send)
  File 
"C:\Users\ismai\Documents\GitHub\New-Data-Fraud-detection\backend\.venv\Lib\site-packages\starlette\applications.py", 
line 113, in __call__
    await self.middleware_stack(scope, receive, send)
  File "C:\Users\ismai\Documents\GitHub\New-Data-Fraud-detection\backend\.venv\Lib\site-packages\starlette\middleware\e
rrors.py", line 187, in __call__
    raise exc
  File "C:\Users\ismai\Documents\GitHub\New-Data-Fraud-detection\backend\.venv\Lib\site-packages\starlette\middleware\e
rrors.py", line 165, in __call__
    await self.app(scope, receive, _send)
  File "C:\Users\ismai\Documents\GitHub\New-Data-Fraud-detection\backend\.venv\Lib\site-packages\starlette\middleware\c
ors.py", line 85, in __call__
    await self.app(scope, receive, send)
  File "C:\Users\ismai\Documents\GitHub\New-Data-Fraud-detection\backend\.venv\Lib\site-packages\starlette\middleware\e
xceptions.py", line 62, in __call__
    await wrap_app_handling_exceptions(self.app, conn)(scope, receive, send)
  File "C:\Users\ismai\Documents\GitHub\New-Data-Fraud-detection\backend\.venv\Lib\site-packages\starlette\_exception_h
andler.py", line 53, in wrapped_app
    raise exc
  File "C:\Users\ismai\Documents\GitHub\New-Data-Fraud-detection\backend\.venv\Lib\site-packages\starlette\_exception_h
andler.py", line 42, in wrapped_app
    await app(scope, receive, sender)
  File 
"C:\Users\ismai\Documents\GitHub\New-Data-Fraud-detection\backend\.venv\Lib\site-packages\starlette\routing.py", line 
715, in __call__
    await self.middleware_stack(scope, receive, send)
  File 
"C:\Users\ismai\Documents\GitHub\New-Data-Fraud-detection\backend\.venv\Lib\site-packages\starlette\routing.py", line 
735, in app
    await route.handle(scope, receive, send)
  File 
"C:\Users\ismai\Documents\GitHub\New-Data-Fraud-detection\backend\.venv\Lib\site-packages\starlette\routing.py", line 
288, in handle
    await self.app(scope, receive, send)
  File 
"C:\Users\ismai\Documents\GitHub\New-Data-Fraud-detection\backend\.venv\Lib\site-packages\starlette\routing.py", line 
76, in app
    await wrap_app_handling_exceptions(app, request)(scope, receive, send)
  File "C:\Users\ismai\Documents\GitHub\New-Data-Fraud-detection\backend\.venv\Lib\site-packages\starlette\_exception_h
andler.py", line 53, in wrapped_app
    raise exc
  File "C:\Users\ismai\Documents\GitHub\New-Data-Fraud-detection\backend\.venv\Lib\site-packages\starlette\_exception_h
andler.py", line 42, in wrapped_app
    await app(scope, receive, sender)
  File 
"C:\Users\ismai\Documents\GitHub\New-Data-Fraud-detection\backend\.venv\Lib\site-packages\starlette\routing.py", line 
73, in app
    response = await f(request)
               ^^^^^^^^^^^^^^^^
  File "C:\Users\ismai\Documents\GitHub\New-Data-Fraud-detection\backend\.venv\Lib\site-packages\fastapi\routing.py", 
line 301, in app
    raw_response = await run_endpoint_function(
                   ^^^^^^^^^^^^^^^^^^^^^^^^^^^^
  File "C:\Users\ismai\Documents\GitHub\New-Data-Fraud-detection\backend\.venv\Lib\site-packages\fastapi\routing.py", 
line 214, in run_endpoint_function
    return await run_in_threadpool(dependant.call, **values)
           ^^^^^^^^^^^^^^^^^^^^^^^^^^^^^^^^^^^^^^^^^^^^^^^^^
  File 
"C:\Users\ismai\Documents\GitHub\New-Data-Fraud-detection\backend\.venv\Lib\site-packages\starlette\concurrency.py", 
line 39, in run_in_threadpool
    return await anyio.to_thread.run_sync(func, *args)
           ^^^^^^^^^^^^^^^^^^^^^^^^^^^^^^^^^^^^^^^^^^^
  File "C:\Users\ismai\Documents\GitHub\New-Data-Fraud-detection\backend\.venv\Lib\site-packages\anyio\to_thread.py", 
line 65, in run_sync
    return await get_async_backend().run_sync_in_worker_thread(
           ^^^^^^^^^^^^^^^^^^^^^^^^^^^^^^^^^^^^^^^^^^^^^^^^^^^^
  File "C:\Users\ismai\Documents\GitHub\New-Data-Fraud-detection\backend\.venv\Lib\site-packages\anyio\_backends\_async
io.py", line 2706, in run_sync_in_worker_thread
    return await future
           ^^^^^^^^^^^^
  File "C:\Users\ismai\Documents\GitHub\New-Data-Fraud-detection\backend\.venv\Lib\site-packages\anyio\_backends\_async
io.py", line 1100, in run
    result = context.run(func, *args)
             ^^^^^^^^^^^^^^^^^^^^^^^^
  File "C:\Users\ismai\Documents\GitHub\New-Data-Fraud-detection\backend\app\routers\dashboard.py", line 104, in 
get_daily_trend
    rows = session.execute(sql, params).mappings().all()
           ^^^^^^^^^^^^^^^^^^^^^^^^^^^^
  File 
"C:\Users\ismai\Documents\GitHub\New-Data-Fraud-detection\backend\.venv\Lib\site-packages\sqlalchemy\orm\session.py", 
line 2362, in execute
    return self._execute_internal(
           ^^^^^^^^^^^^^^^^^^^^^^^
  File 
"C:\Users\ismai\Documents\GitHub\New-Data-Fraud-detection\backend\.venv\Lib\site-packages\sqlalchemy\orm\session.py", 
line 2237, in _execute_internal
    conn = self._connection_for_bind(bind)
           ^^^^^^^^^^^^^^^^^^^^^^^^^^^^^^^
  File 
"C:\Users\ismai\Documents\GitHub\New-Data-Fraud-detection\backend\.venv\Lib\site-packages\sqlalchemy\orm\session.py", 
line 2106, in _connection_for_bind
    return trans._connection_for_bind(engine, execution_options)
           ^^^^^^^^^^^^^^^^^^^^^^^^^^^^^^^^^^^^^^^^^^^^^^^^^^^^^
  File "<string>", line 2, in _connection_for_bind
  File "C:\Users\ismai\Documents\GitHub\New-Data-Fraud-detection\backend\.venv\Lib\site-packages\sqlalchemy\orm\state_c
hanges.py", line 139, in _go
    ret_value = fn(self, *arg, **kw)
                ^^^^^^^^^^^^^^^^^^^^
  File 
"C:\Users\ismai\Documents\GitHub\New-Data-Fraud-detection\backend\.venv\Lib\site-packages\sqlalchemy\orm\session.py", 
line 1189, in _connection_for_bind
    conn = bind.connect()
           ^^^^^^^^^^^^^^
  File 
"C:\Users\ismai\Documents\GitHub\New-Data-Fraud-detection\backend\.venv\Lib\site-packages\sqlalchemy\engine\base.py", 
line 3278, in connect
    return self._connection_cls(self)
           ^^^^^^^^^^^^^^^^^^^^^^^^^^
  File 
"C:\Users\ismai\Documents\GitHub\New-Data-Fraud-detection\backend\.venv\Lib\site-packages\sqlalchemy\engine\base.py", 
line 148, in __init__
    Connection._handle_dbapi_exception_noconnection(
  File 
"C:\Users\ismai\Documents\GitHub\New-Data-Fraud-detection\backend\.venv\Lib\site-packages\sqlalchemy\engine\base.py", 
line 2442, in _handle_dbapi_exception_noconnection
    raise sqlalchemy_exception.with_traceback(exc_info[2]) from e
  File 
"C:\Users\ismai\Documents\GitHub\New-Data-Fraud-detection\backend\.venv\Lib\site-packages\sqlalchemy\engine\base.py", 
line 146, in __init__
    self._dbapi_connection = engine.raw_connection()
                             ^^^^^^^^^^^^^^^^^^^^^^^
  File 
"C:\Users\ismai\Documents\GitHub\New-Data-Fraud-detection\backend\.venv\Lib\site-packages\sqlalchemy\engine\base.py", 
line 3302, in raw_connection
    return self.pool.connect()
           ^^^^^^^^^^^^^^^^^^^
  File 
"C:\Users\ismai\Documents\GitHub\New-Data-Fraud-detection\backend\.venv\Lib\site-packages\sqlalchemy\pool\base.py", 
line 449, in connect
    return _ConnectionFairy._checkout(self)
           ^^^^^^^^^^^^^^^^^^^^^^^^^^^^^^^^
  File 
"C:\Users\ismai\Documents\GitHub\New-Data-Fraud-detection\backend\.venv\Lib\site-packages\sqlalchemy\pool\base.py", 
line 1263, in _checkout
    fairy = _ConnectionRecord.checkout(pool)
            ^^^^^^^^^^^^^^^^^^^^^^^^^^^^^^^^
  File 
"C:\Users\ismai\Documents\GitHub\New-Data-Fraud-detection\backend\.venv\Lib\site-packages\sqlalchemy\pool\base.py", 
line 712, in checkout
    rec = pool._do_get()
          ^^^^^^^^^^^^^^
  File 
"C:\Users\ismai\Documents\GitHub\New-Data-Fraud-detection\backend\.venv\Lib\site-packages\sqlalchemy\pool\impl.py", 
line 179, in _do_get
    with util.safe_reraise():
  File "C:\Users\ismai\Documents\GitHub\New-Data-Fraud-detection\backend\.venv\Lib\site-packages\sqlalchemy\util\langhe
lpers.py", line 146, in __exit__
    raise exc_value.with_traceback(exc_tb)
  File 
"C:\Users\ismai\Documents\GitHub\New-Data-Fraud-detection\backend\.venv\Lib\site-packages\sqlalchemy\pool\impl.py", 
line 177, in _do_get
    return self._create_connection()
           ^^^^^^^^^^^^^^^^^^^^^^^^^
  File 
"C:\Users\ismai\Documents\GitHub\New-Data-Fraud-detection\backend\.venv\Lib\site-packages\sqlalchemy\pool\base.py", 
line 390, in _create_connection
    return _ConnectionRecord(self)
           ^^^^^^^^^^^^^^^^^^^^^^^
  File 
"C:\Users\ismai\Documents\GitHub\New-Data-Fraud-detection\backend\.venv\Lib\site-packages\sqlalchemy\pool\base.py", 
line 674, in __init__
    self.__connect()
  File 
"C:\Users\ismai\Documents\GitHub\New-Data-Fraud-detection\backend\.venv\Lib\site-packages\sqlalchemy\pool\base.py", 
line 900, in __connect
    with util.safe_reraise():
  File "C:\Users\ismai\Documents\GitHub\New-Data-Fraud-detection\backend\.venv\Lib\site-packages\sqlalchemy\util\langhe
lpers.py", line 146, in __exit__
    raise exc_value.with_traceback(exc_tb)
  File 
"C:\Users\ismai\Documents\GitHub\New-Data-Fraud-detection\backend\.venv\Lib\site-packages\sqlalchemy\pool\base.py", 
line 896, in __connect
    self.dbapi_connection = connection = pool._invoke_creator(self)
                                         ^^^^^^^^^^^^^^^^^^^^^^^^^^
  File "C:\Users\ismai\Documents\GitHub\New-Data-Fraud-detection\backend\.venv\Lib\site-packages\sqlalchemy\engine\crea
te.py", line 643, in connect
    return dialect.connect(*cargs, **cparams)
           ^^^^^^^^^^^^^^^^^^^^^^^^^^^^^^^^^^
  File "C:\Users\ismai\Documents\GitHub\New-Data-Fraud-detection\backend\.venv\Lib\site-packages\sqlalchemy\engine\defa
ult.py", line 621, in connect
    return self.loaded_dbapi.connect(*cargs, **cparams)
           ^^^^^^^^^^^^^^^^^^^^^^^^^^^^^^^^^^^^^^^^^^^^
  File 
"C:\Users\ismai\Documents\GitHub\New-Data-Fraud-detection\backend\.venv\Lib\site-packages\psycopg2\__init__.py", line 
122, in connect
    conn = _connect(dsn, connection_factory=connection_factory, **kwasync)
           ^^^^^^^^^^^^^^^^^^^^^^^^^^^^^^^^^^^^^^^^^^^^^^^^^^^^^^^^^^^^^^^
sqlalchemy.exc.OperationalError: (psycopg2.OperationalError) connection to server at "localhost" (::1), port 5432 
failed: Connection refused (0x0000274D/10061)
	Is the server running on that host and accepting TCP/IP connections?
connection to server at "localhost" (127.0.0.1), port 5432 failed: Connection refused (0x0000274D/10061)
	Is the server running on that host and accepting TCP/IP connections?

(Background on this error at: https://sqlalche.me/e/20/e3q8)
INFO:     127.0.0.1:58567 - "GET /api/kpis?date_from=2026-09-10&date_to=2026-09-16 HTTP/1.1" 500 Internal Server Error
ERROR:    Exception in ASGI application
Traceback (most recent call last):
  File 
"C:\Users\ismai\Documents\GitHub\New-Data-Fraud-detection\backend\.venv\Lib\site-packages\sqlalchemy\engine\base.py", 
line 146, in __init__
    self._dbapi_connection = engine.raw_connection()
                             ^^^^^^^^^^^^^^^^^^^^^^^
  File 
"C:\Users\ismai\Documents\GitHub\New-Data-Fraud-detection\backend\.venv\Lib\site-packages\sqlalchemy\engine\base.py", 
line 3302, in raw_connection
    return self.pool.connect()
           ^^^^^^^^^^^^^^^^^^^
  File 
"C:\Users\ismai\Documents\GitHub\New-Data-Fraud-detection\backend\.venv\Lib\site-packages\sqlalchemy\pool\base.py", 
line 449, in connect
    return _ConnectionFairy._checkout(self)
           ^^^^^^^^^^^^^^^^^^^^^^^^^^^^^^^^
  File 
"C:\Users\ismai\Documents\GitHub\New-Data-Fraud-detection\backend\.venv\Lib\site-packages\sqlalchemy\pool\base.py", 
line 1263, in _checkout
    fairy = _ConnectionRecord.checkout(pool)
            ^^^^^^^^^^^^^^^^^^^^^^^^^^^^^^^^
  File 
"C:\Users\ismai\Documents\GitHub\New-Data-Fraud-detection\backend\.venv\Lib\site-packages\sqlalchemy\pool\base.py", 
line 712, in checkout
    rec = pool._do_get()
          ^^^^^^^^^^^^^^
  File 
"C:\Users\ismai\Documents\GitHub\New-Data-Fraud-detection\backend\.venv\Lib\site-packages\sqlalchemy\pool\impl.py", 
line 179, in _do_get
    with util.safe_reraise():
  File "C:\Users\ismai\Documents\GitHub\New-Data-Fraud-detection\backend\.venv\Lib\site-packages\sqlalchemy\util\langhe
lpers.py", line 146, in __exit__
    raise exc_value.with_traceback(exc_tb)
  File 
"C:\Users\ismai\Documents\GitHub\New-Data-Fraud-detection\backend\.venv\Lib\site-packages\sqlalchemy\pool\impl.py", 
line 177, in _do_get
    return self._create_connection()
           ^^^^^^^^^^^^^^^^^^^^^^^^^
  File 
"C:\Users\ismai\Documents\GitHub\New-Data-Fraud-detection\backend\.venv\Lib\site-packages\sqlalchemy\pool\base.py", 
line 390, in _create_connection
    return _ConnectionRecord(self)
           ^^^^^^^^^^^^^^^^^^^^^^^
  File 
"C:\Users\ismai\Documents\GitHub\New-Data-Fraud-detection\backend\.venv\Lib\site-packages\sqlalchemy\pool\base.py", 
line 674, in __init__
    self.__connect()
  File 
"C:\Users\ismai\Documents\GitHub\New-Data-Fraud-detection\backend\.venv\Lib\site-packages\sqlalchemy\pool\base.py", 
line 900, in __connect
    with util.safe_reraise():
  File "C:\Users\ismai\Documents\GitHub\New-Data-Fraud-detection\backend\.venv\Lib\site-packages\sqlalchemy\util\langhe
lpers.py", line 146, in __exit__
    raise exc_value.with_traceback(exc_tb)
  File 
"C:\Users\ismai\Documents\GitHub\New-Data-Fraud-detection\backend\.venv\Lib\site-packages\sqlalchemy\pool\base.py", 
line 896, in __connect
    self.dbapi_connection = connection = pool._invoke_creator(self)
                                         ^^^^^^^^^^^^^^^^^^^^^^^^^^
  File "C:\Users\ismai\Documents\GitHub\New-Data-Fraud-detection\backend\.venv\Lib\site-packages\sqlalchemy\engine\crea
te.py", line 643, in connect
    return dialect.connect(*cargs, **cparams)
           ^^^^^^^^^^^^^^^^^^^^^^^^^^^^^^^^^^
  File "C:\Users\ismai\Documents\GitHub\New-Data-Fraud-detection\backend\.venv\Lib\site-packages\sqlalchemy\engine\defa
ult.py", line 621, in connect
    return self.loaded_dbapi.connect(*cargs, **cparams)
           ^^^^^^^^^^^^^^^^^^^^^^^^^^^^^^^^^^^^^^^^^^^^
  File 
"C:\Users\ismai\Documents\GitHub\New-Data-Fraud-detection\backend\.venv\Lib\site-packages\psycopg2\__init__.py", line 
122, in connect
    conn = _connect(dsn, connection_factory=connection_factory, **kwasync)
           ^^^^^^^^^^^^^^^^^^^^^^^^^^^^^^^^^^^^^^^^^^^^^^^^^^^^^^^^^^^^^^^
psycopg2.OperationalError: connection to server at "localhost" (::1), port 5432 failed: Connection refused 
(0x0000274D/10061)
	Is the server running on that host and accepting TCP/IP connections?
connection to server at "localhost" (127.0.0.1), port 5432 failed: Connection refused (0x0000274D/10061)
	Is the server running on that host and accepting TCP/IP connections?


The above exception was the direct cause of the following exception:

Traceback (most recent call last):
  File "C:\Users\ismai\Documents\GitHub\New-Data-Fraud-detection\backend\.venv\Lib\site-packages\uvicorn\protocols\http
\httptools_impl.py", line 409, in run_asgi
    result = await app(  # type: ignore[func-returns-value]
             ^^^^^^^^^^^^^^^^^^^^^^^^^^^^^^^^^^^^^^^^^^^^^^
  File "C:\Users\ismai\Documents\GitHub\New-Data-Fraud-detection\backend\.venv\Lib\site-packages\uvicorn\middleware\pro
xy_headers.py", line 60, in __call__
    return await self.app(scope, receive, send)
           ^^^^^^^^^^^^^^^^^^^^^^^^^^^^^^^^^^^^
  File 
"C:\Users\ismai\Documents\GitHub\New-Data-Fraud-detection\backend\.venv\Lib\site-packages\fastapi\applications.py", 
line 1054, in __call__
    await super().__call__(scope, receive, send)
  File 
"C:\Users\ismai\Documents\GitHub\New-Data-Fraud-detection\backend\.venv\Lib\site-packages\starlette\applications.py", 
line 113, in __call__
    await self.middleware_stack(scope, receive, send)
  File "C:\Users\ismai\Documents\GitHub\New-Data-Fraud-detection\backend\.venv\Lib\site-packages\starlette\middleware\e
rrors.py", line 187, in __call__
    raise exc
  File "C:\Users\ismai\Documents\GitHub\New-Data-Fraud-detection\backend\.venv\Lib\site-packages\starlette\middleware\e
rrors.py", line 165, in __call__
    await self.app(scope, receive, _send)
  File "C:\Users\ismai\Documents\GitHub\New-Data-Fraud-detection\backend\.venv\Lib\site-packages\starlette\middleware\c
ors.py", line 85, in __call__
    await self.app(scope, receive, send)
  File "C:\Users\ismai\Documents\GitHub\New-Data-Fraud-detection\backend\.venv\Lib\site-packages\starlette\middleware\e
xceptions.py", line 62, in __call__
    await wrap_app_handling_exceptions(self.app, conn)(scope, receive, send)
  File "C:\Users\ismai\Documents\GitHub\New-Data-Fraud-detection\backend\.venv\Lib\site-packages\starlette\_exception_h
andler.py", line 53, in wrapped_app
    raise exc
  File "C:\Users\ismai\Documents\GitHub\New-Data-Fraud-detection\backend\.venv\Lib\site-packages\starlette\_exception_h
andler.py", line 42, in wrapped_app
    await app(scope, receive, sender)
  File 
"C:\Users\ismai\Documents\GitHub\New-Data-Fraud-detection\backend\.venv\Lib\site-packages\starlette\routing.py", line 
715, in __call__
    await self.middleware_stack(scope, receive, send)
  File 
"C:\Users\ismai\Documents\GitHub\New-Data-Fraud-detection\backend\.venv\Lib\site-packages\starlette\routing.py", line 
735, in app
    await route.handle(scope, receive, send)
  File 
"C:\Users\ismai\Documents\GitHub\New-Data-Fraud-detection\backend\.venv\Lib\site-packages\starlette\routing.py", line 
288, in handle
    await self.app(scope, receive, send)
  File 
"C:\Users\ismai\Documents\GitHub\New-Data-Fraud-detection\backend\.venv\Lib\site-packages\starlette\routing.py", line 
76, in app
    await wrap_app_handling_exceptions(app, request)(scope, receive, send)
  File "C:\Users\ismai\Documents\GitHub\New-Data-Fraud-detection\backend\.venv\Lib\site-packages\starlette\_exception_h
andler.py", line 53, in wrapped_app
    raise exc
  File "C:\Users\ismai\Documents\GitHub\New-Data-Fraud-detection\backend\.venv\Lib\site-packages\starlette\_exception_h
andler.py", line 42, in wrapped_app
    await app(scope, receive, sender)
  File 
"C:\Users\ismai\Documents\GitHub\New-Data-Fraud-detection\backend\.venv\Lib\site-packages\starlette\routing.py", line 
73, in app
    response = await f(request)
               ^^^^^^^^^^^^^^^^
  File "C:\Users\ismai\Documents\GitHub\New-Data-Fraud-detection\backend\.venv\Lib\site-packages\fastapi\routing.py", 
line 301, in app
    raw_response = await run_endpoint_function(
                   ^^^^^^^^^^^^^^^^^^^^^^^^^^^^
  File "C:\Users\ismai\Documents\GitHub\New-Data-Fraud-detection\backend\.venv\Lib\site-packages\fastapi\routing.py", 
line 214, in run_endpoint_function
    return await run_in_threadpool(dependant.call, **values)
           ^^^^^^^^^^^^^^^^^^^^^^^^^^^^^^^^^^^^^^^^^^^^^^^^^
  File 
"C:\Users\ismai\Documents\GitHub\New-Data-Fraud-detection\backend\.venv\Lib\site-packages\starlette\concurrency.py", 
line 39, in run_in_threadpool
    return await anyio.to_thread.run_sync(func, *args)
           ^^^^^^^^^^^^^^^^^^^^^^^^^^^^^^^^^^^^^^^^^^^
  File "C:\Users\ismai\Documents\GitHub\New-Data-Fraud-detection\backend\.venv\Lib\site-packages\anyio\to_thread.py", 
line 65, in run_sync
    return await get_async_backend().run_sync_in_worker_thread(
           ^^^^^^^^^^^^^^^^^^^^^^^^^^^^^^^^^^^^^^^^^^^^^^^^^^^^
  File "C:\Users\ismai\Documents\GitHub\New-Data-Fraud-detection\backend\.venv\Lib\site-packages\anyio\_backends\_async
io.py", line 2706, in run_sync_in_worker_thread
    return await future
           ^^^^^^^^^^^^
  File "C:\Users\ismai\Documents\GitHub\New-Data-Fraud-detection\backend\.venv\Lib\site-packages\anyio\_backends\_async
io.py", line 1100, in run
    result = context.run(func, *args)
             ^^^^^^^^^^^^^^^^^^^^^^^^
  File "C:\Users\ismai\Documents\GitHub\New-Data-Fraud-detection\backend\app\routers\dashboard.py", line 59, in 
get_kpis
    row = session.execute(sql, params).mappings().one()
          ^^^^^^^^^^^^^^^^^^^^^^^^^^^^
  File 
"C:\Users\ismai\Documents\GitHub\New-Data-Fraud-detection\backend\.venv\Lib\site-packages\sqlalchemy\orm\session.py", 
line 2362, in execute
    return self._execute_internal(
           ^^^^^^^^^^^^^^^^^^^^^^^
  File 
"C:\Users\ismai\Documents\GitHub\New-Data-Fraud-detection\backend\.venv\Lib\site-packages\sqlalchemy\orm\session.py", 
line 2237, in _execute_internal
    conn = self._connection_for_bind(bind)
           ^^^^^^^^^^^^^^^^^^^^^^^^^^^^^^^
  File 
"C:\Users\ismai\Documents\GitHub\New-Data-Fraud-detection\backend\.venv\Lib\site-packages\sqlalchemy\orm\session.py", 
line 2106, in _connection_for_bind
    return trans._connection_for_bind(engine, execution_options)
           ^^^^^^^^^^^^^^^^^^^^^^^^^^^^^^^^^^^^^^^^^^^^^^^^^^^^^
  File "<string>", line 2, in _connection_for_bind
  File "C:\Users\ismai\Documents\GitHub\New-Data-Fraud-detection\backend\.venv\Lib\site-packages\sqlalchemy\orm\state_c
hanges.py", line 139, in _go
    ret_value = fn(self, *arg, **kw)
                ^^^^^^^^^^^^^^^^^^^^
  File 
"C:\Users\ismai\Documents\GitHub\New-Data-Fraud-detection\backend\.venv\Lib\site-packages\sqlalchemy\orm\session.py", 
line 1189, in _connection_for_bind
    conn = bind.connect()
           ^^^^^^^^^^^^^^
  File 
"C:\Users\ismai\Documents\GitHub\New-Data-Fraud-detection\backend\.venv\Lib\site-packages\sqlalchemy\engine\base.py", 
line 3278, in connect
    return self._connection_cls(self)
           ^^^^^^^^^^^^^^^^^^^^^^^^^^
  File 
"C:\Users\ismai\Documents\GitHub\New-Data-Fraud-detection\backend\.venv\Lib\site-packages\sqlalchemy\engine\base.py", 
line 148, in __init__
    Connection._handle_dbapi_exception_noconnection(
  File 
"C:\Users\ismai\Documents\GitHub\New-Data-Fraud-detection\backend\.venv\Lib\site-packages\sqlalchemy\engine\base.py", 
line 2442, in _handle_dbapi_exception_noconnection
    raise sqlalchemy_exception.with_traceback(exc_info[2]) from e
  File 
"C:\Users\ismai\Documents\GitHub\New-Data-Fraud-detection\backend\.venv\Lib\site-packages\sqlalchemy\engine\base.py", 
line 146, in __init__
    self._dbapi_connection = engine.raw_connection()
                             ^^^^^^^^^^^^^^^^^^^^^^^
  File 
"C:\Users\ismai\Documents\GitHub\New-Data-Fraud-detection\backend\.venv\Lib\site-packages\sqlalchemy\engine\base.py", 
line 3302, in raw_connection
    return self.pool.connect()
           ^^^^^^^^^^^^^^^^^^^
  File 
"C:\Users\ismai\Documents\GitHub\New-Data-Fraud-detection\backend\.venv\Lib\site-packages\sqlalchemy\pool\base.py", 
line 449, in connect
    return _ConnectionFairy._checkout(self)
           ^^^^^^^^^^^^^^^^^^^^^^^^^^^^^^^^
  File 
"C:\Users\ismai\Documents\GitHub\New-Data-Fraud-detection\backend\.venv\Lib\site-packages\sqlalchemy\pool\base.py", 
line 1263, in _checkout
    fairy = _ConnectionRecord.checkout(pool)
            ^^^^^^^^^^^^^^^^^^^^^^^^^^^^^^^^
  File 
"C:\Users\ismai\Documents\GitHub\New-Data-Fraud-detection\backend\.venv\Lib\site-packages\sqlalchemy\pool\base.py", 
line 712, in checkout
    rec = pool._do_get()
          ^^^^^^^^^^^^^^
  File 
"C:\Users\ismai\Documents\GitHub\New-Data-Fraud-detection\backend\.venv\Lib\site-packages\sqlalchemy\pool\impl.py", 
line 179, in _do_get
    with util.safe_reraise():
  File "C:\Users\ismai\Documents\GitHub\New-Data-Fraud-detection\backend\.venv\Lib\site-packages\sqlalchemy\util\langhe
lpers.py", line 146, in __exit__
    raise exc_value.with_traceback(exc_tb)
  File 
"C:\Users\ismai\Documents\GitHub\New-Data-Fraud-detection\backend\.venv\Lib\site-packages\sqlalchemy\pool\impl.py", 
line 177, in _do_get
    return self._create_connection()
           ^^^^^^^^^^^^^^^^^^^^^^^^^
  File 
"C:\Users\ismai\Documents\GitHub\New-Data-Fraud-detection\backend\.venv\Lib\site-packages\sqlalchemy\pool\base.py", 
line 390, in _create_connection
    return _ConnectionRecord(self)
           ^^^^^^^^^^^^^^^^^^^^^^^
  File 
"C:\Users\ismai\Documents\GitHub\New-Data-Fraud-detection\backend\.venv\Lib\site-packages\sqlalchemy\pool\base.py", 
line 674, in __init__
    self.__connect()
  File 
"C:\Users\ismai\Documents\GitHub\New-Data-Fraud-detection\backend\.venv\Lib\site-packages\sqlalchemy\pool\base.py", 
line 900, in __connect
    with util.safe_reraise():
  File "C:\Users\ismai\Documents\GitHub\New-Data-Fraud-detection\backend\.venv\Lib\site-packages\sqlalchemy\util\langhe
lpers.py", line 146, in __exit__
    raise exc_value.with_traceback(exc_tb)
  File 
"C:\Users\ismai\Documents\GitHub\New-Data-Fraud-detection\backend\.venv\Lib\site-packages\sqlalchemy\pool\base.py", 
line 896, in __connect
    self.dbapi_connection = connection = pool._invoke_creator(self)
                                         ^^^^^^^^^^^^^^^^^^^^^^^^^^
  File "C:\Users\ismai\Documents\GitHub\New-Data-Fraud-detection\backend\.venv\Lib\site-packages\sqlalchemy\engine\crea
te.py", line 643, in connect
    return dialect.connect(*cargs, **cparams)
           ^^^^^^^^^^^^^^^^^^^^^^^^^^^^^^^^^^
  File "C:\Users\ismai\Documents\GitHub\New-Data-Fraud-detection\backend\.venv\Lib\site-packages\sqlalchemy\engine\defa
ult.py", line 621, in connect
    return self.loaded_dbapi.connect(*cargs, **cparams)
           ^^^^^^^^^^^^^^^^^^^^^^^^^^^^^^^^^^^^^^^^^^^^
  File 
"C:\Users\ismai\Documents\GitHub\New-Data-Fraud-detection\backend\.venv\Lib\site-packages\psycopg2\__init__.py", line 
122, in connect
    conn = _connect(dsn, connection_factory=connection_factory, **kwasync)
           ^^^^^^^^^^^^^^^^^^^^^^^^^^^^^^^^^^^^^^^^^^^^^^^^^^^^^^^^^^^^^^^
sqlalchemy.exc.OperationalError: (psycopg2.OperationalError) connection to server at "localhost" (::1), port 5432 
failed: Connection refused (0x0000274D/10061)
	Is the server running on that host and accepting TCP/IP connections?
connection to server at "localhost" (127.0.0.1), port 5432 failed: Connection refused (0x0000274D/10061)
	Is the server running on that host and accepting TCP/IP connections?

(Background on this error at: https://sqlalche.me/e/20/e3q8)
ERROR:    Exception in ASGI application
Traceback (most recent call last):
  File 
"C:\Users\ismai\Documents\GitHub\New-Data-Fraud-detection\backend\.venv\Lib\site-packages\sqlalchemy\engine\base.py", 
line 146, in __init__
    self._dbapi_connection = engine.raw_connection()
                             ^^^^^^^^^^^^^^^^^^^^^^^
  File 
"C:\Users\ismai\Documents\GitHub\New-Data-Fraud-detection\backend\.venv\Lib\site-packages\sqlalchemy\engine\base.py", 
line 3302, in raw_connection
    return self.pool.connect()
           ^^^^^^^^^^^^^^^^^^^
  File 
"C:\Users\ismai\Documents\GitHub\New-Data-Fraud-detection\backend\.venv\Lib\site-packages\sqlalchemy\pool\base.py", 
line 449, in connect
    return _ConnectionFairy._checkout(self)
           ^^^^^^^^^^^^^^^^^^^^^^^^^^^^^^^^
  File 
"C:\Users\ismai\Documents\GitHub\New-Data-Fraud-detection\backend\.venv\Lib\site-packages\sqlalchemy\pool\base.py", 
line 1263, in _checkout
    fairy = _ConnectionRecord.checkout(pool)
            ^^^^^^^^^^^^^^^^^^^^^^^^^^^^^^^^
  File 
"C:\Users\ismai\Documents\GitHub\New-Data-Fraud-detection\backend\.venv\Lib\site-packages\sqlalchemy\pool\base.py", 
line 712, in checkout
    rec = pool._do_get()
          ^^^^^^^^^^^^^^
  File 
"C:\Users\ismai\Documents\GitHub\New-Data-Fraud-detection\backend\.venv\Lib\site-packages\sqlalchemy\pool\impl.py", 
line 179, in _do_get
    with util.safe_reraise():
  File "C:\Users\ismai\Documents\GitHub\New-Data-Fraud-detection\backend\.venv\Lib\site-packages\sqlalchemy\util\langhe
lpers.py", line 146, in __exit__
    raise exc_value.with_traceback(exc_tb)
  File 
"C:\Users\ismai\Documents\GitHub\New-Data-Fraud-detection\backend\.venv\Lib\site-packages\sqlalchemy\pool\impl.py", 
line 177, in _do_get
    return self._create_connection()
           ^^^^^^^^^^^^^^^^^^^^^^^^^
  File 
"C:\Users\ismai\Documents\GitHub\New-Data-Fraud-detection\backend\.venv\Lib\site-packages\sqlalchemy\pool\base.py", 
line 390, in _create_connection
    return _ConnectionRecord(self)
           ^^^^^^^^^^^^^^^^^^^^^^^
  File 
"C:\Users\ismai\Documents\GitHub\New-Data-Fraud-detection\backend\.venv\Lib\site-packages\sqlalchemy\pool\base.py", 
line 674, in __init__
    self.__connect()
  File 
"C:\Users\ismai\Documents\GitHub\New-Data-Fraud-detection\backend\.venv\Lib\site-packages\sqlalchemy\pool\base.py", 
line 900, in __connect
    with util.safe_reraise():
  File "C:\Users\ismai\Documents\GitHub\New-Data-Fraud-detection\backend\.venv\Lib\site-packages\sqlalchemy\util\langhe
lpers.py", line 146, in __exit__
    raise exc_value.with_traceback(exc_tb)
  File 
"C:\Users\ismai\Documents\GitHub\New-Data-Fraud-detection\backend\.venv\Lib\site-packages\sqlalchemy\pool\base.py", 
line 896, in __connect
    self.dbapi_connection = connection = pool._invoke_creator(self)
                                         ^^^^^^^^^^^^^^^^^^^^^^^^^^
  File "C:\Users\ismai\Documents\GitHub\New-Data-Fraud-detection\backend\.venv\Lib\site-packages\sqlalchemy\engine\crea
te.py", line 643, in connect
    return dialect.connect(*cargs, **cparams)
           ^^^^^^^^^^^^^^^^^^^^^^^^^^^^^^^^^^
  File "C:\Users\ismai\Documents\GitHub\New-Data-Fraud-detection\backend\.venv\Lib\site-packages\sqlalchemy\engine\defa
ult.py", line 621, in connect
    return self.loaded_dbapi.connect(*cargs, **cparams)
           ^^^^^^^^^^^^^^^^^^^^^^^^^^^^^^^^^^^^^^^^^^^^
  File 
"C:\Users\ismai\Documents\GitHub\New-Data-Fraud-detection\backend\.venv\Lib\site-packages\psycopg2\__init__.py", line 
122, in connect
    conn = _connect(dsn, connection_factory=connection_factory, **kwasync)
           ^^^^^^^^^^^^^^^^^^^^^^^^^^^^^^^^^^^^^^^^^^^^^^^^^^^^^^^^^^^^^^^
psycopg2.OperationalError: connection to server at "localhost" (::1), port 5432 failed: Connection refused 
(0x0000274D/10061)
	Is the server running on that host and accepting TCP/IP connections?
connection to server at "localhost" (127.0.0.1), port 5432 failed: Connection refused (0x0000274D/10061)
	Is the server running on that host and accepting TCP/IP connections?


The above exception was the direct cause of the following exception:

Traceback (most recent call last):
  File "C:\Users\ismai\Documents\GitHub\New-Data-Fraud-detection\backend\.venv\Lib\site-packages\uvicorn\protocols\http
\httptools_impl.py", line 409, in run_asgi
    result = await app(  # type: ignore[func-returns-value]
             ^^^^^^^^^^^^^^^^^^^^^^^^^^^^^^^^^^^^^^^^^^^^^^
  File "C:\Users\ismai\Documents\GitHub\New-Data-Fraud-detection\backend\.venv\Lib\site-packages\uvicorn\middleware\pro
xy_headers.py", line 60, in __call__
    return await self.app(scope, receive, send)
           ^^^^^^^^^^^^^^^^^^^^^^^^^^^^^^^^^^^^
  File 
"C:\Users\ismai\Documents\GitHub\New-Data-Fraud-detection\backend\.venv\Lib\site-packages\fastapi\applications.py", 
line 1054, in __call__
    await super().__call__(scope, receive, send)
  File 
"C:\Users\ismai\Documents\GitHub\New-Data-Fraud-detection\backend\.venv\Lib\site-packages\starlette\applications.py", 
line 113, in __call__
    await self.middleware_stack(scope, receive, send)
  File "C:\Users\ismai\Documents\GitHub\New-Data-Fraud-detection\backend\.venv\Lib\site-packages\starlette\middleware\e
rrors.py", line 187, in __call__
    raise exc
  File "C:\Users\ismai\Documents\GitHub\New-Data-Fraud-detection\backend\.venv\Lib\site-packages\starlette\middleware\e
rrors.py", line 165, in __call__
    await self.app(scope, receive, _send)
  File "C:\Users\ismai\Documents\GitHub\New-Data-Fraud-detection\backend\.venv\Lib\site-packages\starlette\middleware\c
ors.py", line 85, in __call__
    await self.app(scope, receive, send)
  File "C:\Users\ismai\Documents\GitHub\New-Data-Fraud-detection\backend\.venv\Lib\site-packages\starlette\middleware\e
xceptions.py", line 62, in __call__
    await wrap_app_handling_exceptions(self.app, conn)(scope, receive, send)
  File "C:\Users\ismai\Documents\GitHub\New-Data-Fraud-detection\backend\.venv\Lib\site-packages\starlette\_exception_h
andler.py", line 53, in wrapped_app
    raise exc
  File "C:\Users\ismai\Documents\GitHub\New-Data-Fraud-detection\backend\.venv\Lib\site-packages\starlette\_exception_h
andler.py", line 42, in wrapped_app
    await app(scope, receive, sender)
  File 
"C:\Users\ismai\Documents\GitHub\New-Data-Fraud-detection\backend\.venv\Lib\site-packages\starlette\routing.py", line 
715, in __call__
    await self.middleware_stack(scope, receive, send)
  File 
"C:\Users\ismai\Documents\GitHub\New-Data-Fraud-detection\backend\.venv\Lib\site-packages\starlette\routing.py", line 
735, in app
    await route.handle(scope, receive, send)
  File 
"C:\Users\ismai\Documents\GitHub\New-Data-Fraud-detection\backend\.venv\Lib\site-packages\starlette\routing.py", line 
288, in handle
    await self.app(scope, receive, send)
  File 
"C:\Users\ismai\Documents\GitHub\New-Data-Fraud-detection\backend\.venv\Lib\site-packages\starlette\routing.py", line 
76, in app
    await wrap_app_handling_exceptions(app, request)(scope, receive, send)
  File "C:\Users\ismai\Documents\GitHub\New-Data-Fraud-detection\backend\.venv\Lib\site-packages\starlette\_exception_h
andler.py", line 53, in wrapped_app
    raise exc
  File "C:\Users\ismai\Documents\GitHub\New-Data-Fraud-detection\backend\.venv\Lib\site-packages\starlette\_exception_h
andler.py", line 42, in wrapped_app
    await app(scope, receive, sender)
  File 
"C:\Users\ismai\Documents\GitHub\New-Data-Fraud-detection\backend\.venv\Lib\site-packages\starlette\routing.py", line 
73, in app
    response = await f(request)
               ^^^^^^^^^^^^^^^^
  File "C:\Users\ismai\Documents\GitHub\New-Data-Fraud-detection\backend\.venv\Lib\site-packages\fastapi\routing.py", 
line 301, in app
    raw_response = await run_endpoint_function(
                   ^^^^^^^^^^^^^^^^^^^^^^^^^^^^
  File "C:\Users\ismai\Documents\GitHub\New-Data-Fraud-detection\backend\.venv\Lib\site-packages\fastapi\routing.py", 
line 214, in run_endpoint_function
    return await run_in_threadpool(dependant.call, **values)
           ^^^^^^^^^^^^^^^^^^^^^^^^^^^^^^^^^^^^^^^^^^^^^^^^^
  File 
"C:\Users\ismai\Documents\GitHub\New-Data-Fraud-detection\backend\.venv\Lib\site-packages\starlette\concurrency.py", 
line 39, in run_in_threadpool
    return await anyio.to_thread.run_sync(func, *args)
           ^^^^^^^^^^^^^^^^^^^^^^^^^^^^^^^^^^^^^^^^^^^
  File "C:\Users\ismai\Documents\GitHub\New-Data-Fraud-detection\backend\.venv\Lib\site-packages\anyio\to_thread.py", 
line 65, in run_sync
    return await get_async_backend().run_sync_in_worker_thread(
           ^^^^^^^^^^^^^^^^^^^^^^^^^^^^^^^^^^^^^^^^^^^^^^^^^^^^
  File "C:\Users\ismai\Documents\GitHub\New-Data-Fraud-detection\backend\.venv\Lib\site-packages\anyio\_backends\_async
io.py", line 2706, in run_sync_in_worker_thread
    return await future
           ^^^^^^^^^^^^
  File "C:\Users\ismai\Documents\GitHub\New-Data-Fraud-detection\backend\.venv\Lib\site-packages\anyio\_backends\_async
io.py", line 1100, in run
    result = context.run(func, *args)
             ^^^^^^^^^^^^^^^^^^^^^^^^
  File "C:\Users\ismai\Documents\GitHub\New-Data-Fraud-detection\backend\app\routers\dashboard.py", line 104, in 
get_daily_trend
    rows = session.execute(sql, params).mappings().all()
           ^^^^^^^^^^^^^^^^^^^^^^^^^^^^
  File 
"C:\Users\ismai\Documents\GitHub\New-Data-Fraud-detection\backend\.venv\Lib\site-packages\sqlalchemy\orm\session.py", 
line 2362, in execute
    return self._execute_internal(
           ^^^^^^^^^^^^^^^^^^^^^^^
  File 
"C:\Users\ismai\Documents\GitHub\New-Data-Fraud-detection\backend\.venv\Lib\site-packages\sqlalchemy\orm\session.py", 
line 2237, in _execute_internal
    conn = self._connection_for_bind(bind)
           ^^^^^^^^^^^^^^^^^^^^^^^^^^^^^^^
  File 
"C:\Users\ismai\Documents\GitHub\New-Data-Fraud-detection\backend\.venv\Lib\site-packages\sqlalchemy\orm\session.py", 
line 2106, in _connection_for_bind
    return trans._connection_for_bind(engine, execution_options)
           ^^^^^^^^^^^^^^^^^^^^^^^^^^^^^^^^^^^^^^^^^^^^^^^^^^^^^
  File "<string>", line 2, in _connection_for_bind
  File "C:\Users\ismai\Documents\GitHub\New-Data-Fraud-detection\backend\.venv\Lib\site-packages\sqlalchemy\orm\state_c
hanges.py", line 139, in _go
    ret_value = fn(self, *arg, **kw)
                ^^^^^^^^^^^^^^^^^^^^
  File 
"C:\Users\ismai\Documents\GitHub\New-Data-Fraud-detection\backend\.venv\Lib\site-packages\sqlalchemy\orm\session.py", 
line 1189, in _connection_for_bind
    conn = bind.connect()
           ^^^^^^^^^^^^^^
  File 
"C:\Users\ismai\Documents\GitHub\New-Data-Fraud-detection\backend\.venv\Lib\site-packages\sqlalchemy\engine\base.py", 
line 3278, in connect
    return self._connection_cls(self)
           ^^^^^^^^^^^^^^^^^^^^^^^^^^
  File 
"C:\Users\ismai\Documents\GitHub\New-Data-Fraud-detection\backend\.venv\Lib\site-packages\sqlalchemy\engine\base.py", 
line 148, in __init__
    Connection._handle_dbapi_exception_noconnection(
  File 
"C:\Users\ismai\Documents\GitHub\New-Data-Fraud-detection\backend\.venv\Lib\site-packages\sqlalchemy\engine\base.py", 
line 2442, in _handle_dbapi_exception_noconnection
    raise sqlalchemy_exception.with_traceback(exc_info[2]) from e
  File 
"C:\Users\ismai\Documents\GitHub\New-Data-Fraud-detection\backend\.venv\Lib\site-packages\sqlalchemy\engine\base.py", 
line 146, in __init__
    self._dbapi_connection = engine.raw_connection()
                             ^^^^^^^^^^^^^^^^^^^^^^^
  File 
"C:\Users\ismai\Documents\GitHub\New-Data-Fraud-detection\backend\.venv\Lib\site-packages\sqlalchemy\engine\base.py", 
line 3302, in raw_connection
    return self.pool.connect()
           ^^^^^^^^^^^^^^^^^^^
  File 
"C:\Users\ismai\Documents\GitHub\New-Data-Fraud-detection\backend\.venv\Lib\site-packages\sqlalchemy\pool\base.py", 
line 449, in connect
    return _ConnectionFairy._checkout(self)
           ^^^^^^^^^^^^^^^^^^^^^^^^^^^^^^^^
  File 
"C:\Users\ismai\Documents\GitHub\New-Data-Fraud-detection\backend\.venv\Lib\site-packages\sqlalchemy\pool\base.py", 
line 1263, in _checkout
    fairy = _ConnectionRecord.checkout(pool)
            ^^^^^^^^^^^^^^^^^^^^^^^^^^^^^^^^
  File 
"C:\Users\ismai\Documents\GitHub\New-Data-Fraud-detection\backend\.venv\Lib\site-packages\sqlalchemy\pool\base.py", 
line 712, in checkout
    rec = pool._do_get()
          ^^^^^^^^^^^^^^
  File 
"C:\Users\ismai\Documents\GitHub\New-Data-Fraud-detection\backend\.venv\Lib\site-packages\sqlalchemy\pool\impl.py", 
line 179, in _do_get
    with util.safe_reraise():
  File "C:\Users\ismai\Documents\GitHub\New-Data-Fraud-detection\backend\.venv\Lib\site-packages\sqlalchemy\util\langhe
lpers.py", line 146, in __exit__
    raise exc_value.with_traceback(exc_tb)
  File 
"C:\Users\ismai\Documents\GitHub\New-Data-Fraud-detection\backend\.venv\Lib\site-packages\sqlalchemy\pool\impl.py", 
line 177, in _do_get
    return self._create_connection()
           ^^^^^^^^^^^^^^^^^^^^^^^^^
  File 
"C:\Users\ismai\Documents\GitHub\New-Data-Fraud-detection\backend\.venv\Lib\site-packages\sqlalchemy\pool\base.py", 
line 390, in _create_connection
    return _ConnectionRecord(self)
           ^^^^^^^^^^^^^^^^^^^^^^^
  File 
"C:\Users\ismai\Documents\GitHub\New-Data-Fraud-detection\backend\.venv\Lib\site-packages\sqlalchemy\pool\base.py", 
line 674, in __init__
    self.__connect()
  File 
"C:\Users\ismai\Documents\GitHub\New-Data-Fraud-detection\backend\.venv\Lib\site-packages\sqlalchemy\pool\base.py", 
line 900, in __connect
    with util.safe_reraise():
  File "C:\Users\ismai\Documents\GitHub\New-Data-Fraud-detection\backend\.venv\Lib\site-packages\sqlalchemy\util\langhe
lpers.py", line 146, in __exit__
    raise exc_value.with_traceback(exc_tb)
  File 
"C:\Users\ismai\Documents\GitHub\New-Data-Fraud-detection\backend\.venv\Lib\site-packages\sqlalchemy\pool\base.py", 
line 896, in __connect
    self.dbapi_connection = connection = pool._invoke_creator(self)
                                         ^^^^^^^^^^^^^^^^^^^^^^^^^^
  File "C:\Users\ismai\Documents\GitHub\New-Data-Fraud-detection\backend\.venv\Lib\site-packages\sqlalchemy\engine\crea
te.py", line 643, in connect
    return dialect.connect(*cargs, **cparams)
           ^^^^^^^^^^^^^^^^^^^^^^^^^^^^^^^^^^
  File "C:\Users\ismai\Documents\GitHub\New-Data-Fraud-detection\backend\.venv\Lib\site-packages\sqlalchemy\engine\defa
ult.py", line 621, in connect
    return self.loaded_dbapi.connect(*cargs, **cparams)
           ^^^^^^^^^^^^^^^^^^^^^^^^^^^^^^^^^^^^^^^^^^^^
  File 
"C:\Users\ismai\Documents\GitHub\New-Data-Fraud-detection\backend\.venv\Lib\site-packages\psycopg2\__init__.py", line 
122, in connect
    conn = _connect(dsn, connection_factory=connection_factory, **kwasync)
           ^^^^^^^^^^^^^^^^^^^^^^^^^^^^^^^^^^^^^^^^^^^^^^^^^^^^^^^^^^^^^^^
sqlalchemy.exc.OperationalError: (psycopg2.OperationalError) connection to server at "localhost" (::1), port 5432 
failed: Connection refused (0x0000274D/10061)
	Is the server running on that host and accepting TCP/IP connections?
connection to server at "localhost" (127.0.0.1), port 5432 failed: Connection refused (0x0000274D/10061)
	Is the server running on that host and accepting TCP/IP connections?

(Background on this error at: https://sqlalche.me/e/20/e3q8)
INFO:     127.0.0.1:58568 - "GET /api/analytics/daily?date_from=2026-09-10&date_to=2026-09-16 HTTP/1.1" 500 Internal Server Error
INFO:     127.0.0.1:51429 - "GET /api/subscribers?page=1&page_size=25 HTTP/1.1" 500 Internal Server Error
ERROR:    Exception in ASGI application
Traceback (most recent call last):
  File 
"C:\Users\ismai\Documents\GitHub\New-Data-Fraud-detection\backend\.venv\Lib\site-packages\sqlalchemy\engine\base.py", 
line 146, in __init__
    self._dbapi_connection = engine.raw_connection()
                             ^^^^^^^^^^^^^^^^^^^^^^^
  File 
"C:\Users\ismai\Documents\GitHub\New-Data-Fraud-detection\backend\.venv\Lib\site-packages\sqlalchemy\engine\base.py", 
line 3302, in raw_connection
    return self.pool.connect()
           ^^^^^^^^^^^^^^^^^^^
  File 
"C:\Users\ismai\Documents\GitHub\New-Data-Fraud-detection\backend\.venv\Lib\site-packages\sqlalchemy\pool\base.py", 
line 449, in connect
    return _ConnectionFairy._checkout(self)
           ^^^^^^^^^^^^^^^^^^^^^^^^^^^^^^^^
  File 
"C:\Users\ismai\Documents\GitHub\New-Data-Fraud-detection\backend\.venv\Lib\site-packages\sqlalchemy\pool\base.py", 
line 1263, in _checkout
    fairy = _ConnectionRecord.checkout(pool)
            ^^^^^^^^^^^^^^^^^^^^^^^^^^^^^^^^
  File 
"C:\Users\ismai\Documents\GitHub\New-Data-Fraud-detection\backend\.venv\Lib\site-packages\sqlalchemy\pool\base.py", 
line 712, in checkout
    rec = pool._do_get()
          ^^^^^^^^^^^^^^
  File 
"C:\Users\ismai\Documents\GitHub\New-Data-Fraud-detection\backend\.venv\Lib\site-packages\sqlalchemy\pool\impl.py", 
line 179, in _do_get
    with util.safe_reraise():
  File "C:\Users\ismai\Documents\GitHub\New-Data-Fraud-detection\backend\.venv\Lib\site-packages\sqlalchemy\util\langhe
lpers.py", line 146, in __exit__
    raise exc_value.with_traceback(exc_tb)
  File 
"C:\Users\ismai\Documents\GitHub\New-Data-Fraud-detection\backend\.venv\Lib\site-packages\sqlalchemy\pool\impl.py", 
line 177, in _do_get
    return self._create_connection()
           ^^^^^^^^^^^^^^^^^^^^^^^^^
  File 
"C:\Users\ismai\Documents\GitHub\New-Data-Fraud-detection\backend\.venv\Lib\site-packages\sqlalchemy\pool\base.py", 
line 390, in _create_connection
    return _ConnectionRecord(self)
           ^^^^^^^^^^^^^^^^^^^^^^^
  File 
"C:\Users\ismai\Documents\GitHub\New-Data-Fraud-detection\backend\.venv\Lib\site-packages\sqlalchemy\pool\base.py", 
line 674, in __init__
    self.__connect()
  File 
"C:\Users\ismai\Documents\GitHub\New-Data-Fraud-detection\backend\.venv\Lib\site-packages\sqlalchemy\pool\base.py", 
line 900, in __connect
    with util.safe_reraise():
  File "C:\Users\ismai\Documents\GitHub\New-Data-Fraud-detection\backend\.venv\Lib\site-packages\sqlalchemy\util\langhe
lpers.py", line 146, in __exit__
    raise exc_value.with_traceback(exc_tb)
  File 
"C:\Users\ismai\Documents\GitHub\New-Data-Fraud-detection\backend\.venv\Lib\site-packages\sqlalchemy\pool\base.py", 
line 896, in __connect
    self.dbapi_connection = connection = pool._invoke_creator(self)
                                         ^^^^^^^^^^^^^^^^^^^^^^^^^^
  File "C:\Users\ismai\Documents\GitHub\New-Data-Fraud-detection\backend\.venv\Lib\site-packages\sqlalchemy\engine\crea
te.py", line 643, in connect
    return dialect.connect(*cargs, **cparams)
           ^^^^^^^^^^^^^^^^^^^^^^^^^^^^^^^^^^
  File "C:\Users\ismai\Documents\GitHub\New-Data-Fraud-detection\backend\.venv\Lib\site-packages\sqlalchemy\engine\defa
ult.py", line 621, in connect
    return self.loaded_dbapi.connect(*cargs, **cparams)
           ^^^^^^^^^^^^^^^^^^^^^^^^^^^^^^^^^^^^^^^^^^^^
  File 
"C:\Users\ismai\Documents\GitHub\New-Data-Fraud-detection\backend\.venv\Lib\site-packages\psycopg2\__init__.py", line 
122, in connect
    conn = _connect(dsn, connection_factory=connection_factory, **kwasync)
           ^^^^^^^^^^^^^^^^^^^^^^^^^^^^^^^^^^^^^^^^^^^^^^^^^^^^^^^^^^^^^^^
psycopg2.OperationalError: connection to server at "localhost" (::1), port 5432 failed: Connection refused 
(0x0000274D/10061)
	Is the server running on that host and accepting TCP/IP connections?
connection to server at "localhost" (127.0.0.1), port 5432 failed: Connection refused (0x0000274D/10061)
	Is the server running on that host and accepting TCP/IP connections?


The above exception was the direct cause of the following exception:

Traceback (most recent call last):
  File "C:\Users\ismai\Documents\GitHub\New-Data-Fraud-detection\backend\.venv\Lib\site-packages\uvicorn\protocols\http
\httptools_impl.py", line 409, in run_asgi
    result = await app(  # type: ignore[func-returns-value]
             ^^^^^^^^^^^^^^^^^^^^^^^^^^^^^^^^^^^^^^^^^^^^^^
  File "C:\Users\ismai\Documents\GitHub\New-Data-Fraud-detection\backend\.venv\Lib\site-packages\uvicorn\middleware\pro
xy_headers.py", line 60, in __call__
    return await self.app(scope, receive, send)
           ^^^^^^^^^^^^^^^^^^^^^^^^^^^^^^^^^^^^
  File 
"C:\Users\ismai\Documents\GitHub\New-Data-Fraud-detection\backend\.venv\Lib\site-packages\fastapi\applications.py", 
line 1054, in __call__
    await super().__call__(scope, receive, send)
  File 
"C:\Users\ismai\Documents\GitHub\New-Data-Fraud-detection\backend\.venv\Lib\site-packages\starlette\applications.py", 
line 113, in __call__
    await self.middleware_stack(scope, receive, send)
  File "C:\Users\ismai\Documents\GitHub\New-Data-Fraud-detection\backend\.venv\Lib\site-packages\starlette\middleware\e
rrors.py", line 187, in __call__
    raise exc
  File "C:\Users\ismai\Documents\GitHub\New-Data-Fraud-detection\backend\.venv\Lib\site-packages\starlette\middleware\e
rrors.py", line 165, in __call__
    await self.app(scope, receive, _send)
  File "C:\Users\ismai\Documents\GitHub\New-Data-Fraud-detection\backend\.venv\Lib\site-packages\starlette\middleware\c
ors.py", line 85, in __call__
    await self.app(scope, receive, send)
  File "C:\Users\ismai\Documents\GitHub\New-Data-Fraud-detection\backend\.venv\Lib\site-packages\starlette\middleware\e
xceptions.py", line 62, in __call__
    await wrap_app_handling_exceptions(self.app, conn)(scope, receive, send)
  File "C:\Users\ismai\Documents\GitHub\New-Data-Fraud-detection\backend\.venv\Lib\site-packages\starlette\_exception_h
andler.py", line 53, in wrapped_app
    raise exc
  File "C:\Users\ismai\Documents\GitHub\New-Data-Fraud-detection\backend\.venv\Lib\site-packages\starlette\_exception_h
andler.py", line 42, in wrapped_app
    await app(scope, receive, sender)
  File 
"C:\Users\ismai\Documents\GitHub\New-Data-Fraud-detection\backend\.venv\Lib\site-packages\starlette\routing.py", line 
715, in __call__
    await self.middleware_stack(scope, receive, send)
  File 
"C:\Users\ismai\Documents\GitHub\New-Data-Fraud-detection\backend\.venv\Lib\site-packages\starlette\routing.py", line 
735, in app
    await route.handle(scope, receive, send)
  File 
"C:\Users\ismai\Documents\GitHub\New-Data-Fraud-detection\backend\.venv\Lib\site-packages\starlette\routing.py", line 
288, in handle
    await self.app(scope, receive, send)
  File 
"C:\Users\ismai\Documents\GitHub\New-Data-Fraud-detection\backend\.venv\Lib\site-packages\starlette\routing.py", line 
76, in app
    await wrap_app_handling_exceptions(app, request)(scope, receive, send)
  File "C:\Users\ismai\Documents\GitHub\New-Data-Fraud-detection\backend\.venv\Lib\site-packages\starlette\_exception_h
andler.py", line 53, in wrapped_app
    raise exc
  File "C:\Users\ismai\Documents\GitHub\New-Data-Fraud-detection\backend\.venv\Lib\site-packages\starlette\_exception_h
andler.py", line 42, in wrapped_app
    await app(scope, receive, sender)
  File 
"C:\Users\ismai\Documents\GitHub\New-Data-Fraud-detection\backend\.venv\Lib\site-packages\starlette\routing.py", line 
73, in app
    response = await f(request)
               ^^^^^^^^^^^^^^^^
  File "C:\Users\ismai\Documents\GitHub\New-Data-Fraud-detection\backend\.venv\Lib\site-packages\fastapi\routing.py", 
line 301, in app
    raw_response = await run_endpoint_function(
                   ^^^^^^^^^^^^^^^^^^^^^^^^^^^^
  File "C:\Users\ismai\Documents\GitHub\New-Data-Fraud-detection\backend\.venv\Lib\site-packages\fastapi\routing.py", 
line 214, in run_endpoint_function
    return await run_in_threadpool(dependant.call, **values)
           ^^^^^^^^^^^^^^^^^^^^^^^^^^^^^^^^^^^^^^^^^^^^^^^^^
  File 
"C:\Users\ismai\Documents\GitHub\New-Data-Fraud-detection\backend\.venv\Lib\site-packages\starlette\concurrency.py", 
line 39, in run_in_threadpool
    return await anyio.to_thread.run_sync(func, *args)
           ^^^^^^^^^^^^^^^^^^^^^^^^^^^^^^^^^^^^^^^^^^^
  File "C:\Users\ismai\Documents\GitHub\New-Data-Fraud-detection\backend\.venv\Lib\site-packages\anyio\to_thread.py", 
line 65, in run_sync
    return await get_async_backend().run_sync_in_worker_thread(
           ^^^^^^^^^^^^^^^^^^^^^^^^^^^^^^^^^^^^^^^^^^^^^^^^^^^^
  File "C:\Users\ismai\Documents\GitHub\New-Data-Fraud-detection\backend\.venv\Lib\site-packages\anyio\_backends\_async
io.py", line 2706, in run_sync_in_worker_thread
    return await future
           ^^^^^^^^^^^^
  File "C:\Users\ismai\Documents\GitHub\New-Data-Fraud-detection\backend\.venv\Lib\site-packages\anyio\_backends\_async
io.py", line 1100, in run
    result = context.run(func, *args)
             ^^^^^^^^^^^^^^^^^^^^^^^^
  File "C:\Users\ismai\Documents\GitHub\New-Data-Fraud-detection\backend\app\routers\subscribers.py", line 93, in 
list_subscribers
    total = session.execute(count_sql, params).scalar_one()
            ^^^^^^^^^^^^^^^^^^^^^^^^^^^^^^^^^^
  File 
"C:\Users\ismai\Documents\GitHub\New-Data-Fraud-detection\backend\.venv\Lib\site-packages\sqlalchemy\orm\session.py", 
line 2362, in execute
    return self._execute_internal(
           ^^^^^^^^^^^^^^^^^^^^^^^
  File 
"C:\Users\ismai\Documents\GitHub\New-Data-Fraud-detection\backend\.venv\Lib\site-packages\sqlalchemy\orm\session.py", 
line 2237, in _execute_internal
    conn = self._connection_for_bind(bind)
           ^^^^^^^^^^^^^^^^^^^^^^^^^^^^^^^
  File 
"C:\Users\ismai\Documents\GitHub\New-Data-Fraud-detection\backend\.venv\Lib\site-packages\sqlalchemy\orm\session.py", 
line 2106, in _connection_for_bind
    return trans._connection_for_bind(engine, execution_options)
           ^^^^^^^^^^^^^^^^^^^^^^^^^^^^^^^^^^^^^^^^^^^^^^^^^^^^^
  File "<string>", line 2, in _connection_for_bind
  File "C:\Users\ismai\Documents\GitHub\New-Data-Fraud-detection\backend\.venv\Lib\site-packages\sqlalchemy\orm\state_c
hanges.py", line 139, in _go
    ret_value = fn(self, *arg, **kw)
                ^^^^^^^^^^^^^^^^^^^^
  File 
"C:\Users\ismai\Documents\GitHub\New-Data-Fraud-detection\backend\.venv\Lib\site-packages\sqlalchemy\orm\session.py", 
line 1189, in _connection_for_bind
    conn = bind.connect()
           ^^^^^^^^^^^^^^
  File 
"C:\Users\ismai\Documents\GitHub\New-Data-Fraud-detection\backend\.venv\Lib\site-packages\sqlalchemy\engine\base.py", 
line 3278, in connect
    return self._connection_cls(self)
           ^^^^^^^^^^^^^^^^^^^^^^^^^^
  File 
"C:\Users\ismai\Documents\GitHub\New-Data-Fraud-detection\backend\.venv\Lib\site-packages\sqlalchemy\engine\base.py", 
line 148, in __init__
    Connection._handle_dbapi_exception_noconnection(
  File 
"C:\Users\ismai\Documents\GitHub\New-Data-Fraud-detection\backend\.venv\Lib\site-packages\sqlalchemy\engine\base.py", 
line 2442, in _handle_dbapi_exception_noconnection
    raise sqlalchemy_exception.with_traceback(exc_info[2]) from e
  File 
"C:\Users\ismai\Documents\GitHub\New-Data-Fraud-detection\backend\.venv\Lib\site-packages\sqlalchemy\engine\base.py", 
line 146, in __init__
    self._dbapi_connection = engine.raw_connection()
                             ^^^^^^^^^^^^^^^^^^^^^^^
  File 
"C:\Users\ismai\Documents\GitHub\New-Data-Fraud-detection\backend\.venv\Lib\site-packages\sqlalchemy\engine\base.py", 
line 3302, in raw_connection
    return self.pool.connect()
           ^^^^^^^^^^^^^^^^^^^
  File 
"C:\Users\ismai\Documents\GitHub\New-Data-Fraud-detection\backend\.venv\Lib\site-packages\sqlalchemy\pool\base.py", 
line 449, in connect
    return _ConnectionFairy._checkout(self)
           ^^^^^^^^^^^^^^^^^^^^^^^^^^^^^^^^
  File 
"C:\Users\ismai\Documents\GitHub\New-Data-Fraud-detection\backend\.venv\Lib\site-packages\sqlalchemy\pool\base.py", 
line 1263, in _checkout
    fairy = _ConnectionRecord.checkout(pool)
            ^^^^^^^^^^^^^^^^^^^^^^^^^^^^^^^^
  File 
"C:\Users\ismai\Documents\GitHub\New-Data-Fraud-detection\backend\.venv\Lib\site-packages\sqlalchemy\pool\base.py", 
line 712, in checkout
    rec = pool._do_get()
          ^^^^^^^^^^^^^^
  File 
"C:\Users\ismai\Documents\GitHub\New-Data-Fraud-detection\backend\.venv\Lib\site-packages\sqlalchemy\pool\impl.py", 
line 179, in _do_get
    with util.safe_reraise():
  File "C:\Users\ismai\Documents\GitHub\New-Data-Fraud-detection\backend\.venv\Lib\site-packages\sqlalchemy\util\langhe
lpers.py", line 146, in __exit__
    raise exc_value.with_traceback(exc_tb)
  File 
"C:\Users\ismai\Documents\GitHub\New-Data-Fraud-detection\backend\.venv\Lib\site-packages\sqlalchemy\pool\impl.py", 
line 177, in _do_get
    return self._create_connection()
           ^^^^^^^^^^^^^^^^^^^^^^^^^
  File 
"C:\Users\ismai\Documents\GitHub\New-Data-Fraud-detection\backend\.venv\Lib\site-packages\sqlalchemy\pool\base.py", 
line 390, in _create_connection
    return _ConnectionRecord(self)
           ^^^^^^^^^^^^^^^^^^^^^^^
  File 
"C:\Users\ismai\Documents\GitHub\New-Data-Fraud-detection\backend\.venv\Lib\site-packages\sqlalchemy\pool\base.py", 
line 674, in __init__
    self.__connect()
  File 
"C:\Users\ismai\Documents\GitHub\New-Data-Fraud-detection\backend\.venv\Lib\site-packages\sqlalchemy\pool\base.py", 
line 900, in __connect
    with util.safe_reraise():
  File "C:\Users\ismai\Documents\GitHub\New-Data-Fraud-detection\backend\.venv\Lib\site-packages\sqlalchemy\util\langhe
lpers.py", line 146, in __exit__
    raise exc_value.with_traceback(exc_tb)
  File 
"C:\Users\ismai\Documents\GitHub\New-Data-Fraud-detection\backend\.venv\Lib\site-packages\sqlalchemy\pool\base.py", 
line 896, in __connect
    self.dbapi_connection = connection = pool._invoke_creator(self)
                                         ^^^^^^^^^^^^^^^^^^^^^^^^^^
  File "C:\Users\ismai\Documents\GitHub\New-Data-Fraud-detection\backend\.venv\Lib\site-packages\sqlalchemy\engine\crea
te.py", line 643, in connect
    return dialect.connect(*cargs, **cparams)
           ^^^^^^^^^^^^^^^^^^^^^^^^^^^^^^^^^^
  File "C:\Users\ismai\Documents\GitHub\New-Data-Fraud-detection\backend\.venv\Lib\site-packages\sqlalchemy\engine\defa
ult.py", line 621, in connect
    return self.loaded_dbapi.connect(*cargs, **cparams)
           ^^^^^^^^^^^^^^^^^^^^^^^^^^^^^^^^^^^^^^^^^^^^
  File 
"C:\Users\ismai\Documents\GitHub\New-Data-Fraud-detection\backend\.venv\Lib\site-packages\psycopg2\__init__.py", line 
122, in connect
    conn = _connect(dsn, connection_factory=connection_factory, **kwasync)
           ^^^^^^^^^^^^^^^^^^^^^^^^^^^^^^^^^^^^^^^^^^^^^^^^^^^^^^^^^^^^^^^
sqlalchemy.exc.OperationalError: (psycopg2.OperationalError) connection to server at "localhost" (::1), port 5432 
failed: Connection refused (0x0000274D/10061)
	Is the server running on that host and accepting TCP/IP connections?
connection to server at "localhost" (127.0.0.1), port 5432 failed: Connection refused (0x0000274D/10061)
	Is the server running on that host and accepting TCP/IP connections?

(Background on this error at: https://sqlalche.me/e/20/e3q8)
INFO:     127.0.0.1:58098 - "GET /api/analytics/packages HTTP/1.1" 500 Internal Server Error
ERROR:    Exception in ASGI application
Traceback (most recent call last):
  File 
"C:\Users\ismai\Documents\GitHub\New-Data-Fraud-detection\backend\.venv\Lib\site-packages\sqlalchemy\engine\base.py", 
line 146, in __init__
    self._dbapi_connection = engine.raw_connection()
                             ^^^^^^^^^^^^^^^^^^^^^^^
  File 
"C:\Users\ismai\Documents\GitHub\New-Data-Fraud-detection\backend\.venv\Lib\site-packages\sqlalchemy\engine\base.py", 
line 3302, in raw_connection
    return self.pool.connect()
           ^^^^^^^^^^^^^^^^^^^
  File 
"C:\Users\ismai\Documents\GitHub\New-Data-Fraud-detection\backend\.venv\Lib\site-packages\sqlalchemy\pool\base.py", 
line 449, in connect
    return _ConnectionFairy._checkout(self)
           ^^^^^^^^^^^^^^^^^^^^^^^^^^^^^^^^
  File 
"C:\Users\ismai\Documents\GitHub\New-Data-Fraud-detection\backend\.venv\Lib\site-packages\sqlalchemy\pool\base.py", 
line 1263, in _checkout
    fairy = _ConnectionRecord.checkout(pool)
            ^^^^^^^^^^^^^^^^^^^^^^^^^^^^^^^^
  File 
"C:\Users\ismai\Documents\GitHub\New-Data-Fraud-detection\backend\.venv\Lib\site-packages\sqlalchemy\pool\base.py", 
line 712, in checkout
    rec = pool._do_get()
          ^^^^^^^^^^^^^^
  File 
"C:\Users\ismai\Documents\GitHub\New-Data-Fraud-detection\backend\.venv\Lib\site-packages\sqlalchemy\pool\impl.py", 
line 179, in _do_get
    with util.safe_reraise():
  File "C:\Users\ismai\Documents\GitHub\New-Data-Fraud-detection\backend\.venv\Lib\site-packages\sqlalchemy\util\langhe
lpers.py", line 146, in __exit__
    raise exc_value.with_traceback(exc_tb)
  File 
"C:\Users\ismai\Documents\GitHub\New-Data-Fraud-detection\backend\.venv\Lib\site-packages\sqlalchemy\pool\impl.py", 
line 177, in _do_get
    return self._create_connection()
           ^^^^^^^^^^^^^^^^^^^^^^^^^
  File 
"C:\Users\ismai\Documents\GitHub\New-Data-Fraud-detection\backend\.venv\Lib\site-packages\sqlalchemy\pool\base.py", 
line 390, in _create_connection
    return _ConnectionRecord(self)
           ^^^^^^^^^^^^^^^^^^^^^^^
  File 
"C:\Users\ismai\Documents\GitHub\New-Data-Fraud-detection\backend\.venv\Lib\site-packages\sqlalchemy\pool\base.py", 
line 674, in __init__
    self.__connect()
  File 
"C:\Users\ismai\Documents\GitHub\New-Data-Fraud-detection\backend\.venv\Lib\site-packages\sqlalchemy\pool\base.py", 
line 900, in __connect
    with util.safe_reraise():
  File "C:\Users\ismai\Documents\GitHub\New-Data-Fraud-detection\backend\.venv\Lib\site-packages\sqlalchemy\util\langhe
lpers.py", line 146, in __exit__
    raise exc_value.with_traceback(exc_tb)
  File 
"C:\Users\ismai\Documents\GitHub\New-Data-Fraud-detection\backend\.venv\Lib\site-packages\sqlalchemy\pool\base.py", 
line 896, in __connect
    self.dbapi_connection = connection = pool._invoke_creator(self)
                                         ^^^^^^^^^^^^^^^^^^^^^^^^^^
  File "C:\Users\ismai\Documents\GitHub\New-Data-Fraud-detection\backend\.venv\Lib\site-packages\sqlalchemy\engine\crea
te.py", line 643, in connect
    return dialect.connect(*cargs, **cparams)
           ^^^^^^^^^^^^^^^^^^^^^^^^^^^^^^^^^^
  File "C:\Users\ismai\Documents\GitHub\New-Data-Fraud-detection\backend\.venv\Lib\site-packages\sqlalchemy\engine\defa
ult.py", line 621, in connect
    return self.loaded_dbapi.connect(*cargs, **cparams)
           ^^^^^^^^^^^^^^^^^^^^^^^^^^^^^^^^^^^^^^^^^^^^
  File 
"C:\Users\ismai\Documents\GitHub\New-Data-Fraud-detection\backend\.venv\Lib\site-packages\psycopg2\__init__.py", line 
122, in connect
    conn = _connect(dsn, connection_factory=connection_factory, **kwasync)
           ^^^^^^^^^^^^^^^^^^^^^^^^^^^^^^^^^^^^^^^^^^^^^^^^^^^^^^^^^^^^^^^
psycopg2.OperationalError: connection to server at "localhost" (::1), port 5432 failed: Connection refused 
(0x0000274D/10061)
	Is the server running on that host and accepting TCP/IP connections?
connection to server at "localhost" (127.0.0.1), port 5432 failed: Connection refused (0x0000274D/10061)
	Is the server running on that host and accepting TCP/IP connections?


The above exception was the direct cause of the following exception:

Traceback (most recent call last):
  File "C:\Users\ismai\Documents\GitHub\New-Data-Fraud-detection\backend\.venv\Lib\site-packages\uvicorn\protocols\http
\httptools_impl.py", line 409, in run_asgi
    result = await app(  # type: ignore[func-returns-value]
             ^^^^^^^^^^^^^^^^^^^^^^^^^^^^^^^^^^^^^^^^^^^^^^
  File "C:\Users\ismai\Documents\GitHub\New-Data-Fraud-detection\backend\.venv\Lib\site-packages\uvicorn\middleware\pro
xy_headers.py", line 60, in __call__
    return await self.app(scope, receive, send)
           ^^^^^^^^^^^^^^^^^^^^^^^^^^^^^^^^^^^^
  File 
"C:\Users\ismai\Documents\GitHub\New-Data-Fraud-detection\backend\.venv\Lib\site-packages\fastapi\applications.py", 
line 1054, in __call__
    await super().__call__(scope, receive, send)
  File 
"C:\Users\ismai\Documents\GitHub\New-Data-Fraud-detection\backend\.venv\Lib\site-packages\starlette\applications.py", 
line 113, in __call__
    await self.middleware_stack(scope, receive, send)
  File "C:\Users\ismai\Documents\GitHub\New-Data-Fraud-detection\backend\.venv\Lib\site-packages\starlette\middleware\e
rrors.py", line 187, in __call__
    raise exc
  File "C:\Users\ismai\Documents\GitHub\New-Data-Fraud-detection\backend\.venv\Lib\site-packages\starlette\middleware\e
rrors.py", line 165, in __call__
    await self.app(scope, receive, _send)
  File "C:\Users\ismai\Documents\GitHub\New-Data-Fraud-detection\backend\.venv\Lib\site-packages\starlette\middleware\c
ors.py", line 85, in __call__
    await self.app(scope, receive, send)
  File "C:\Users\ismai\Documents\GitHub\New-Data-Fraud-detection\backend\.venv\Lib\site-packages\starlette\middleware\e
xceptions.py", line 62, in __call__
    await wrap_app_handling_exceptions(self.app, conn)(scope, receive, send)
  File "C:\Users\ismai\Documents\GitHub\New-Data-Fraud-detection\backend\.venv\Lib\site-packages\starlette\_exception_h
andler.py", line 53, in wrapped_app
    raise exc
  File "C:\Users\ismai\Documents\GitHub\New-Data-Fraud-detection\backend\.venv\Lib\site-packages\starlette\_exception_h
andler.py", line 42, in wrapped_app
    await app(scope, receive, sender)
  File 
"C:\Users\ismai\Documents\GitHub\New-Data-Fraud-detection\backend\.venv\Lib\site-packages\starlette\routing.py", line 
715, in __call__
    await self.middleware_stack(scope, receive, send)
  File 
"C:\Users\ismai\Documents\GitHub\New-Data-Fraud-detection\backend\.venv\Lib\site-packages\starlette\routing.py", line 
735, in app
    await route.handle(scope, receive, send)
  File 
"C:\Users\ismai\Documents\GitHub\New-Data-Fraud-detection\backend\.venv\Lib\site-packages\starlette\routing.py", line 
288, in handle
    await self.app(scope, receive, send)
  File 
"C:\Users\ismai\Documents\GitHub\New-Data-Fraud-detection\backend\.venv\Lib\site-packages\starlette\routing.py", line 
76, in app
    await wrap_app_handling_exceptions(app, request)(scope, receive, send)
  File "C:\Users\ismai\Documents\GitHub\New-Data-Fraud-detection\backend\.venv\Lib\site-packages\starlette\_exception_h
andler.py", line 53, in wrapped_app
    raise exc
  File "C:\Users\ismai\Documents\GitHub\New-Data-Fraud-detection\backend\.venv\Lib\site-packages\starlette\_exception_h
andler.py", line 42, in wrapped_app
    await app(scope, receive, sender)
  File 
"C:\Users\ismai\Documents\GitHub\New-Data-Fraud-detection\backend\.venv\Lib\site-packages\starlette\routing.py", line 
73, in app
    response = await f(request)
               ^^^^^^^^^^^^^^^^
  File "C:\Users\ismai\Documents\GitHub\New-Data-Fraud-detection\backend\.venv\Lib\site-packages\fastapi\routing.py", 
line 301, in app
    raw_response = await run_endpoint_function(
                   ^^^^^^^^^^^^^^^^^^^^^^^^^^^^
  File "C:\Users\ismai\Documents\GitHub\New-Data-Fraud-detection\backend\.venv\Lib\site-packages\fastapi\routing.py", 
line 214, in run_endpoint_function
    return await run_in_threadpool(dependant.call, **values)
           ^^^^^^^^^^^^^^^^^^^^^^^^^^^^^^^^^^^^^^^^^^^^^^^^^
  File 
"C:\Users\ismai\Documents\GitHub\New-Data-Fraud-detection\backend\.venv\Lib\site-packages\starlette\concurrency.py", 
line 39, in run_in_threadpool
    return await anyio.to_thread.run_sync(func, *args)
           ^^^^^^^^^^^^^^^^^^^^^^^^^^^^^^^^^^^^^^^^^^^
  File "C:\Users\ismai\Documents\GitHub\New-Data-Fraud-detection\backend\.venv\Lib\site-packages\anyio\to_thread.py", 
line 65, in run_sync
    return await get_async_backend().run_sync_in_worker_thread(
           ^^^^^^^^^^^^^^^^^^^^^^^^^^^^^^^^^^^^^^^^^^^^^^^^^^^^
  File "C:\Users\ismai\Documents\GitHub\New-Data-Fraud-detection\backend\.venv\Lib\site-packages\anyio\_backends\_async
io.py", line 2706, in run_sync_in_worker_thread
    return await future
           ^^^^^^^^^^^^
  File "C:\Users\ismai\Documents\GitHub\New-Data-Fraud-detection\backend\.venv\Lib\site-packages\anyio\_backends\_async
io.py", line 1100, in run
    result = context.run(func, *args)
             ^^^^^^^^^^^^^^^^^^^^^^^^
  File "C:\Users\ismai\Documents\GitHub\New-Data-Fraud-detection\backend\app\routers\dashboard.py", line 220, in 
get_package_stats
    dist_rows = session.execute(distribution_sql).mappings().all()
                ^^^^^^^^^^^^^^^^^^^^^^^^^^^^^^^^^
  File 
"C:\Users\ismai\Documents\GitHub\New-Data-Fraud-detection\backend\.venv\Lib\site-packages\sqlalchemy\orm\session.py", 
line 2362, in execute
    return self._execute_internal(
           ^^^^^^^^^^^^^^^^^^^^^^^
  File 
"C:\Users\ismai\Documents\GitHub\New-Data-Fraud-detection\backend\.venv\Lib\site-packages\sqlalchemy\orm\session.py", 
line 2237, in _execute_internal
    conn = self._connection_for_bind(bind)
           ^^^^^^^^^^^^^^^^^^^^^^^^^^^^^^^
  File 
"C:\Users\ismai\Documents\GitHub\New-Data-Fraud-detection\backend\.venv\Lib\site-packages\sqlalchemy\orm\session.py", 
line 2106, in _connection_for_bind
    return trans._connection_for_bind(engine, execution_options)
           ^^^^^^^^^^^^^^^^^^^^^^^^^^^^^^^^^^^^^^^^^^^^^^^^^^^^^
  File "<string>", line 2, in _connection_for_bind
  File "C:\Users\ismai\Documents\GitHub\New-Data-Fraud-detection\backend\.venv\Lib\site-packages\sqlalchemy\orm\state_c
hanges.py", line 139, in _go
    ret_value = fn(self, *arg, **kw)
                ^^^^^^^^^^^^^^^^^^^^
  File 
"C:\Users\ismai\Documents\GitHub\New-Data-Fraud-detection\backend\.venv\Lib\site-packages\sqlalchemy\orm\session.py", 
line 1189, in _connection_for_bind
    conn = bind.connect()
           ^^^^^^^^^^^^^^
  File 
"C:\Users\ismai\Documents\GitHub\New-Data-Fraud-detection\backend\.venv\Lib\site-packages\sqlalchemy\engine\base.py", 
line 3278, in connect
    return self._connection_cls(self)
           ^^^^^^^^^^^^^^^^^^^^^^^^^^
  File 
"C:\Users\ismai\Documents\GitHub\New-Data-Fraud-detection\backend\.venv\Lib\site-packages\sqlalchemy\engine\base.py", 
line 148, in __init__
    Connection._handle_dbapi_exception_noconnection(
  File 
"C:\Users\ismai\Documents\GitHub\New-Data-Fraud-detection\backend\.venv\Lib\site-packages\sqlalchemy\engine\base.py", 
line 2442, in _handle_dbapi_exception_noconnection
    raise sqlalchemy_exception.with_traceback(exc_info[2]) from e
  File 
"C:\Users\ismai\Documents\GitHub\New-Data-Fraud-detection\backend\.venv\Lib\site-packages\sqlalchemy\engine\base.py", 
line 146, in __init__
    self._dbapi_connection = engine.raw_connection()
                             ^^^^^^^^^^^^^^^^^^^^^^^
  File 
"C:\Users\ismai\Documents\GitHub\New-Data-Fraud-detection\backend\.venv\Lib\site-packages\sqlalchemy\engine\base.py", 
line 3302, in raw_connection
    return self.pool.connect()
           ^^^^^^^^^^^^^^^^^^^
  File 
"C:\Users\ismai\Documents\GitHub\New-Data-Fraud-detection\backend\.venv\Lib\site-packages\sqlalchemy\pool\base.py", 
line 449, in connect
    return _ConnectionFairy._checkout(self)
           ^^^^^^^^^^^^^^^^^^^^^^^^^^^^^^^^
  File 
"C:\Users\ismai\Documents\GitHub\New-Data-Fraud-detection\backend\.venv\Lib\site-packages\sqlalchemy\pool\base.py", 
line 1263, in _checkout
    fairy = _ConnectionRecord.checkout(pool)
            ^^^^^^^^^^^^^^^^^^^^^^^^^^^^^^^^
  File 
"C:\Users\ismai\Documents\GitHub\New-Data-Fraud-detection\backend\.venv\Lib\site-packages\sqlalchemy\pool\base.py", 
line 712, in checkout
    rec = pool._do_get()
          ^^^^^^^^^^^^^^
  File 
"C:\Users\ismai\Documents\GitHub\New-Data-Fraud-detection\backend\.venv\Lib\site-packages\sqlalchemy\pool\impl.py", 
line 179, in _do_get
    with util.safe_reraise():
  File "C:\Users\ismai\Documents\GitHub\New-Data-Fraud-detection\backend\.venv\Lib\site-packages\sqlalchemy\util\langhe
lpers.py", line 146, in __exit__
    raise exc_value.with_traceback(exc_tb)
  File 
"C:\Users\ismai\Documents\GitHub\New-Data-Fraud-detection\backend\.venv\Lib\site-packages\sqlalchemy\pool\impl.py", 
line 177, in _do_get
    return self._create_connection()
           ^^^^^^^^^^^^^^^^^^^^^^^^^
  File 
"C:\Users\ismai\Documents\GitHub\New-Data-Fraud-detection\backend\.venv\Lib\site-packages\sqlalchemy\pool\base.py", 
line 390, in _create_connection
    return _ConnectionRecord(self)
           ^^^^^^^^^^^^^^^^^^^^^^^
  File 
"C:\Users\ismai\Documents\GitHub\New-Data-Fraud-detection\backend\.venv\Lib\site-packages\sqlalchemy\pool\base.py", 
line 674, in __init__
    self.__connect()
  File 
"C:\Users\ismai\Documents\GitHub\New-Data-Fraud-detection\backend\.venv\Lib\site-packages\sqlalchemy\pool\base.py", 
line 900, in __connect
    with util.safe_reraise():
  File "C:\Users\ismai\Documents\GitHub\New-Data-Fraud-detection\backend\.venv\Lib\site-packages\sqlalchemy\util\langhe
lpers.py", line 146, in __exit__
    raise exc_value.with_traceback(exc_tb)
  File 
"C:\Users\ismai\Documents\GitHub\New-Data-Fraud-detection\backend\.venv\Lib\site-packages\sqlalchemy\pool\base.py", 
line 896, in __connect
    self.dbapi_connection = connection = pool._invoke_creator(self)
                                         ^^^^^^^^^^^^^^^^^^^^^^^^^^
  File "C:\Users\ismai\Documents\GitHub\New-Data-Fraud-detection\backend\.venv\Lib\site-packages\sqlalchemy\engine\crea
te.py", line 643, in connect
    return dialect.connect(*cargs, **cparams)
           ^^^^^^^^^^^^^^^^^^^^^^^^^^^^^^^^^^
  File "C:\Users\ismai\Documents\GitHub\New-Data-Fraud-detection\backend\.venv\Lib\site-packages\sqlalchemy\engine\defa
ult.py", line 621, in connect
    return self.loaded_dbapi.connect(*cargs, **cparams)
           ^^^^^^^^^^^^^^^^^^^^^^^^^^^^^^^^^^^^^^^^^^^^
  File 
"C:\Users\ismai\Documents\GitHub\New-Data-Fraud-detection\backend\.venv\Lib\site-packages\psycopg2\__init__.py", line 
122, in connect
    conn = _connect(dsn, connection_factory=connection_factory, **kwasync)
           ^^^^^^^^^^^^^^^^^^^^^^^^^^^^^^^^^^^^^^^^^^^^^^^^^^^^^^^^^^^^^^^
sqlalchemy.exc.OperationalError: (psycopg2.OperationalError) connection to server at "localhost" (::1), port 5432 
failed: Connection refused (0x0000274D/10061)
	Is the server running on that host and accepting TCP/IP connections?
connection to server at "localhost" (127.0.0.1), port 5432 failed: Connection refused (0x0000274D/10061)
	Is the server running on that host and accepting TCP/IP connections?

(Background on this error at: https://sqlalche.me/e/20/e3q8)
ERROR:    Exception in ASGI application
Traceback (most recent call last):
  File 
"C:\Users\ismai\Documents\GitHub\New-Data-Fraud-detection\backend\.venv\Lib\site-packages\sqlalchemy\engine\base.py", 
line 146, in __init__
    self._dbapi_connection = engine.raw_connection()
                             ^^^^^^^^^^^^^^^^^^^^^^^
  File 
"C:\Users\ismai\Documents\GitHub\New-Data-Fraud-detection\backend\.venv\Lib\site-packages\sqlalchemy\engine\base.py", 
line 3302, in raw_connection
    return self.pool.connect()
           ^^^^^^^^^^^^^^^^^^^
  File 
"C:\Users\ismai\Documents\GitHub\New-Data-Fraud-detection\backend\.venv\Lib\site-packages\sqlalchemy\pool\base.py", 
line 449, in connect
    return _ConnectionFairy._checkout(self)
           ^^^^^^^^^^^^^^^^^^^^^^^^^^^^^^^^
  File 
"C:\Users\ismai\Documents\GitHub\New-Data-Fraud-detection\backend\.venv\Lib\site-packages\sqlalchemy\pool\base.py", 
line 1263, in _checkout
    fairy = _ConnectionRecord.checkout(pool)
            ^^^^^^^^^^^^^^^^^^^^^^^^^^^^^^^^
  File 
"C:\Users\ismai\Documents\GitHub\New-Data-Fraud-detection\backend\.venv\Lib\site-packages\sqlalchemy\pool\base.py", 
line 712, in checkout
    rec = pool._do_get()
          ^^^^^^^^^^^^^^
  File 
"C:\Users\ismai\Documents\GitHub\New-Data-Fraud-detection\backend\.venv\Lib\site-packages\sqlalchemy\pool\impl.py", 
line 179, in _do_get
    with util.safe_reraise():
  File "C:\Users\ismai\Documents\GitHub\New-Data-Fraud-detection\backend\.venv\Lib\site-packages\sqlalchemy\util\langhe
lpers.py", line 146, in __exit__
    raise exc_value.with_traceback(exc_tb)
  File 
"C:\Users\ismai\Documents\GitHub\New-Data-Fraud-detection\backend\.venv\Lib\site-packages\sqlalchemy\pool\impl.py", 
line 177, in _do_get
    return self._create_connection()
           ^^^^^^^^^^^^^^^^^^^^^^^^^
  File 
"C:\Users\ismai\Documents\GitHub\New-Data-Fraud-detection\backend\.venv\Lib\site-packages\sqlalchemy\pool\base.py", 
line 390, in _create_connection
    return _ConnectionRecord(self)
           ^^^^^^^^^^^^^^^^^^^^^^^
  File 
"C:\Users\ismai\Documents\GitHub\New-Data-Fraud-detection\backend\.venv\Lib\site-packages\sqlalchemy\pool\base.py", 
line 674, in __init__
    self.__connect()
  File 
"C:\Users\ismai\Documents\GitHub\New-Data-Fraud-detection\backend\.venv\Lib\site-packages\sqlalchemy\pool\base.py", 
line 900, in __connect
    with util.safe_reraise():
  File "C:\Users\ismai\Documents\GitHub\New-Data-Fraud-detection\backend\.venv\Lib\site-packages\sqlalchemy\util\langhe
lpers.py", line 146, in __exit__
    raise exc_value.with_traceback(exc_tb)
  File 
"C:\Users\ismai\Documents\GitHub\New-Data-Fraud-detection\backend\.venv\Lib\site-packages\sqlalchemy\pool\base.py", 
line 896, in __connect
    self.dbapi_connection = connection = pool._invoke_creator(self)
                                         ^^^^^^^^^^^^^^^^^^^^^^^^^^
  File "C:\Users\ismai\Documents\GitHub\New-Data-Fraud-detection\backend\.venv\Lib\site-packages\sqlalchemy\engine\crea
te.py", line 643, in connect
    return dialect.connect(*cargs, **cparams)
           ^^^^^^^^^^^^^^^^^^^^^^^^^^^^^^^^^^
  File "C:\Users\ismai\Documents\GitHub\New-Data-Fraud-detection\backend\.venv\Lib\site-packages\sqlalchemy\engine\defa
ult.py", line 621, in connect
    return self.loaded_dbapi.connect(*cargs, **cparams)
           ^^^^^^^^^^^^^^^^^^^^^^^^^^^^^^^^^^^^^^^^^^^^
  File 
"C:\Users\ismai\Documents\GitHub\New-Data-Fraud-detection\backend\.venv\Lib\site-packages\psycopg2\__init__.py", line 
122, in connect
    conn = _connect(dsn, connection_factory=connection_factory, **kwasync)
           ^^^^^^^^^^^^^^^^^^^^^^^^^^^^^^^^^^^^^^^^^^^^^^^^^^^^^^^^^^^^^^^
psycopg2.OperationalError: connection to server at "localhost" (::1), port 5432 failed: Connection refused 
(0x0000274D/10061)
	Is the server running on that host and accepting TCP/IP connections?
connection to server at "localhost" (127.0.0.1), port 5432 failed: Connection refused (0x0000274D/10061)
	Is the server running on that host and accepting TCP/IP connections?


The above exception was the direct cause of the following exception:

Traceback (most recent call last):
  File "C:\Users\ismai\Documents\GitHub\New-Data-Fraud-detection\backend\.venv\Lib\site-packages\uvicorn\protocols\http
\httptools_impl.py", line 409, in run_asgi
    result = await app(  # type: ignore[func-returns-value]
             ^^^^^^^^^^^^^^^^^^^^^^^^^^^^^^^^^^^^^^^^^^^^^^
  File "C:\Users\ismai\Documents\GitHub\New-Data-Fraud-detection\backend\.venv\Lib\site-packages\uvicorn\middleware\pro
xy_headers.py", line 60, in __call__
    return await self.app(scope, receive, send)
           ^^^^^^^^^^^^^^^^^^^^^^^^^^^^^^^^^^^^
  File 
"C:\Users\ismai\Documents\GitHub\New-Data-Fraud-detection\backend\.venv\Lib\site-packages\fastapi\applications.py", 
line 1054, in __call__
    await super().__call__(scope, receive, send)
  File 
"C:\Users\ismai\Documents\GitHub\New-Data-Fraud-detection\backend\.venv\Lib\site-packages\starlette\applications.py", 
line 113, in __call__
    await self.middleware_stack(scope, receive, send)
  File "C:\Users\ismai\Documents\GitHub\New-Data-Fraud-detection\backend\.venv\Lib\site-packages\starlette\middleware\e
rrors.py", line 187, in __call__
    raise exc
  File "C:\Users\ismai\Documents\GitHub\New-Data-Fraud-detection\backend\.venv\Lib\site-packages\starlette\middleware\e
rrors.py", line 165, in __call__
    await self.app(scope, receive, _send)
  File "C:\Users\ismai\Documents\GitHub\New-Data-Fraud-detection\backend\.venv\Lib\site-packages\starlette\middleware\c
ors.py", line 85, in __call__
    await self.app(scope, receive, send)
  File "C:\Users\ismai\Documents\GitHub\New-Data-Fraud-detection\backend\.venv\Lib\site-packages\starlette\middleware\e
xceptions.py", line 62, in __call__
    await wrap_app_handling_exceptions(self.app, conn)(scope, receive, send)
  File "C:\Users\ismai\Documents\GitHub\New-Data-Fraud-detection\backend\.venv\Lib\site-packages\starlette\_exception_h
andler.py", line 53, in wrapped_app
    raise exc
  File "C:\Users\ismai\Documents\GitHub\New-Data-Fraud-detection\backend\.venv\Lib\site-packages\starlette\_exception_h
andler.py", line 42, in wrapped_app
    await app(scope, receive, sender)
  File 
"C:\Users\ismai\Documents\GitHub\New-Data-Fraud-detection\backend\.venv\Lib\site-packages\starlette\routing.py", line 
715, in __call__
    await self.middleware_stack(scope, receive, send)
  File 
"C:\Users\ismai\Documents\GitHub\New-Data-Fraud-detection\backend\.venv\Lib\site-packages\starlette\routing.py", line 
735, in app
    await route.handle(scope, receive, send)
  File 
"C:\Users\ismai\Documents\GitHub\New-Data-Fraud-detection\backend\.venv\Lib\site-packages\starlette\routing.py", line 
288, in handle
    await self.app(scope, receive, send)
  File 
"C:\Users\ismai\Documents\GitHub\New-Data-Fraud-detection\backend\.venv\Lib\site-packages\starlette\routing.py", line 
76, in app
    await wrap_app_handling_exceptions(app, request)(scope, receive, send)
  File "C:\Users\ismai\Documents\GitHub\New-Data-Fraud-detection\backend\.venv\Lib\site-packages\starlette\_exception_h
andler.py", line 53, in wrapped_app
    raise exc
  File "C:\Users\ismai\Documents\GitHub\New-Data-Fraud-detection\backend\.venv\Lib\site-packages\starlette\_exception_h
andler.py", line 42, in wrapped_app
    await app(scope, receive, sender)
  File 
"C:\Users\ismai\Documents\GitHub\New-Data-Fraud-detection\backend\.venv\Lib\site-packages\starlette\routing.py", line 
73, in app
    response = await f(request)
               ^^^^^^^^^^^^^^^^
  File "C:\Users\ismai\Documents\GitHub\New-Data-Fraud-detection\backend\.venv\Lib\site-packages\fastapi\routing.py", 
line 301, in app
    raw_response = await run_endpoint_function(
                   ^^^^^^^^^^^^^^^^^^^^^^^^^^^^
  File "C:\Users\ismai\Documents\GitHub\New-Data-Fraud-detection\backend\.venv\Lib\site-packages\fastapi\routing.py", 
line 214, in run_endpoint_function
    return await run_in_threadpool(dependant.call, **values)
           ^^^^^^^^^^^^^^^^^^^^^^^^^^^^^^^^^^^^^^^^^^^^^^^^^
  File 
"C:\Users\ismai\Documents\GitHub\New-Data-Fraud-detection\backend\.venv\Lib\site-packages\starlette\concurrency.py", 
line 39, in run_in_threadpool
    return await anyio.to_thread.run_sync(func, *args)
           ^^^^^^^^^^^^^^^^^^^^^^^^^^^^^^^^^^^^^^^^^^^
  File "C:\Users\ismai\Documents\GitHub\New-Data-Fraud-detection\backend\.venv\Lib\site-packages\anyio\to_thread.py", 
line 65, in run_sync
    return await get_async_backend().run_sync_in_worker_thread(
           ^^^^^^^^^^^^^^^^^^^^^^^^^^^^^^^^^^^^^^^^^^^^^^^^^^^^
  File "C:\Users\ismai\Documents\GitHub\New-Data-Fraud-detection\backend\.venv\Lib\site-packages\anyio\_backends\_async
io.py", line 2706, in run_sync_in_worker_thread
    return await future
           ^^^^^^^^^^^^
  File "C:\Users\ismai\Documents\GitHub\New-Data-Fraud-detection\backend\.venv\Lib\site-packages\anyio\_backends\_async
io.py", line 1100, in run
    result = context.run(func, *args)
             ^^^^^^^^^^^^^^^^^^^^^^^^
  File "C:\Users\ismai\Documents\GitHub\New-Data-Fraud-detection\backend\app\routers\dashboard.py", line 269, in 
get_rule_statistics
    totals = session.execute(totals_sql, params).mappings().one()
             ^^^^^^^^^^^^^^^^^^^^^^^^^^^^^^^^^^^
  File 
"C:\Users\ismai\Documents\GitHub\New-Data-Fraud-detection\backend\.venv\Lib\site-packages\sqlalchemy\orm\session.py", 
line 2362, in execute
    return self._execute_internal(
           ^^^^^^^^^^^^^^^^^^^^^^^
  File 
"C:\Users\ismai\Documents\GitHub\New-Data-Fraud-detection\backend\.venv\Lib\site-packages\sqlalchemy\orm\session.py", 
line 2237, in _execute_internal
    conn = self._connection_for_bind(bind)
           ^^^^^^^^^^^^^^^^^^^^^^^^^^^^^^^
  File 
"C:\Users\ismai\Documents\GitHub\New-Data-Fraud-detection\backend\.venv\Lib\site-packages\sqlalchemy\orm\session.py", 
line 2106, in _connection_for_bind
    return trans._connection_for_bind(engine, execution_options)
           ^^^^^^^^^^^^^^^^^^^^^^^^^^^^^^^^^^^^^^^^^^^^^^^^^^^^^
  File "<string>", line 2, in _connection_for_bind
  File "C:\Users\ismai\Documents\GitHub\New-Data-Fraud-detection\backend\.venv\Lib\site-packages\sqlalchemy\orm\state_c
hanges.py", line 139, in _go
    ret_value = fn(self, *arg, **kw)
                ^^^^^^^^^^^^^^^^^^^^
  File 
"C:\Users\ismai\Documents\GitHub\New-Data-Fraud-detection\backend\.venv\Lib\site-packages\sqlalchemy\orm\session.py", 
line 1189, in _connection_for_bind
    conn = bind.connect()
           ^^^^^^^^^^^^^^
  File 
"C:\Users\ismai\Documents\GitHub\New-Data-Fraud-detection\backend\.venv\Lib\site-packages\sqlalchemy\engine\base.py", 
line 3278, in connect
    return self._connection_cls(self)
           ^^^^^^^^^^^^^^^^^^^^^^^^^^
  File 
"C:\Users\ismai\Documents\GitHub\New-Data-Fraud-detection\backend\.venv\Lib\site-packages\sqlalchemy\engine\base.py", 
line 148, in __init__
    Connection._handle_dbapi_exception_noconnection(
  File 
"C:\Users\ismai\Documents\GitHub\New-Data-Fraud-detection\backend\.venv\Lib\site-packages\sqlalchemy\engine\base.py", 
line 2442, in _handle_dbapi_exception_noconnection
    raise sqlalchemy_exception.with_traceback(exc_info[2]) from e
  File 
"C:\Users\ismai\Documents\GitHub\New-Data-Fraud-detection\backend\.venv\Lib\site-packages\sqlalchemy\engine\base.py", 
line 146, in __init__
    self._dbapi_connection = engine.raw_connection()
                             ^^^^^^^^^^^^^^^^^^^^^^^
  File 
"C:\Users\ismai\Documents\GitHub\New-Data-Fraud-detection\backend\.venv\Lib\site-packages\sqlalchemy\engine\base.py", 
line 3302, in raw_connection
    return self.pool.connect()
           ^^^^^^^^^^^^^^^^^^^
  File 
"C:\Users\ismai\Documents\GitHub\New-Data-Fraud-detection\backend\.venv\Lib\site-packages\sqlalchemy\pool\base.py", 
line 449, in connect
    return _ConnectionFairy._checkout(self)
           ^^^^^^^^^^^^^^^^^^^^^^^^^^^^^^^^
  File 
"C:\Users\ismai\Documents\GitHub\New-Data-Fraud-detection\backend\.venv\Lib\site-packages\sqlalchemy\pool\base.py", 
line 1263, in _checkout
    fairy = _ConnectionRecord.checkout(pool)
            ^^^^^^^^^^^^^^^^^^^^^^^^^^^^^^^^
  File 
"C:\Users\ismai\Documents\GitHub\New-Data-Fraud-detection\backend\.venv\Lib\site-packages\sqlalchemy\pool\base.py", 
line 712, in checkout
    rec = pool._do_get()
          ^^^^^^^^^^^^^^
  File 
"C:\Users\ismai\Documents\GitHub\New-Data-Fraud-detection\backend\.venv\Lib\site-packages\sqlalchemy\pool\impl.py", 
line 179, in _do_get
    with util.safe_reraise():
  File "C:\Users\ismai\Documents\GitHub\New-Data-Fraud-detection\backend\.venv\Lib\site-packages\sqlalchemy\util\langhe
lpers.py", line 146, in __exit__
    raise exc_value.with_traceback(exc_tb)
  File 
"C:\Users\ismai\Documents\GitHub\New-Data-Fraud-detection\backend\.venv\Lib\site-packages\sqlalchemy\pool\impl.py", 
line 177, in _do_get
    return self._create_connection()
           ^^^^^^^^^^^^^^^^^^^^^^^^^
  File 
"C:\Users\ismai\Documents\GitHub\New-Data-Fraud-detection\backend\.venv\Lib\site-packages\sqlalchemy\pool\base.py", 
line 390, in _create_connection
    return _ConnectionRecord(self)
           ^^^^^^^^^^^^^^^^^^^^^^^
  File 
"C:\Users\ismai\Documents\GitHub\New-Data-Fraud-detection\backend\.venv\Lib\site-packages\sqlalchemy\pool\base.py", 
line 674, in __init__
    self.__connect()
  File 
"C:\Users\ismai\Documents\GitHub\New-Data-Fraud-detection\backend\.venv\Lib\site-packages\sqlalchemy\pool\base.py", 
line 900, in __connect
    with util.safe_reraise():
  File "C:\Users\ismai\Documents\GitHub\New-Data-Fraud-detection\backend\.venv\Lib\site-packages\sqlalchemy\util\langhe
lpers.py", line 146, in __exit__
    raise exc_value.with_traceback(exc_tb)
  File 
"C:\Users\ismai\Documents\GitHub\New-Data-Fraud-detection\backend\.venv\Lib\site-packages\sqlalchemy\pool\base.py", 
line 896, in __connect
    self.dbapi_connection = connection = pool._invoke_creator(self)
                                         ^^^^^^^^^^^^^^^^^^^^^^^^^^
  File "C:\Users\ismai\Documents\GitHub\New-Data-Fraud-detection\backend\.venv\Lib\site-packages\sqlalchemy\engine\crea
te.py", line 643, in connect
    return dialect.connect(*cargs, **cparams)
           ^^^^^^^^^^^^^^^^^^^^^^^^^^^^^^^^^^
  File "C:\Users\ismai\Documents\GitHub\New-Data-Fraud-detection\backend\.venv\Lib\site-packages\sqlalchemy\engine\defa
ult.py", line 621, in connect
    return self.loaded_dbapi.connect(*cargs, **cparams)
           ^^^^^^^^^^^^^^^^^^^^^^^^^^^^^^^^^^^^^^^^^^^^
  File 
"C:\Users\ismai\Documents\GitHub\New-Data-Fraud-detection\backend\.venv\Lib\site-packages\psycopg2\__init__.py", line 
122, in connect
    conn = _connect(dsn, connection_factory=connection_factory, **kwasync)
           ^^^^^^^^^^^^^^^^^^^^^^^^^^^^^^^^^^^^^^^^^^^^^^^^^^^^^^^^^^^^^^^
sqlalchemy.exc.OperationalError: (psycopg2.OperationalError) connection to server at "localhost" (::1), port 5432 
failed: Connection refused (0x0000274D/10061)
	Is the server running on that host and accepting TCP/IP connections?
connection to server at "localhost" (127.0.0.1), port 5432 failed: Connection refused (0x0000274D/10061)
	Is the server running on that host and accepting TCP/IP connections?

(Background on this error at: https://sqlalche.me/e/20/e3q8)
INFO:     127.0.0.1:58096 - "GET /api/analytics/rule-statistics HTTP/1.1" 500 Internal Server Error
INFO:     127.0.0.1:64410 - "GET /api/system-health HTTP/1.1" 200 OK
INFO:     127.0.0.1:63493 - "GET /api/kpis HTTP/1.1" 500 Internal Server Error
ERROR:    Exception in ASGI application
Traceback (most recent call last):
  File 
"C:\Users\ismai\Documents\GitHub\New-Data-Fraud-detection\backend\.venv\Lib\site-packages\sqlalchemy\engine\base.py", 
line 146, in __init__
    self._dbapi_connection = engine.raw_connection()
                             ^^^^^^^^^^^^^^^^^^^^^^^
  File 
"C:\Users\ismai\Documents\GitHub\New-Data-Fraud-detection\backend\.venv\Lib\site-packages\sqlalchemy\engine\base.py", 
line 3302, in raw_connection
    return self.pool.connect()
           ^^^^^^^^^^^^^^^^^^^
  File 
"C:\Users\ismai\Documents\GitHub\New-Data-Fraud-detection\backend\.venv\Lib\site-packages\sqlalchemy\pool\base.py", 
line 449, in connect
    return _ConnectionFairy._checkout(self)
           ^^^^^^^^^^^^^^^^^^^^^^^^^^^^^^^^
  File 
"C:\Users\ismai\Documents\GitHub\New-Data-Fraud-detection\backend\.venv\Lib\site-packages\sqlalchemy\pool\base.py", 
line 1263, in _checkout
    fairy = _ConnectionRecord.checkout(pool)
            ^^^^^^^^^^^^^^^^^^^^^^^^^^^^^^^^
  File 
"C:\Users\ismai\Documents\GitHub\New-Data-Fraud-detection\backend\.venv\Lib\site-packages\sqlalchemy\pool\base.py", 
line 712, in checkout
    rec = pool._do_get()
          ^^^^^^^^^^^^^^
  File 
"C:\Users\ismai\Documents\GitHub\New-Data-Fraud-detection\backend\.venv\Lib\site-packages\sqlalchemy\pool\impl.py", 
line 179, in _do_get
    with util.safe_reraise():
  File "C:\Users\ismai\Documents\GitHub\New-Data-Fraud-detection\backend\.venv\Lib\site-packages\sqlalchemy\util\langhe
lpers.py", line 146, in __exit__
    raise exc_value.with_traceback(exc_tb)
  File 
"C:\Users\ismai\Documents\GitHub\New-Data-Fraud-detection\backend\.venv\Lib\site-packages\sqlalchemy\pool\impl.py", 
line 177, in _do_get
    return self._create_connection()
           ^^^^^^^^^^^^^^^^^^^^^^^^^
  File 
"C:\Users\ismai\Documents\GitHub\New-Data-Fraud-detection\backend\.venv\Lib\site-packages\sqlalchemy\pool\base.py", 
line 390, in _create_connection
    return _ConnectionRecord(self)
           ^^^^^^^^^^^^^^^^^^^^^^^
  File 
"C:\Users\ismai\Documents\GitHub\New-Data-Fraud-detection\backend\.venv\Lib\site-packages\sqlalchemy\pool\base.py", 
line 674, in __init__
    self.__connect()
  File 
"C:\Users\ismai\Documents\GitHub\New-Data-Fraud-detection\backend\.venv\Lib\site-packages\sqlalchemy\pool\base.py", 
line 900, in __connect
    with util.safe_reraise():
  File "C:\Users\ismai\Documents\GitHub\New-Data-Fraud-detection\backend\.venv\Lib\site-packages\sqlalchemy\util\langhe
lpers.py", line 146, in __exit__
    raise exc_value.with_traceback(exc_tb)
  File 
"C:\Users\ismai\Documents\GitHub\New-Data-Fraud-detection\backend\.venv\Lib\site-packages\sqlalchemy\pool\base.py", 
line 896, in __connect
    self.dbapi_connection = connection = pool._invoke_creator(self)
                                         ^^^^^^^^^^^^^^^^^^^^^^^^^^
  File "C:\Users\ismai\Documents\GitHub\New-Data-Fraud-detection\backend\.venv\Lib\site-packages\sqlalchemy\engine\crea
te.py", line 643, in connect
    return dialect.connect(*cargs, **cparams)
           ^^^^^^^^^^^^^^^^^^^^^^^^^^^^^^^^^^
  File "C:\Users\ismai\Documents\GitHub\New-Data-Fraud-detection\backend\.venv\Lib\site-packages\sqlalchemy\engine\defa
ult.py", line 621, in connect
    return self.loaded_dbapi.connect(*cargs, **cparams)
           ^^^^^^^^^^^^^^^^^^^^^^^^^^^^^^^^^^^^^^^^^^^^
  File 
"C:\Users\ismai\Documents\GitHub\New-Data-Fraud-detection\backend\.venv\Lib\site-packages\psycopg2\__init__.py", line 
122, in connect
    conn = _connect(dsn, connection_factory=connection_factory, **kwasync)
           ^^^^^^^^^^^^^^^^^^^^^^^^^^^^^^^^^^^^^^^^^^^^^^^^^^^^^^^^^^^^^^^
psycopg2.OperationalError: connection to server at "localhost" (::1), port 5432 failed: Connection refused 
(0x0000274D/10061)
	Is the server running on that host and accepting TCP/IP connections?
connection to server at "localhost" (127.0.0.1), port 5432 failed: Connection refused (0x0000274D/10061)
	Is the server running on that host and accepting TCP/IP connections?


The above exception was the direct cause of the following exception:

Traceback (most recent call last):
  File "C:\Users\ismai\Documents\GitHub\New-Data-Fraud-detection\backend\.venv\Lib\site-packages\uvicorn\protocols\http
\httptools_impl.py", line 409, in run_asgi
    result = await app(  # type: ignore[func-returns-value]
             ^^^^^^^^^^^^^^^^^^^^^^^^^^^^^^^^^^^^^^^^^^^^^^
  File "C:\Users\ismai\Documents\GitHub\New-Data-Fraud-detection\backend\.venv\Lib\site-packages\uvicorn\middleware\pro
xy_headers.py", line 60, in __call__
    return await self.app(scope, receive, send)
           ^^^^^^^^^^^^^^^^^^^^^^^^^^^^^^^^^^^^
  File 
"C:\Users\ismai\Documents\GitHub\New-Data-Fraud-detection\backend\.venv\Lib\site-packages\fastapi\applications.py", 
line 1054, in __call__
    await super().__call__(scope, receive, send)
  File 
"C:\Users\ismai\Documents\GitHub\New-Data-Fraud-detection\backend\.venv\Lib\site-packages\starlette\applications.py", 
line 113, in __call__
    await self.middleware_stack(scope, receive, send)
  File "C:\Users\ismai\Documents\GitHub\New-Data-Fraud-detection\backend\.venv\Lib\site-packages\starlette\middleware\e
rrors.py", line 187, in __call__
    raise exc
  File "C:\Users\ismai\Documents\GitHub\New-Data-Fraud-detection\backend\.venv\Lib\site-packages\starlette\middleware\e
rrors.py", line 165, in __call__
    await self.app(scope, receive, _send)
  File "C:\Users\ismai\Documents\GitHub\New-Data-Fraud-detection\backend\.venv\Lib\site-packages\starlette\middleware\c
ors.py", line 85, in __call__
    await self.app(scope, receive, send)
  File "C:\Users\ismai\Documents\GitHub\New-Data-Fraud-detection\backend\.venv\Lib\site-packages\starlette\middleware\e
xceptions.py", line 62, in __call__
    await wrap_app_handling_exceptions(self.app, conn)(scope, receive, send)
  File "C:\Users\ismai\Documents\GitHub\New-Data-Fraud-detection\backend\.venv\Lib\site-packages\starlette\_exception_h
andler.py", line 53, in wrapped_app
    raise exc
  File "C:\Users\ismai\Documents\GitHub\New-Data-Fraud-detection\backend\.venv\Lib\site-packages\starlette\_exception_h
andler.py", line 42, in wrapped_app
    await app(scope, receive, sender)
  File 
"C:\Users\ismai\Documents\GitHub\New-Data-Fraud-detection\backend\.venv\Lib\site-packages\starlette\routing.py", line 
715, in __call__
    await self.middleware_stack(scope, receive, send)
  File 
"C:\Users\ismai\Documents\GitHub\New-Data-Fraud-detection\backend\.venv\Lib\site-packages\starlette\routing.py", line 
735, in app
    await route.handle(scope, receive, send)
  File 
"C:\Users\ismai\Documents\GitHub\New-Data-Fraud-detection\backend\.venv\Lib\site-packages\starlette\routing.py", line 
288, in handle
    await self.app(scope, receive, send)
  File 
"C:\Users\ismai\Documents\GitHub\New-Data-Fraud-detection\backend\.venv\Lib\site-packages\starlette\routing.py", line 
76, in app
    await wrap_app_handling_exceptions(app, request)(scope, receive, send)
  File "C:\Users\ismai\Documents\GitHub\New-Data-Fraud-detection\backend\.venv\Lib\site-packages\starlette\_exception_h
andler.py", line 53, in wrapped_app
    raise exc
  File "C:\Users\ismai\Documents\GitHub\New-Data-Fraud-detection\backend\.venv\Lib\site-packages\starlette\_exception_h
andler.py", line 42, in wrapped_app
    await app(scope, receive, sender)
  File 
"C:\Users\ismai\Documents\GitHub\New-Data-Fraud-detection\backend\.venv\Lib\site-packages\starlette\routing.py", line 
73, in app
    response = await f(request)
               ^^^^^^^^^^^^^^^^
  File "C:\Users\ismai\Documents\GitHub\New-Data-Fraud-detection\backend\.venv\Lib\site-packages\fastapi\routing.py", 
line 301, in app
    raw_response = await run_endpoint_function(
                   ^^^^^^^^^^^^^^^^^^^^^^^^^^^^
  File "C:\Users\ismai\Documents\GitHub\New-Data-Fraud-detection\backend\.venv\Lib\site-packages\fastapi\routing.py", 
line 214, in run_endpoint_function
    return await run_in_threadpool(dependant.call, **values)
           ^^^^^^^^^^^^^^^^^^^^^^^^^^^^^^^^^^^^^^^^^^^^^^^^^
  File 
"C:\Users\ismai\Documents\GitHub\New-Data-Fraud-detection\backend\.venv\Lib\site-packages\starlette\concurrency.py", 
line 39, in run_in_threadpool
    return await anyio.to_thread.run_sync(func, *args)
           ^^^^^^^^^^^^^^^^^^^^^^^^^^^^^^^^^^^^^^^^^^^
  File "C:\Users\ismai\Documents\GitHub\New-Data-Fraud-detection\backend\.venv\Lib\site-packages\anyio\to_thread.py", 
line 65, in run_sync
    return await get_async_backend().run_sync_in_worker_thread(
           ^^^^^^^^^^^^^^^^^^^^^^^^^^^^^^^^^^^^^^^^^^^^^^^^^^^^
  File "C:\Users\ismai\Documents\GitHub\New-Data-Fraud-detection\backend\.venv\Lib\site-packages\anyio\_backends\_async
io.py", line 2706, in run_sync_in_worker_thread
    return await future
           ^^^^^^^^^^^^
  File "C:\Users\ismai\Documents\GitHub\New-Data-Fraud-detection\backend\.venv\Lib\site-packages\anyio\_backends\_async
io.py", line 1100, in run
    result = context.run(func, *args)
             ^^^^^^^^^^^^^^^^^^^^^^^^
  File "C:\Users\ismai\Documents\GitHub\New-Data-Fraud-detection\backend\app\routers\dashboard.py", line 59, in 
get_kpis
    row = session.execute(sql, params).mappings().one()
          ^^^^^^^^^^^^^^^^^^^^^^^^^^^^
  File 
"C:\Users\ismai\Documents\GitHub\New-Data-Fraud-detection\backend\.venv\Lib\site-packages\sqlalchemy\orm\session.py", 
line 2362, in execute
    return self._execute_internal(
           ^^^^^^^^^^^^^^^^^^^^^^^
  File 
"C:\Users\ismai\Documents\GitHub\New-Data-Fraud-detection\backend\.venv\Lib\site-packages\sqlalchemy\orm\session.py", 
line 2237, in _execute_internal
    conn = self._connection_for_bind(bind)
           ^^^^^^^^^^^^^^^^^^^^^^^^^^^^^^^
  File 
"C:\Users\ismai\Documents\GitHub\New-Data-Fraud-detection\backend\.venv\Lib\site-packages\sqlalchemy\orm\session.py", 
line 2106, in _connection_for_bind
    return trans._connection_for_bind(engine, execution_options)
           ^^^^^^^^^^^^^^^^^^^^^^^^^^^^^^^^^^^^^^^^^^^^^^^^^^^^^
  File "<string>", line 2, in _connection_for_bind
  File "C:\Users\ismai\Documents\GitHub\New-Data-Fraud-detection\backend\.venv\Lib\site-packages\sqlalchemy\orm\state_c
hanges.py", line 139, in _go
    ret_value = fn(self, *arg, **kw)
                ^^^^^^^^^^^^^^^^^^^^
  File 
"C:\Users\ismai\Documents\GitHub\New-Data-Fraud-detection\backend\.venv\Lib\site-packages\sqlalchemy\orm\session.py", 
line 1189, in _connection_for_bind
    conn = bind.connect()
           ^^^^^^^^^^^^^^
  File 
"C:\Users\ismai\Documents\GitHub\New-Data-Fraud-detection\backend\.venv\Lib\site-packages\sqlalchemy\engine\base.py", 
line 3278, in connect
    return self._connection_cls(self)
           ^^^^^^^^^^^^^^^^^^^^^^^^^^
  File 
"C:\Users\ismai\Documents\GitHub\New-Data-Fraud-detection\backend\.venv\Lib\site-packages\sqlalchemy\engine\base.py", 
line 148, in __init__
    Connection._handle_dbapi_exception_noconnection(
  File 
"C:\Users\ismai\Documents\GitHub\New-Data-Fraud-detection\backend\.venv\Lib\site-packages\sqlalchemy\engine\base.py", 
line 2442, in _handle_dbapi_exception_noconnection
    raise sqlalchemy_exception.with_traceback(exc_info[2]) from e
  File 
"C:\Users\ismai\Documents\GitHub\New-Data-Fraud-detection\backend\.venv\Lib\site-packages\sqlalchemy\engine\base.py", 
line 146, in __init__
    self._dbapi_connection = engine.raw_connection()
                             ^^^^^^^^^^^^^^^^^^^^^^^
  File 
"C:\Users\ismai\Documents\GitHub\New-Data-Fraud-detection\backend\.venv\Lib\site-packages\sqlalchemy\engine\base.py", 
line 3302, in raw_connection
    return self.pool.connect()
           ^^^^^^^^^^^^^^^^^^^
  File 
"C:\Users\ismai\Documents\GitHub\New-Data-Fraud-detection\backend\.venv\Lib\site-packages\sqlalchemy\pool\base.py", 
line 449, in connect
    return _ConnectionFairy._checkout(self)
           ^^^^^^^^^^^^^^^^^^^^^^^^^^^^^^^^
  File 
"C:\Users\ismai\Documents\GitHub\New-Data-Fraud-detection\backend\.venv\Lib\site-packages\sqlalchemy\pool\base.py", 
line 1263, in _checkout
    fairy = _ConnectionRecord.checkout(pool)
            ^^^^^^^^^^^^^^^^^^^^^^^^^^^^^^^^
  File 
"C:\Users\ismai\Documents\GitHub\New-Data-Fraud-detection\backend\.venv\Lib\site-packages\sqlalchemy\pool\base.py", 
line 712, in checkout
    rec = pool._do_get()
          ^^^^^^^^^^^^^^
  File 
"C:\Users\ismai\Documents\GitHub\New-Data-Fraud-detection\backend\.venv\Lib\site-packages\sqlalchemy\pool\impl.py", 
line 179, in _do_get
    with util.safe_reraise():
  File "C:\Users\ismai\Documents\GitHub\New-Data-Fraud-detection\backend\.venv\Lib\site-packages\sqlalchemy\util\langhe
lpers.py", line 146, in __exit__
    raise exc_value.with_traceback(exc_tb)
  File 
"C:\Users\ismai\Documents\GitHub\New-Data-Fraud-detection\backend\.venv\Lib\site-packages\sqlalchemy\pool\impl.py", 
line 177, in _do_get
    return self._create_connection()
           ^^^^^^^^^^^^^^^^^^^^^^^^^
  File 
"C:\Users\ismai\Documents\GitHub\New-Data-Fraud-detection\backend\.venv\Lib\site-packages\sqlalchemy\pool\base.py", 
line 390, in _create_connection
    return _ConnectionRecord(self)
           ^^^^^^^^^^^^^^^^^^^^^^^
  File 
"C:\Users\ismai\Documents\GitHub\New-Data-Fraud-detection\backend\.venv\Lib\site-packages\sqlalchemy\pool\base.py", 
line 674, in __init__
    self.__connect()
  File 
"C:\Users\ismai\Documents\GitHub\New-Data-Fraud-detection\backend\.venv\Lib\site-packages\sqlalchemy\pool\base.py", 
line 900, in __connect
    with util.safe_reraise():
  File "C:\Users\ismai\Documents\GitHub\New-Data-Fraud-detection\backend\.venv\Lib\site-packages\sqlalchemy\util\langhe
lpers.py", line 146, in __exit__
    raise exc_value.with_traceback(exc_tb)
  File 
"C:\Users\ismai\Documents\GitHub\New-Data-Fraud-detection\backend\.venv\Lib\site-packages\sqlalchemy\pool\base.py", 
line 896, in __connect
    self.dbapi_connection = connection = pool._invoke_creator(self)
                                         ^^^^^^^^^^^^^^^^^^^^^^^^^^
  File "C:\Users\ismai\Documents\GitHub\New-Data-Fraud-detection\backend\.venv\Lib\site-packages\sqlalchemy\engine\crea
te.py", line 643, in connect
    return dialect.connect(*cargs, **cparams)
           ^^^^^^^^^^^^^^^^^^^^^^^^^^^^^^^^^^
  File "C:\Users\ismai\Documents\GitHub\New-Data-Fraud-detection\backend\.venv\Lib\site-packages\sqlalchemy\engine\defa
ult.py", line 621, in connect
    return self.loaded_dbapi.connect(*cargs, **cparams)
           ^^^^^^^^^^^^^^^^^^^^^^^^^^^^^^^^^^^^^^^^^^^^
  File 
"C:\Users\ismai\Documents\GitHub\New-Data-Fraud-detection\backend\.venv\Lib\site-packages\psycopg2\__init__.py", line 
122, in connect
    conn = _connect(dsn, connection_factory=connection_factory, **kwasync)
           ^^^^^^^^^^^^^^^^^^^^^^^^^^^^^^^^^^^^^^^^^^^^^^^^^^^^^^^^^^^^^^^
sqlalchemy.exc.OperationalError: (psycopg2.OperationalError) connection to server at "localhost" (::1), port 5432 
failed: Connection refused (0x0000274D/10061)
	Is the server running on that host and accepting TCP/IP connections?
connection to server at "localhost" (127.0.0.1), port 5432 failed: Connection refused (0x0000274D/10061)
	Is the server running on that host and accepting TCP/IP connections?

(Background on this error at: https://sqlalche.me/e/20/e3q8)
INFO:     127.0.0.1:63494 - "GET /api/analytics/daily HTTP/1.1" 500 Internal Server Error
ERROR:    Exception in ASGI application
Traceback (most recent call last):
  File 
"C:\Users\ismai\Documents\GitHub\New-Data-Fraud-detection\backend\.venv\Lib\site-packages\sqlalchemy\engine\base.py", 
line 146, in __init__
    self._dbapi_connection = engine.raw_connection()
                             ^^^^^^^^^^^^^^^^^^^^^^^
  File 
"C:\Users\ismai\Documents\GitHub\New-Data-Fraud-detection\backend\.venv\Lib\site-packages\sqlalchemy\engine\base.py", 
line 3302, in raw_connection
    return self.pool.connect()
           ^^^^^^^^^^^^^^^^^^^
  File 
"C:\Users\ismai\Documents\GitHub\New-Data-Fraud-detection\backend\.venv\Lib\site-packages\sqlalchemy\pool\base.py", 
line 449, in connect
    return _ConnectionFairy._checkout(self)
           ^^^^^^^^^^^^^^^^^^^^^^^^^^^^^^^^
  File 
"C:\Users\ismai\Documents\GitHub\New-Data-Fraud-detection\backend\.venv\Lib\site-packages\sqlalchemy\pool\base.py", 
line 1263, in _checkout
    fairy = _ConnectionRecord.checkout(pool)
            ^^^^^^^^^^^^^^^^^^^^^^^^^^^^^^^^
  File 
"C:\Users\ismai\Documents\GitHub\New-Data-Fraud-detection\backend\.venv\Lib\site-packages\sqlalchemy\pool\base.py", 
line 712, in checkout
    rec = pool._do_get()
          ^^^^^^^^^^^^^^
  File 
"C:\Users\ismai\Documents\GitHub\New-Data-Fraud-detection\backend\.venv\Lib\site-packages\sqlalchemy\pool\impl.py", 
line 179, in _do_get
    with util.safe_reraise():
  File "C:\Users\ismai\Documents\GitHub\New-Data-Fraud-detection\backend\.venv\Lib\site-packages\sqlalchemy\util\langhe
lpers.py", line 146, in __exit__
    raise exc_value.with_traceback(exc_tb)
  File 
"C:\Users\ismai\Documents\GitHub\New-Data-Fraud-detection\backend\.venv\Lib\site-packages\sqlalchemy\pool\impl.py", 
line 177, in _do_get
    return self._create_connection()
           ^^^^^^^^^^^^^^^^^^^^^^^^^
  File 
"C:\Users\ismai\Documents\GitHub\New-Data-Fraud-detection\backend\.venv\Lib\site-packages\sqlalchemy\pool\base.py", 
line 390, in _create_connection
    return _ConnectionRecord(self)
           ^^^^^^^^^^^^^^^^^^^^^^^
  File 
"C:\Users\ismai\Documents\GitHub\New-Data-Fraud-detection\backend\.venv\Lib\site-packages\sqlalchemy\pool\base.py", 
line 674, in __init__
    self.__connect()
  File 
"C:\Users\ismai\Documents\GitHub\New-Data-Fraud-detection\backend\.venv\Lib\site-packages\sqlalchemy\pool\base.py", 
line 900, in __connect
    with util.safe_reraise():
  File "C:\Users\ismai\Documents\GitHub\New-Data-Fraud-detection\backend\.venv\Lib\site-packages\sqlalchemy\util\langhe
lpers.py", line 146, in __exit__
    raise exc_value.with_traceback(exc_tb)
  File 
"C:\Users\ismai\Documents\GitHub\New-Data-Fraud-detection\backend\.venv\Lib\site-packages\sqlalchemy\pool\base.py", 
line 896, in __connect
    self.dbapi_connection = connection = pool._invoke_creator(self)
                                         ^^^^^^^^^^^^^^^^^^^^^^^^^^
  File "C:\Users\ismai\Documents\GitHub\New-Data-Fraud-detection\backend\.venv\Lib\site-packages\sqlalchemy\engine\crea
te.py", line 643, in connect
    return dialect.connect(*cargs, **cparams)
           ^^^^^^^^^^^^^^^^^^^^^^^^^^^^^^^^^^
  File "C:\Users\ismai\Documents\GitHub\New-Data-Fraud-detection\backend\.venv\Lib\site-packages\sqlalchemy\engine\defa
ult.py", line 621, in connect
    return self.loaded_dbapi.connect(*cargs, **cparams)
           ^^^^^^^^^^^^^^^^^^^^^^^^^^^^^^^^^^^^^^^^^^^^
  File 
"C:\Users\ismai\Documents\GitHub\New-Data-Fraud-detection\backend\.venv\Lib\site-packages\psycopg2\__init__.py", line 
122, in connect
    conn = _connect(dsn, connection_factory=connection_factory, **kwasync)
           ^^^^^^^^^^^^^^^^^^^^^^^^^^^^^^^^^^^^^^^^^^^^^^^^^^^^^^^^^^^^^^^
psycopg2.OperationalError: connection to server at "localhost" (::1), port 5432 failed: Connection refused 
(0x0000274D/10061)
	Is the server running on that host and accepting TCP/IP connections?
connection to server at "localhost" (127.0.0.1), port 5432 failed: Connection refused (0x0000274D/10061)
	Is the server running on that host and accepting TCP/IP connections?


The above exception was the direct cause of the following exception:

Traceback (most recent call last):
  File "C:\Users\ismai\Documents\GitHub\New-Data-Fraud-detection\backend\.venv\Lib\site-packages\uvicorn\protocols\http
\httptools_impl.py", line 409, in run_asgi
    result = await app(  # type: ignore[func-returns-value]
             ^^^^^^^^^^^^^^^^^^^^^^^^^^^^^^^^^^^^^^^^^^^^^^
  File "C:\Users\ismai\Documents\GitHub\New-Data-Fraud-detection\backend\.venv\Lib\site-packages\uvicorn\middleware\pro
xy_headers.py", line 60, in __call__
    return await self.app(scope, receive, send)
           ^^^^^^^^^^^^^^^^^^^^^^^^^^^^^^^^^^^^
  File 
"C:\Users\ismai\Documents\GitHub\New-Data-Fraud-detection\backend\.venv\Lib\site-packages\fastapi\applications.py", 
line 1054, in __call__
    await super().__call__(scope, receive, send)
  File 
"C:\Users\ismai\Documents\GitHub\New-Data-Fraud-detection\backend\.venv\Lib\site-packages\starlette\applications.py", 
line 113, in __call__
    await self.middleware_stack(scope, receive, send)
  File "C:\Users\ismai\Documents\GitHub\New-Data-Fraud-detection\backend\.venv\Lib\site-packages\starlette\middleware\e
rrors.py", line 187, in __call__
    raise exc
  File "C:\Users\ismai\Documents\GitHub\New-Data-Fraud-detection\backend\.venv\Lib\site-packages\starlette\middleware\e
rrors.py", line 165, in __call__
    await self.app(scope, receive, _send)
  File "C:\Users\ismai\Documents\GitHub\New-Data-Fraud-detection\backend\.venv\Lib\site-packages\starlette\middleware\c
ors.py", line 85, in __call__
    await self.app(scope, receive, send)
  File "C:\Users\ismai\Documents\GitHub\New-Data-Fraud-detection\backend\.venv\Lib\site-packages\starlette\middleware\e
xceptions.py", line 62, in __call__
    await wrap_app_handling_exceptions(self.app, conn)(scope, receive, send)
  File "C:\Users\ismai\Documents\GitHub\New-Data-Fraud-detection\backend\.venv\Lib\site-packages\starlette\_exception_h
andler.py", line 53, in wrapped_app
    raise exc
  File "C:\Users\ismai\Documents\GitHub\New-Data-Fraud-detection\backend\.venv\Lib\site-packages\starlette\_exception_h
andler.py", line 42, in wrapped_app
    await app(scope, receive, sender)
  File 
"C:\Users\ismai\Documents\GitHub\New-Data-Fraud-detection\backend\.venv\Lib\site-packages\starlette\routing.py", line 
715, in __call__
    await self.middleware_stack(scope, receive, send)
  File 
"C:\Users\ismai\Documents\GitHub\New-Data-Fraud-detection\backend\.venv\Lib\site-packages\starlette\routing.py", line 
735, in app
    await route.handle(scope, receive, send)
  File 
"C:\Users\ismai\Documents\GitHub\New-Data-Fraud-detection\backend\.venv\Lib\site-packages\starlette\routing.py", line 
288, in handle
    await self.app(scope, receive, send)
  File 
"C:\Users\ismai\Documents\GitHub\New-Data-Fraud-detection\backend\.venv\Lib\site-packages\starlette\routing.py", line 
76, in app
    await wrap_app_handling_exceptions(app, request)(scope, receive, send)
  File "C:\Users\ismai\Documents\GitHub\New-Data-Fraud-detection\backend\.venv\Lib\site-packages\starlette\_exception_h
andler.py", line 53, in wrapped_app
    raise exc
  File "C:\Users\ismai\Documents\GitHub\New-Data-Fraud-detection\backend\.venv\Lib\site-packages\starlette\_exception_h
andler.py", line 42, in wrapped_app
    await app(scope, receive, sender)
  File 
"C:\Users\ismai\Documents\GitHub\New-Data-Fraud-detection\backend\.venv\Lib\site-packages\starlette\routing.py", line 
73, in app
    response = await f(request)
               ^^^^^^^^^^^^^^^^
  File "C:\Users\ismai\Documents\GitHub\New-Data-Fraud-detection\backend\.venv\Lib\site-packages\fastapi\routing.py", 
line 301, in app
    raw_response = await run_endpoint_function(
                   ^^^^^^^^^^^^^^^^^^^^^^^^^^^^
  File "C:\Users\ismai\Documents\GitHub\New-Data-Fraud-detection\backend\.venv\Lib\site-packages\fastapi\routing.py", 
line 214, in run_endpoint_function
    return await run_in_threadpool(dependant.call, **values)
           ^^^^^^^^^^^^^^^^^^^^^^^^^^^^^^^^^^^^^^^^^^^^^^^^^
  File 
"C:\Users\ismai\Documents\GitHub\New-Data-Fraud-detection\backend\.venv\Lib\site-packages\starlette\concurrency.py", 
line 39, in run_in_threadpool
    return await anyio.to_thread.run_sync(func, *args)
           ^^^^^^^^^^^^^^^^^^^^^^^^^^^^^^^^^^^^^^^^^^^
  File "C:\Users\ismai\Documents\GitHub\New-Data-Fraud-detection\backend\.venv\Lib\site-packages\anyio\to_thread.py", 
line 65, in run_sync
    return await get_async_backend().run_sync_in_worker_thread(
           ^^^^^^^^^^^^^^^^^^^^^^^^^^^^^^^^^^^^^^^^^^^^^^^^^^^^
  File "C:\Users\ismai\Documents\GitHub\New-Data-Fraud-detection\backend\.venv\Lib\site-packages\anyio\_backends\_async
io.py", line 2706, in run_sync_in_worker_thread
    return await future
           ^^^^^^^^^^^^
  File "C:\Users\ismai\Documents\GitHub\New-Data-Fraud-detection\backend\.venv\Lib\site-packages\anyio\_backends\_async
io.py", line 1100, in run
    result = context.run(func, *args)
             ^^^^^^^^^^^^^^^^^^^^^^^^
  File "C:\Users\ismai\Documents\GitHub\New-Data-Fraud-detection\backend\app\routers\dashboard.py", line 104, in 
get_daily_trend
    rows = session.execute(sql, params).mappings().all()
           ^^^^^^^^^^^^^^^^^^^^^^^^^^^^
  File 
"C:\Users\ismai\Documents\GitHub\New-Data-Fraud-detection\backend\.venv\Lib\site-packages\sqlalchemy\orm\session.py", 
line 2362, in execute
    return self._execute_internal(
           ^^^^^^^^^^^^^^^^^^^^^^^
  File 
"C:\Users\ismai\Documents\GitHub\New-Data-Fraud-detection\backend\.venv\Lib\site-packages\sqlalchemy\orm\session.py", 
line 2237, in _execute_internal
    conn = self._connection_for_bind(bind)
           ^^^^^^^^^^^^^^^^^^^^^^^^^^^^^^^
  File 
"C:\Users\ismai\Documents\GitHub\New-Data-Fraud-detection\backend\.venv\Lib\site-packages\sqlalchemy\orm\session.py", 
line 2106, in _connection_for_bind
    return trans._connection_for_bind(engine, execution_options)
           ^^^^^^^^^^^^^^^^^^^^^^^^^^^^^^^^^^^^^^^^^^^^^^^^^^^^^
  File "<string>", line 2, in _connection_for_bind
  File "C:\Users\ismai\Documents\GitHub\New-Data-Fraud-detection\backend\.venv\Lib\site-packages\sqlalchemy\orm\state_c
hanges.py", line 139, in _go
    ret_value = fn(self, *arg, **kw)
                ^^^^^^^^^^^^^^^^^^^^
  File 
"C:\Users\ismai\Documents\GitHub\New-Data-Fraud-detection\backend\.venv\Lib\site-packages\sqlalchemy\orm\session.py", 
line 1189, in _connection_for_bind
    conn = bind.connect()
           ^^^^^^^^^^^^^^
  File 
"C:\Users\ismai\Documents\GitHub\New-Data-Fraud-detection\backend\.venv\Lib\site-packages\sqlalchemy\engine\base.py", 
line 3278, in connect
    return self._connection_cls(self)
           ^^^^^^^^^^^^^^^^^^^^^^^^^^
  File 
"C:\Users\ismai\Documents\GitHub\New-Data-Fraud-detection\backend\.venv\Lib\site-packages\sqlalchemy\engine\base.py", 
line 148, in __init__
    Connection._handle_dbapi_exception_noconnection(
  File 
"C:\Users\ismai\Documents\GitHub\New-Data-Fraud-detection\backend\.venv\Lib\site-packages\sqlalchemy\engine\base.py", 
line 2442, in _handle_dbapi_exception_noconnection
    raise sqlalchemy_exception.with_traceback(exc_info[2]) from e
  File 
"C:\Users\ismai\Documents\GitHub\New-Data-Fraud-detection\backend\.venv\Lib\site-packages\sqlalchemy\engine\base.py", 
line 146, in __init__
    self._dbapi_connection = engine.raw_connection()
                             ^^^^^^^^^^^^^^^^^^^^^^^
  File 
"C:\Users\ismai\Documents\GitHub\New-Data-Fraud-detection\backend\.venv\Lib\site-packages\sqlalchemy\engine\base.py", 
line 3302, in raw_connection
    return self.pool.connect()
           ^^^^^^^^^^^^^^^^^^^
  File 
"C:\Users\ismai\Documents\GitHub\New-Data-Fraud-detection\backend\.venv\Lib\site-packages\sqlalchemy\pool\base.py", 
line 449, in connect
    return _ConnectionFairy._checkout(self)
           ^^^^^^^^^^^^^^^^^^^^^^^^^^^^^^^^
  File 
"C:\Users\ismai\Documents\GitHub\New-Data-Fraud-detection\backend\.venv\Lib\site-packages\sqlalchemy\pool\base.py", 
line 1263, in _checkout
    fairy = _ConnectionRecord.checkout(pool)
            ^^^^^^^^^^^^^^^^^^^^^^^^^^^^^^^^
  File 
"C:\Users\ismai\Documents\GitHub\New-Data-Fraud-detection\backend\.venv\Lib\site-packages\sqlalchemy\pool\base.py", 
line 712, in checkout
    rec = pool._do_get()
          ^^^^^^^^^^^^^^
  File 
"C:\Users\ismai\Documents\GitHub\New-Data-Fraud-detection\backend\.venv\Lib\site-packages\sqlalchemy\pool\impl.py", 
line 179, in _do_get
    with util.safe_reraise():
  File "C:\Users\ismai\Documents\GitHub\New-Data-Fraud-detection\backend\.venv\Lib\site-packages\sqlalchemy\util\langhe
lpers.py", line 146, in __exit__
    raise exc_value.with_traceback(exc_tb)
  File 
"C:\Users\ismai\Documents\GitHub\New-Data-Fraud-detection\backend\.venv\Lib\site-packages\sqlalchemy\pool\impl.py", 
line 177, in _do_get
    return self._create_connection()
           ^^^^^^^^^^^^^^^^^^^^^^^^^
  File 
"C:\Users\ismai\Documents\GitHub\New-Data-Fraud-detection\backend\.venv\Lib\site-packages\sqlalchemy\pool\base.py", 
line 390, in _create_connection
    return _ConnectionRecord(self)
           ^^^^^^^^^^^^^^^^^^^^^^^
  File 
"C:\Users\ismai\Documents\GitHub\New-Data-Fraud-detection\backend\.venv\Lib\site-packages\sqlalchemy\pool\base.py", 
line 674, in __init__
    self.__connect()
  File 
"C:\Users\ismai\Documents\GitHub\New-Data-Fraud-detection\backend\.venv\Lib\site-packages\sqlalchemy\pool\base.py", 
line 900, in __connect
    with util.safe_reraise():
  File "C:\Users\ismai\Documents\GitHub\New-Data-Fraud-detection\backend\.venv\Lib\site-packages\sqlalchemy\util\langhe
lpers.py", line 146, in __exit__
    raise exc_value.with_traceback(exc_tb)
  File 
"C:\Users\ismai\Documents\GitHub\New-Data-Fraud-detection\backend\.venv\Lib\site-packages\sqlalchemy\pool\base.py", 
line 896, in __connect
    self.dbapi_connection = connection = pool._invoke_creator(self)
                                         ^^^^^^^^^^^^^^^^^^^^^^^^^^
  File "C:\Users\ismai\Documents\GitHub\New-Data-Fraud-detection\backend\.venv\Lib\site-packages\sqlalchemy\engine\crea
te.py", line 643, in connect
    return dialect.connect(*cargs, **cparams)
           ^^^^^^^^^^^^^^^^^^^^^^^^^^^^^^^^^^
  File "C:\Users\ismai\Documents\GitHub\New-Data-Fraud-detection\backend\.venv\Lib\site-packages\sqlalchemy\engine\defa
ult.py", line 621, in connect
    return self.loaded_dbapi.connect(*cargs, **cparams)
           ^^^^^^^^^^^^^^^^^^^^^^^^^^^^^^^^^^^^^^^^^^^^
  File 
"C:\Users\ismai\Documents\GitHub\New-Data-Fraud-detection\backend\.venv\Lib\site-packages\psycopg2\__init__.py", line 
122, in connect
    conn = _connect(dsn, connection_factory=connection_factory, **kwasync)
           ^^^^^^^^^^^^^^^^^^^^^^^^^^^^^^^^^^^^^^^^^^^^^^^^^^^^^^^^^^^^^^^
sqlalchemy.exc.OperationalError: (psycopg2.OperationalError) connection to server at "localhost" (::1), port 5432 
failed: Connection refused (0x0000274D/10061)
	Is the server running on that host and accepting TCP/IP connections?
connection to server at "localhost" (127.0.0.1), port 5432 failed: Connection refused (0x0000274D/10061)
	Is the server running on that host and accepting TCP/IP connections?

(Background on this error at: https://sqlalche.me/e/20/e3q8)
ERROR:    Exception in ASGI application
Traceback (most recent call last):
  File 
"C:\Users\ismai\Documents\GitHub\New-Data-Fraud-detection\backend\.venv\Lib\site-packages\sqlalchemy\engine\base.py", 
line 146, in __init__
    self._dbapi_connection = engine.raw_connection()
                             ^^^^^^^^^^^^^^^^^^^^^^^
  File 
"C:\Users\ismai\Documents\GitHub\New-Data-Fraud-detection\backend\.venv\Lib\site-packages\sqlalchemy\engine\base.py", 
line 3302, in raw_connection
    return self.pool.connect()
           ^^^^^^^^^^^^^^^^^^^
  File 
"C:\Users\ismai\Documents\GitHub\New-Data-Fraud-detection\backend\.venv\Lib\site-packages\sqlalchemy\pool\base.py", 
line 449, in connect
    return _ConnectionFairy._checkout(self)
           ^^^^^^^^^^^^^^^^^^^^^^^^^^^^^^^^
  File 
"C:\Users\ismai\Documents\GitHub\New-Data-Fraud-detection\backend\.venv\Lib\site-packages\sqlalchemy\pool\base.py", 
line 1263, in _checkout
    fairy = _ConnectionRecord.checkout(pool)
            ^^^^^^^^^^^^^^^^^^^^^^^^^^^^^^^^
  File 
"C:\Users\ismai\Documents\GitHub\New-Data-Fraud-detection\backend\.venv\Lib\site-packages\sqlalchemy\pool\base.py", 
line 712, in checkout
    rec = pool._do_get()
          ^^^^^^^^^^^^^^
  File 
"C:\Users\ismai\Documents\GitHub\New-Data-Fraud-detection\backend\.venv\Lib\site-packages\sqlalchemy\pool\impl.py", 
line 179, in _do_get
    with util.safe_reraise():
  File "C:\Users\ismai\Documents\GitHub\New-Data-Fraud-detection\backend\.venv\Lib\site-packages\sqlalchemy\util\langhe
lpers.py", line 146, in __exit__
    raise exc_value.with_traceback(exc_tb)
  File 
"C:\Users\ismai\Documents\GitHub\New-Data-Fraud-detection\backend\.venv\Lib\site-packages\sqlalchemy\pool\impl.py", 
line 177, in _do_get
    return self._create_connection()
           ^^^^^^^^^^^^^^^^^^^^^^^^^
  File 
"C:\Users\ismai\Documents\GitHub\New-Data-Fraud-detection\backend\.venv\Lib\site-packages\sqlalchemy\pool\base.py", 
line 390, in _create_connection
    return _ConnectionRecord(self)
           ^^^^^^^^^^^^^^^^^^^^^^^
  File 
"C:\Users\ismai\Documents\GitHub\New-Data-Fraud-detection\backend\.venv\Lib\site-packages\sqlalchemy\pool\base.py", 
line 674, in __init__
    self.__connect()
  File 
"C:\Users\ismai\Documents\GitHub\New-Data-Fraud-detection\backend\.venv\Lib\site-packages\sqlalchemy\pool\base.py", 
line 900, in __connect
    with util.safe_reraise():
  File "C:\Users\ismai\Documents\GitHub\New-Data-Fraud-detection\backend\.venv\Lib\site-packages\sqlalchemy\util\langhe
lpers.py", line 146, in __exit__
    raise exc_value.with_traceback(exc_tb)
  File 
"C:\Users\ismai\Documents\GitHub\New-Data-Fraud-detection\backend\.venv\Lib\site-packages\sqlalchemy\pool\base.py", 
line 896, in __connect
    self.dbapi_connection = connection = pool._invoke_creator(self)
                                         ^^^^^^^^^^^^^^^^^^^^^^^^^^
  File "C:\Users\ismai\Documents\GitHub\New-Data-Fraud-detection\backend\.venv\Lib\site-packages\sqlalchemy\engine\crea
te.py", line 643, in connect
    return dialect.connect(*cargs, **cparams)
           ^^^^^^^^^^^^^^^^^^^^^^^^^^^^^^^^^^
  File "C:\Users\ismai\Documents\GitHub\New-Data-Fraud-detection\backend\.venv\Lib\site-packages\sqlalchemy\engine\defa
ult.py", line 621, in connect
    return self.loaded_dbapi.connect(*cargs, **cparams)
           ^^^^^^^^^^^^^^^^^^^^^^^^^^^^^^^^^^^^^^^^^^^^
  File 
"C:\Users\ismai\Documents\GitHub\New-Data-Fraud-detection\backend\.venv\Lib\site-packages\psycopg2\__init__.py", line 
122, in connect
    conn = _connect(dsn, connection_factory=connection_factory, **kwasync)
           ^^^^^^^^^^^^^^^^^^^^^^^^^^^^^^^^^^^^^^^^^^^^^^^^^^^^^^^^^^^^^^^
psycopg2.OperationalError: connection to server at "localhost" (::1), port 5432 failed: Connection refused 
(0x0000274D/10061)
	Is the server running on that host and accepting TCP/IP connections?
connection to server at "localhost" (127.0.0.1), port 5432 failed: Connection refused (0x0000274D/10061)
	Is the server running on that host and accepting TCP/IP connections?


The above exception was the direct cause of the following exception:

Traceback (most recent call last):
  File "C:\Users\ismai\Documents\GitHub\New-Data-Fraud-detection\backend\.venv\Lib\site-packages\uvicorn\protocols\http
\httptools_impl.py", line 409, in run_asgi
    result = await app(  # type: ignore[func-returns-value]
             ^^^^^^^^^^^^^^^^^^^^^^^^^^^^^^^^^^^^^^^^^^^^^^
  File "C:\Users\ismai\Documents\GitHub\New-Data-Fraud-detection\backend\.venv\Lib\site-packages\uvicorn\middleware\pro
xy_headers.py", line 60, in __call__
    return await self.app(scope, receive, send)
           ^^^^^^^^^^^^^^^^^^^^^^^^^^^^^^^^^^^^
  File 
"C:\Users\ismai\Documents\GitHub\New-Data-Fraud-detection\backend\.venv\Lib\site-packages\fastapi\applications.py", 
line 1054, in __call__
    await super().__call__(scope, receive, send)
  File 
"C:\Users\ismai\Documents\GitHub\New-Data-Fraud-detection\backend\.venv\Lib\site-packages\starlette\applications.py", 
line 113, in __call__
    await self.middleware_stack(scope, receive, send)
  File "C:\Users\ismai\Documents\GitHub\New-Data-Fraud-detection\backend\.venv\Lib\site-packages\starlette\middleware\e
rrors.py", line 187, in __call__
    raise exc
  File "C:\Users\ismai\Documents\GitHub\New-Data-Fraud-detection\backend\.venv\Lib\site-packages\starlette\middleware\e
rrors.py", line 165, in __call__
    await self.app(scope, receive, _send)
  File "C:\Users\ismai\Documents\GitHub\New-Data-Fraud-detection\backend\.venv\Lib\site-packages\starlette\middleware\c
ors.py", line 85, in __call__
    await self.app(scope, receive, send)
  File "C:\Users\ismai\Documents\GitHub\New-Data-Fraud-detection\backend\.venv\Lib\site-packages\starlette\middleware\e
xceptions.py", line 62, in __call__
    await wrap_app_handling_exceptions(self.app, conn)(scope, receive, send)
  File "C:\Users\ismai\Documents\GitHub\New-Data-Fraud-detection\backend\.venv\Lib\site-packages\starlette\_exception_h
andler.py", line 53, in wrapped_app
    raise exc
  File "C:\Users\ismai\Documents\GitHub\New-Data-Fraud-detection\backend\.venv\Lib\site-packages\starlette\_exception_h
andler.py", line 42, in wrapped_app
    await app(scope, receive, sender)
  File 
"C:\Users\ismai\Documents\GitHub\New-Data-Fraud-detection\backend\.venv\Lib\site-packages\starlette\routing.py", line 
715, in __call__
    await self.middleware_stack(scope, receive, send)
  File 
"C:\Users\ismai\Documents\GitHub\New-Data-Fraud-detection\backend\.venv\Lib\site-packages\starlette\routing.py", line 
735, in app
    await route.handle(scope, receive, send)
  File 
"C:\Users\ismai\Documents\GitHub\New-Data-Fraud-detection\backend\.venv\Lib\site-packages\starlette\routing.py", line 
288, in handle
    await self.app(scope, receive, send)
  File 
"C:\Users\ismai\Documents\GitHub\New-Data-Fraud-detection\backend\.venv\Lib\site-packages\starlette\routing.py", line 
76, in app
    await wrap_app_handling_exceptions(app, request)(scope, receive, send)
  File "C:\Users\ismai\Documents\GitHub\New-Data-Fraud-detection\backend\.venv\Lib\site-packages\starlette\_exception_h
andler.py", line 53, in wrapped_app
    raise exc
  File "C:\Users\ismai\Documents\GitHub\New-Data-Fraud-detection\backend\.venv\Lib\site-packages\starlette\_exception_h
andler.py", line 42, in wrapped_app
    await app(scope, receive, sender)
  File 
"C:\Users\ismai\Documents\GitHub\New-Data-Fraud-detection\backend\.venv\Lib\site-packages\starlette\routing.py", line 
73, in app
    response = await f(request)
               ^^^^^^^^^^^^^^^^
  File "C:\Users\ismai\Documents\GitHub\New-Data-Fraud-detection\backend\.venv\Lib\site-packages\fastapi\routing.py", 
line 301, in app
    raw_response = await run_endpoint_function(
                   ^^^^^^^^^^^^^^^^^^^^^^^^^^^^
  File "C:\Users\ismai\Documents\GitHub\New-Data-Fraud-detection\backend\.venv\Lib\site-packages\fastapi\routing.py", 
line 214, in run_endpoint_function
    return await run_in_threadpool(dependant.call, **values)
           ^^^^^^^^^^^^^^^^^^^^^^^^^^^^^^^^^^^^^^^^^^^^^^^^^
  File 
"C:\Users\ismai\Documents\GitHub\New-Data-Fraud-detection\backend\.venv\Lib\site-packages\starlette\concurrency.py", 
line 39, in run_in_threadpool
    return await anyio.to_thread.run_sync(func, *args)
           ^^^^^^^^^^^^^^^^^^^^^^^^^^^^^^^^^^^^^^^^^^^
  File "C:\Users\ismai\Documents\GitHub\New-Data-Fraud-detection\backend\.venv\Lib\site-packages\anyio\to_thread.py", 
line 65, in run_sync
    return await get_async_backend().run_sync_in_worker_thread(
           ^^^^^^^^^^^^^^^^^^^^^^^^^^^^^^^^^^^^^^^^^^^^^^^^^^^^
  File "C:\Users\ismai\Documents\GitHub\New-Data-Fraud-detection\backend\.venv\Lib\site-packages\anyio\_backends\_async
io.py", line 2706, in run_sync_in_worker_thread
    return await future
           ^^^^^^^^^^^^
  File "C:\Users\ismai\Documents\GitHub\New-Data-Fraud-detection\backend\.venv\Lib\site-packages\anyio\_backends\_async
io.py", line 1100, in run
    result = context.run(func, *args)
             ^^^^^^^^^^^^^^^^^^^^^^^^
  File "C:\Users\ismai\Documents\GitHub\New-Data-Fraud-detection\backend\app\routers\dashboard.py", line 155, in 
get_analytics_windows
    latest = session.execute(text("SELECT MAX(session_date) FROM subscribers_daily")).scalar_one()
             ^^^^^^^^^^^^^^^^^^^^^^^^^^^^^^^^^^^^^^^^^^^^^^^^^^^^^^^^^^^^^^^^^^^^^^^^
  File 
"C:\Users\ismai\Documents\GitHub\New-Data-Fraud-detection\backend\.venv\Lib\site-packages\sqlalchemy\orm\session.py", 
line 2362, in execute
    return self._execute_internal(
           ^^^^^^^^^^^^^^^^^^^^^^^
  File 
"C:\Users\ismai\Documents\GitHub\New-Data-Fraud-detection\backend\.venv\Lib\site-packages\sqlalchemy\orm\session.py", 
line 2237, in _execute_internal
    conn = self._connection_for_bind(bind)
           ^^^^^^^^^^^^^^^^^^^^^^^^^^^^^^^
  File 
"C:\Users\ismai\Documents\GitHub\New-Data-Fraud-detection\backend\.venv\Lib\site-packages\sqlalchemy\orm\session.py", 
line 2106, in _connection_for_bind
    return trans._connection_for_bind(engine, execution_options)
           ^^^^^^^^^^^^^^^^^^^^^^^^^^^^^^^^^^^^^^^^^^^^^^^^^^^^^
  File "<string>", line 2, in _connection_for_bind
  File "C:\Users\ismai\Documents\GitHub\New-Data-Fraud-detection\backend\.venv\Lib\site-packages\sqlalchemy\orm\state_c
hanges.py", line 139, in _go
    ret_value = fn(self, *arg, **kw)
                ^^^^^^^^^^^^^^^^^^^^
  File 
"C:\Users\ismai\Documents\GitHub\New-Data-Fraud-detection\backend\.venv\Lib\site-packages\sqlalchemy\orm\session.py", 
line 1189, in _connection_for_bind
    conn = bind.connect()
           ^^^^^^^^^^^^^^
  File 
"C:\Users\ismai\Documents\GitHub\New-Data-Fraud-detection\backend\.venv\Lib\site-packages\sqlalchemy\engine\base.py", 
line 3278, in connect
    return self._connection_cls(self)
           ^^^^^^^^^^^^^^^^^^^^^^^^^^
  File 
"C:\Users\ismai\Documents\GitHub\New-Data-Fraud-detection\backend\.venv\Lib\site-packages\sqlalchemy\engine\base.py", 
line 148, in __init__
    Connection._handle_dbapi_exception_noconnection(
  File 
"C:\Users\ismai\Documents\GitHub\New-Data-Fraud-detection\backend\.venv\Lib\site-packages\sqlalchemy\engine\base.py", 
line 2442, in _handle_dbapi_exception_noconnection
    raise sqlalchemy_exception.with_traceback(exc_info[2]) from e
  File 
"C:\Users\ismai\Documents\GitHub\New-Data-Fraud-detection\backend\.venv\Lib\site-packages\sqlalchemy\engine\base.py", 
line 146, in __init__
    self._dbapi_connection = engine.raw_connection()
                             ^^^^^^^^^^^^^^^^^^^^^^^
  File 
"C:\Users\ismai\Documents\GitHub\New-Data-Fraud-detection\backend\.venv\Lib\site-packages\sqlalchemy\engine\base.py", 
line 3302, in raw_connection
    return self.pool.connect()
           ^^^^^^^^^^^^^^^^^^^
  File 
"C:\Users\ismai\Documents\GitHub\New-Data-Fraud-detection\backend\.venv\Lib\site-packages\sqlalchemy\pool\base.py", 
line 449, in connect
    return _ConnectionFairy._checkout(self)
           ^^^^^^^^^^^^^^^^^^^^^^^^^^^^^^^^
  File 
"C:\Users\ismai\Documents\GitHub\New-Data-Fraud-detection\backend\.venv\Lib\site-packages\sqlalchemy\pool\base.py", 
line 1263, in _checkout
    fairy = _ConnectionRecord.checkout(pool)
            ^^^^^^^^^^^^^^^^^^^^^^^^^^^^^^^^
  File 
"C:\Users\ismai\Documents\GitHub\New-Data-Fraud-detection\backend\.venv\Lib\site-packages\sqlalchemy\pool\base.py", 
line 712, in checkout
    rec = pool._do_get()
          ^^^^^^^^^^^^^^
  File 
"C:\Users\ismai\Documents\GitHub\New-Data-Fraud-detection\backend\.venv\Lib\site-packages\sqlalchemy\pool\impl.py", 
line 179, in _do_get
    with util.safe_reraise():
  File "C:\Users\ismai\Documents\GitHub\New-Data-Fraud-detection\backend\.venv\Lib\site-packages\sqlalchemy\util\langhe
lpers.py", line 146, in __exit__
    raise exc_value.with_traceback(exc_tb)
  File 
"C:\Users\ismai\Documents\GitHub\New-Data-Fraud-detection\backend\.venv\Lib\site-packages\sqlalchemy\pool\impl.py", 
line 177, in _do_get
    return self._create_connection()
           ^^^^^^^^^^^^^^^^^^^^^^^^^
  File 
"C:\Users\ismai\Documents\GitHub\New-Data-Fraud-detection\backend\.venv\Lib\site-packages\sqlalchemy\pool\base.py", 
line 390, in _create_connection
    return _ConnectionRecord(self)
           ^^^^^^^^^^^^^^^^^^^^^^^
  File 
"C:\Users\ismai\Documents\GitHub\New-Data-Fraud-detection\backend\.venv\Lib\site-packages\sqlalchemy\pool\base.py", 
line 674, in __init__
    self.__connect()
  File 
"C:\Users\ismai\Documents\GitHub\New-Data-Fraud-detection\backend\.venv\Lib\site-packages\sqlalchemy\pool\base.py", 
line 900, in __connect
    with util.safe_reraise():
  File "C:\Users\ismai\Documents\GitHub\New-Data-Fraud-detection\backend\.venv\Lib\site-packages\sqlalchemy\util\langhe
lpers.py", line 146, in __exit__
    raise exc_value.with_traceback(exc_tb)
  File 
"C:\Users\ismai\Documents\GitHub\New-Data-Fraud-detection\backend\.venv\Lib\site-packages\sqlalchemy\pool\base.py", 
line 896, in __connect
    self.dbapi_connection = connection = pool._invoke_creator(self)
                                         ^^^^^^^^^^^^^^^^^^^^^^^^^^
  File "C:\Users\ismai\Documents\GitHub\New-Data-Fraud-detection\backend\.venv\Lib\site-packages\sqlalchemy\engine\crea
te.py", line 643, in connect
    return dialect.connect(*cargs, **cparams)
           ^^^^^^^^^^^^^^^^^^^^^^^^^^^^^^^^^^
  File "C:\Users\ismai\Documents\GitHub\New-Data-Fraud-detection\backend\.venv\Lib\site-packages\sqlalchemy\engine\defa
ult.py", line 621, in connect
    return self.loaded_dbapi.connect(*cargs, **cparams)
           ^^^^^^^^^^^^^^^^^^^^^^^^^^^^^^^^^^^^^^^^^^^^
  File 
"C:\Users\ismai\Documents\GitHub\New-Data-Fraud-detection\backend\.venv\Lib\site-packages\psycopg2\__init__.py", line 
122, in connect
    conn = _connect(dsn, connection_factory=connection_factory, **kwasync)
           ^^^^^^^^^^^^^^^^^^^^^^^^^^^^^^^^^^^^^^^^^^^^^^^^^^^^^^^^^^^^^^^
sqlalchemy.exc.OperationalError: (psycopg2.OperationalError) connection to server at "localhost" (::1), port 5432 
failed: Connection refused (0x0000274D/10061)
	Is the server running on that host and accepting TCP/IP connections?
connection to server at "localhost" (127.0.0.1), port 5432 failed: Connection refused (0x0000274D/10061)
	Is the server running on that host and accepting TCP/IP connections?

(Background on this error at: https://sqlalche.me/e/20/e3q8)
INFO:     127.0.0.1:63496 - "GET /api/analytics/windows HTTP/1.1" 500 Internal Server Error
INFO:     127.0.0.1:63788 - "GET /api/analytics/risk-distribution HTTP/1.1" 500 Internal Server Error
ERROR:    Exception in ASGI application
Traceback (most recent call last):
  File 
"C:\Users\ismai\Documents\GitHub\New-Data-Fraud-detection\backend\.venv\Lib\site-packages\sqlalchemy\engine\base.py", 
line 146, in __init__
    self._dbapi_connection = engine.raw_connection()
                             ^^^^^^^^^^^^^^^^^^^^^^^
  File 
"C:\Users\ismai\Documents\GitHub\New-Data-Fraud-detection\backend\.venv\Lib\site-packages\sqlalchemy\engine\base.py", 
line 3302, in raw_connection
    return self.pool.connect()
           ^^^^^^^^^^^^^^^^^^^
  File 
"C:\Users\ismai\Documents\GitHub\New-Data-Fraud-detection\backend\.venv\Lib\site-packages\sqlalchemy\pool\base.py", 
line 449, in connect
    return _ConnectionFairy._checkout(self)
           ^^^^^^^^^^^^^^^^^^^^^^^^^^^^^^^^
  File 
"C:\Users\ismai\Documents\GitHub\New-Data-Fraud-detection\backend\.venv\Lib\site-packages\sqlalchemy\pool\base.py", 
line 1263, in _checkout
    fairy = _ConnectionRecord.checkout(pool)
            ^^^^^^^^^^^^^^^^^^^^^^^^^^^^^^^^
  File 
"C:\Users\ismai\Documents\GitHub\New-Data-Fraud-detection\backend\.venv\Lib\site-packages\sqlalchemy\pool\base.py", 
line 712, in checkout
    rec = pool._do_get()
          ^^^^^^^^^^^^^^
  File 
"C:\Users\ismai\Documents\GitHub\New-Data-Fraud-detection\backend\.venv\Lib\site-packages\sqlalchemy\pool\impl.py", 
line 179, in _do_get
    with util.safe_reraise():
  File "C:\Users\ismai\Documents\GitHub\New-Data-Fraud-detection\backend\.venv\Lib\site-packages\sqlalchemy\util\langhe
lpers.py", line 146, in __exit__
    raise exc_value.with_traceback(exc_tb)
  File 
"C:\Users\ismai\Documents\GitHub\New-Data-Fraud-detection\backend\.venv\Lib\site-packages\sqlalchemy\pool\impl.py", 
line 177, in _do_get
    return self._create_connection()
           ^^^^^^^^^^^^^^^^^^^^^^^^^
  File 
"C:\Users\ismai\Documents\GitHub\New-Data-Fraud-detection\backend\.venv\Lib\site-packages\sqlalchemy\pool\base.py", 
line 390, in _create_connection
    return _ConnectionRecord(self)
           ^^^^^^^^^^^^^^^^^^^^^^^
  File 
"C:\Users\ismai\Documents\GitHub\New-Data-Fraud-detection\backend\.venv\Lib\site-packages\sqlalchemy\pool\base.py", 
line 674, in __init__
    self.__connect()
  File 
"C:\Users\ismai\Documents\GitHub\New-Data-Fraud-detection\backend\.venv\Lib\site-packages\sqlalchemy\pool\base.py", 
line 900, in __connect
    with util.safe_reraise():
  File "C:\Users\ismai\Documents\GitHub\New-Data-Fraud-detection\backend\.venv\Lib\site-packages\sqlalchemy\util\langhe
lpers.py", line 146, in __exit__
    raise exc_value.with_traceback(exc_tb)
  File 
"C:\Users\ismai\Documents\GitHub\New-Data-Fraud-detection\backend\.venv\Lib\site-packages\sqlalchemy\pool\base.py", 
line 896, in __connect
    self.dbapi_connection = connection = pool._invoke_creator(self)
                                         ^^^^^^^^^^^^^^^^^^^^^^^^^^
  File "C:\Users\ismai\Documents\GitHub\New-Data-Fraud-detection\backend\.venv\Lib\site-packages\sqlalchemy\engine\crea
te.py", line 643, in connect
    return dialect.connect(*cargs, **cparams)
           ^^^^^^^^^^^^^^^^^^^^^^^^^^^^^^^^^^
  File "C:\Users\ismai\Documents\GitHub\New-Data-Fraud-detection\backend\.venv\Lib\site-packages\sqlalchemy\engine\defa
ult.py", line 621, in connect
    return self.loaded_dbapi.connect(*cargs, **cparams)
           ^^^^^^^^^^^^^^^^^^^^^^^^^^^^^^^^^^^^^^^^^^^^
  File 
"C:\Users\ismai\Documents\GitHub\New-Data-Fraud-detection\backend\.venv\Lib\site-packages\psycopg2\__init__.py", line 
122, in connect
    conn = _connect(dsn, connection_factory=connection_factory, **kwasync)
           ^^^^^^^^^^^^^^^^^^^^^^^^^^^^^^^^^^^^^^^^^^^^^^^^^^^^^^^^^^^^^^^
psycopg2.OperationalError: connection to server at "localhost" (::1), port 5432 failed: Connection refused 
(0x0000274D/10061)
	Is the server running on that host and accepting TCP/IP connections?
connection to server at "localhost" (127.0.0.1), port 5432 failed: Connection refused (0x0000274D/10061)
	Is the server running on that host and accepting TCP/IP connections?


The above exception was the direct cause of the following exception:

Traceback (most recent call last):
  File "C:\Users\ismai\Documents\GitHub\New-Data-Fraud-detection\backend\.venv\Lib\site-packages\uvicorn\protocols\http
\httptools_impl.py", line 409, in run_asgi
    result = await app(  # type: ignore[func-returns-value]
             ^^^^^^^^^^^^^^^^^^^^^^^^^^^^^^^^^^^^^^^^^^^^^^
  File "C:\Users\ismai\Documents\GitHub\New-Data-Fraud-detection\backend\.venv\Lib\site-packages\uvicorn\middleware\pro
xy_headers.py", line 60, in __call__
    return await self.app(scope, receive, send)
           ^^^^^^^^^^^^^^^^^^^^^^^^^^^^^^^^^^^^
  File 
"C:\Users\ismai\Documents\GitHub\New-Data-Fraud-detection\backend\.venv\Lib\site-packages\fastapi\applications.py", 
line 1054, in __call__
    await super().__call__(scope, receive, send)
  File 
"C:\Users\ismai\Documents\GitHub\New-Data-Fraud-detection\backend\.venv\Lib\site-packages\starlette\applications.py", 
line 113, in __call__
    await self.middleware_stack(scope, receive, send)
  File "C:\Users\ismai\Documents\GitHub\New-Data-Fraud-detection\backend\.venv\Lib\site-packages\starlette\middleware\e
rrors.py", line 187, in __call__
    raise exc
  File "C:\Users\ismai\Documents\GitHub\New-Data-Fraud-detection\backend\.venv\Lib\site-packages\starlette\middleware\e
rrors.py", line 165, in __call__
    await self.app(scope, receive, _send)
  File "C:\Users\ismai\Documents\GitHub\New-Data-Fraud-detection\backend\.venv\Lib\site-packages\starlette\middleware\c
ors.py", line 85, in __call__
    await self.app(scope, receive, send)
  File "C:\Users\ismai\Documents\GitHub\New-Data-Fraud-detection\backend\.venv\Lib\site-packages\starlette\middleware\e
xceptions.py", line 62, in __call__
    await wrap_app_handling_exceptions(self.app, conn)(scope, receive, send)
  File "C:\Users\ismai\Documents\GitHub\New-Data-Fraud-detection\backend\.venv\Lib\site-packages\starlette\_exception_h
andler.py", line 53, in wrapped_app
    raise exc
  File "C:\Users\ismai\Documents\GitHub\New-Data-Fraud-detection\backend\.venv\Lib\site-packages\starlette\_exception_h
andler.py", line 42, in wrapped_app
    await app(scope, receive, sender)
  File 
"C:\Users\ismai\Documents\GitHub\New-Data-Fraud-detection\backend\.venv\Lib\site-packages\starlette\routing.py", line 
715, in __call__
    await self.middleware_stack(scope, receive, send)
  File 
"C:\Users\ismai\Documents\GitHub\New-Data-Fraud-detection\backend\.venv\Lib\site-packages\starlette\routing.py", line 
735, in app
    await route.handle(scope, receive, send)
  File 
"C:\Users\ismai\Documents\GitHub\New-Data-Fraud-detection\backend\.venv\Lib\site-packages\starlette\routing.py", line 
288, in handle
    await self.app(scope, receive, send)
  File 
"C:\Users\ismai\Documents\GitHub\New-Data-Fraud-detection\backend\.venv\Lib\site-packages\starlette\routing.py", line 
76, in app
    await wrap_app_handling_exceptions(app, request)(scope, receive, send)
  File "C:\Users\ismai\Documents\GitHub\New-Data-Fraud-detection\backend\.venv\Lib\site-packages\starlette\_exception_h
andler.py", line 53, in wrapped_app
    raise exc
  File "C:\Users\ismai\Documents\GitHub\New-Data-Fraud-detection\backend\.venv\Lib\site-packages\starlette\_exception_h
andler.py", line 42, in wrapped_app
    await app(scope, receive, sender)
  File 
"C:\Users\ismai\Documents\GitHub\New-Data-Fraud-detection\backend\.venv\Lib\site-packages\starlette\routing.py", line 
73, in app
    response = await f(request)
               ^^^^^^^^^^^^^^^^
  File "C:\Users\ismai\Documents\GitHub\New-Data-Fraud-detection\backend\.venv\Lib\site-packages\fastapi\routing.py", 
line 301, in app
    raw_response = await run_endpoint_function(
                   ^^^^^^^^^^^^^^^^^^^^^^^^^^^^
  File "C:\Users\ismai\Documents\GitHub\New-Data-Fraud-detection\backend\.venv\Lib\site-packages\fastapi\routing.py", 
line 214, in run_endpoint_function
    return await run_in_threadpool(dependant.call, **values)
           ^^^^^^^^^^^^^^^^^^^^^^^^^^^^^^^^^^^^^^^^^^^^^^^^^
  File 
"C:\Users\ismai\Documents\GitHub\New-Data-Fraud-detection\backend\.venv\Lib\site-packages\starlette\concurrency.py", 
line 39, in run_in_threadpool
    return await anyio.to_thread.run_sync(func, *args)
           ^^^^^^^^^^^^^^^^^^^^^^^^^^^^^^^^^^^^^^^^^^^
  File "C:\Users\ismai\Documents\GitHub\New-Data-Fraud-detection\backend\.venv\Lib\site-packages\anyio\to_thread.py", 
line 65, in run_sync
    return await get_async_backend().run_sync_in_worker_thread(
           ^^^^^^^^^^^^^^^^^^^^^^^^^^^^^^^^^^^^^^^^^^^^^^^^^^^^
  File "C:\Users\ismai\Documents\GitHub\New-Data-Fraud-detection\backend\.venv\Lib\site-packages\anyio\_backends\_async
io.py", line 2706, in run_sync_in_worker_thread
    return await future
           ^^^^^^^^^^^^
  File "C:\Users\ismai\Documents\GitHub\New-Data-Fraud-detection\backend\.venv\Lib\site-packages\anyio\_backends\_async
io.py", line 1100, in run
    result = context.run(func, *args)
             ^^^^^^^^^^^^^^^^^^^^^^^^
  File "C:\Users\ismai\Documents\GitHub\New-Data-Fraud-detection\backend\app\routers\dashboard.py", line 194, in 
get_risk_distribution
    rows = session.execute(sql).mappings().all()
           ^^^^^^^^^^^^^^^^^^^^
  File 
"C:\Users\ismai\Documents\GitHub\New-Data-Fraud-detection\backend\.venv\Lib\site-packages\sqlalchemy\orm\session.py", 
line 2362, in execute
    return self._execute_internal(
           ^^^^^^^^^^^^^^^^^^^^^^^
  File 
"C:\Users\ismai\Documents\GitHub\New-Data-Fraud-detection\backend\.venv\Lib\site-packages\sqlalchemy\orm\session.py", 
line 2237, in _execute_internal
    conn = self._connection_for_bind(bind)
           ^^^^^^^^^^^^^^^^^^^^^^^^^^^^^^^
  File 
"C:\Users\ismai\Documents\GitHub\New-Data-Fraud-detection\backend\.venv\Lib\site-packages\sqlalchemy\orm\session.py", 
line 2106, in _connection_for_bind
    return trans._connection_for_bind(engine, execution_options)
           ^^^^^^^^^^^^^^^^^^^^^^^^^^^^^^^^^^^^^^^^^^^^^^^^^^^^^
  File "<string>", line 2, in _connection_for_bind
  File "C:\Users\ismai\Documents\GitHub\New-Data-Fraud-detection\backend\.venv\Lib\site-packages\sqlalchemy\orm\state_c
hanges.py", line 139, in _go
    ret_value = fn(self, *arg, **kw)
                ^^^^^^^^^^^^^^^^^^^^
  File 
"C:\Users\ismai\Documents\GitHub\New-Data-Fraud-detection\backend\.venv\Lib\site-packages\sqlalchemy\orm\session.py", 
line 1189, in _connection_for_bind
    conn = bind.connect()
           ^^^^^^^^^^^^^^
  File 
"C:\Users\ismai\Documents\GitHub\New-Data-Fraud-detection\backend\.venv\Lib\site-packages\sqlalchemy\engine\base.py", 
line 3278, in connect
    return self._connection_cls(self)
           ^^^^^^^^^^^^^^^^^^^^^^^^^^
  File 
"C:\Users\ismai\Documents\GitHub\New-Data-Fraud-detection\backend\.venv\Lib\site-packages\sqlalchemy\engine\base.py", 
line 148, in __init__
    Connection._handle_dbapi_exception_noconnection(
  File 
"C:\Users\ismai\Documents\GitHub\New-Data-Fraud-detection\backend\.venv\Lib\site-packages\sqlalchemy\engine\base.py", 
line 2442, in _handle_dbapi_exception_noconnection
    raise sqlalchemy_exception.with_traceback(exc_info[2]) from e
  File 
"C:\Users\ismai\Documents\GitHub\New-Data-Fraud-detection\backend\.venv\Lib\site-packages\sqlalchemy\engine\base.py", 
line 146, in __init__
    self._dbapi_connection = engine.raw_connection()
                             ^^^^^^^^^^^^^^^^^^^^^^^
  File 
"C:\Users\ismai\Documents\GitHub\New-Data-Fraud-detection\backend\.venv\Lib\site-packages\sqlalchemy\engine\base.py", 
line 3302, in raw_connection
    return self.pool.connect()
           ^^^^^^^^^^^^^^^^^^^
  File 
"C:\Users\ismai\Documents\GitHub\New-Data-Fraud-detection\backend\.venv\Lib\site-packages\sqlalchemy\pool\base.py", 
line 449, in connect
    return _ConnectionFairy._checkout(self)
           ^^^^^^^^^^^^^^^^^^^^^^^^^^^^^^^^
  File 
"C:\Users\ismai\Documents\GitHub\New-Data-Fraud-detection\backend\.venv\Lib\site-packages\sqlalchemy\pool\base.py", 
line 1263, in _checkout
    fairy = _ConnectionRecord.checkout(pool)
            ^^^^^^^^^^^^^^^^^^^^^^^^^^^^^^^^
  File 
"C:\Users\ismai\Documents\GitHub\New-Data-Fraud-detection\backend\.venv\Lib\site-packages\sqlalchemy\pool\base.py", 
line 712, in checkout
    rec = pool._do_get()
          ^^^^^^^^^^^^^^
  File 
"C:\Users\ismai\Documents\GitHub\New-Data-Fraud-detection\backend\.venv\Lib\site-packages\sqlalchemy\pool\impl.py", 
line 179, in _do_get
    with util.safe_reraise():
  File "C:\Users\ismai\Documents\GitHub\New-Data-Fraud-detection\backend\.venv\Lib\site-packages\sqlalchemy\util\langhe
lpers.py", line 146, in __exit__
    raise exc_value.with_traceback(exc_tb)
  File 
"C:\Users\ismai\Documents\GitHub\New-Data-Fraud-detection\backend\.venv\Lib\site-packages\sqlalchemy\pool\impl.py", 
line 177, in _do_get
    return self._create_connection()
           ^^^^^^^^^^^^^^^^^^^^^^^^^
  File 
"C:\Users\ismai\Documents\GitHub\New-Data-Fraud-detection\backend\.venv\Lib\site-packages\sqlalchemy\pool\base.py", 
line 390, in _create_connection
    return _ConnectionRecord(self)
           ^^^^^^^^^^^^^^^^^^^^^^^
  File 
"C:\Users\ismai\Documents\GitHub\New-Data-Fraud-detection\backend\.venv\Lib\site-packages\sqlalchemy\pool\base.py", 
line 674, in __init__
    self.__connect()
  File 
"C:\Users\ismai\Documents\GitHub\New-Data-Fraud-detection\backend\.venv\Lib\site-packages\sqlalchemy\pool\base.py", 
line 900, in __connect
    with util.safe_reraise():
  File "C:\Users\ismai\Documents\GitHub\New-Data-Fraud-detection\backend\.venv\Lib\site-packages\sqlalchemy\util\langhe
lpers.py", line 146, in __exit__
    raise exc_value.with_traceback(exc_tb)
  File 
"C:\Users\ismai\Documents\GitHub\New-Data-Fraud-detection\backend\.venv\Lib\site-packages\sqlalchemy\pool\base.py", 
line 896, in __connect
    self.dbapi_connection = connection = pool._invoke_creator(self)
                                         ^^^^^^^^^^^^^^^^^^^^^^^^^^
  File "C:\Users\ismai\Documents\GitHub\New-Data-Fraud-detection\backend\.venv\Lib\site-packages\sqlalchemy\engine\crea
te.py", line 643, in connect
    return dialect.connect(*cargs, **cparams)
           ^^^^^^^^^^^^^^^^^^^^^^^^^^^^^^^^^^
  File "C:\Users\ismai\Documents\GitHub\New-Data-Fraud-detection\backend\.venv\Lib\site-packages\sqlalchemy\engine\defa
ult.py", line 621, in connect
    return self.loaded_dbapi.connect(*cargs, **cparams)
           ^^^^^^^^^^^^^^^^^^^^^^^^^^^^^^^^^^^^^^^^^^^^
  File 
"C:\Users\ismai\Documents\GitHub\New-Data-Fraud-detection\backend\.venv\Lib\site-packages\psycopg2\__init__.py", line 
122, in connect
    conn = _connect(dsn, connection_factory=connection_factory, **kwasync)
           ^^^^^^^^^^^^^^^^^^^^^^^^^^^^^^^^^^^^^^^^^^^^^^^^^^^^^^^^^^^^^^^
sqlalchemy.exc.OperationalError: (psycopg2.OperationalError) connection to server at "localhost" (::1), port 5432 
failed: Connection refused (0x0000274D/10061)
	Is the server running on that host and accepting TCP/IP connections?
connection to server at "localhost" (127.0.0.1), port 5432 failed: Connection refused (0x0000274D/10061)
	Is the server running on that host and accepting TCP/IP connections?

(Background on this error at: https://sqlalche.me/e/20/e3q8)
INFO:     127.0.0.1:49221 - "GET /api/kpis HTTP/1.1" 500 Internal Server Error
ERROR:    Exception in ASGI application
Traceback (most recent call last):
  File 
"C:\Users\ismai\Documents\GitHub\New-Data-Fraud-detection\backend\.venv\Lib\site-packages\sqlalchemy\engine\base.py", 
line 146, in __init__
    self._dbapi_connection = engine.raw_connection()
                             ^^^^^^^^^^^^^^^^^^^^^^^
  File 
"C:\Users\ismai\Documents\GitHub\New-Data-Fraud-detection\backend\.venv\Lib\site-packages\sqlalchemy\engine\base.py", 
line 3302, in raw_connection
    return self.pool.connect()
           ^^^^^^^^^^^^^^^^^^^
  File 
"C:\Users\ismai\Documents\GitHub\New-Data-Fraud-detection\backend\.venv\Lib\site-packages\sqlalchemy\pool\base.py", 
line 449, in connect
    return _ConnectionFairy._checkout(self)
           ^^^^^^^^^^^^^^^^^^^^^^^^^^^^^^^^
  File 
"C:\Users\ismai\Documents\GitHub\New-Data-Fraud-detection\backend\.venv\Lib\site-packages\sqlalchemy\pool\base.py", 
line 1263, in _checkout
    fairy = _ConnectionRecord.checkout(pool)
            ^^^^^^^^^^^^^^^^^^^^^^^^^^^^^^^^
  File 
"C:\Users\ismai\Documents\GitHub\New-Data-Fraud-detection\backend\.venv\Lib\site-packages\sqlalchemy\pool\base.py", 
line 712, in checkout
    rec = pool._do_get()
          ^^^^^^^^^^^^^^
  File 
"C:\Users\ismai\Documents\GitHub\New-Data-Fraud-detection\backend\.venv\Lib\site-packages\sqlalchemy\pool\impl.py", 
line 179, in _do_get
    with util.safe_reraise():
  File "C:\Users\ismai\Documents\GitHub\New-Data-Fraud-detection\backend\.venv\Lib\site-packages\sqlalchemy\util\langhe
lpers.py", line 146, in __exit__
    raise exc_value.with_traceback(exc_tb)
  File 
"C:\Users\ismai\Documents\GitHub\New-Data-Fraud-detection\backend\.venv\Lib\site-packages\sqlalchemy\pool\impl.py", 
line 177, in _do_get
    return self._create_connection()
           ^^^^^^^^^^^^^^^^^^^^^^^^^
  File 
"C:\Users\ismai\Documents\GitHub\New-Data-Fraud-detection\backend\.venv\Lib\site-packages\sqlalchemy\pool\base.py", 
line 390, in _create_connection
    return _ConnectionRecord(self)
           ^^^^^^^^^^^^^^^^^^^^^^^
  File 
"C:\Users\ismai\Documents\GitHub\New-Data-Fraud-detection\backend\.venv\Lib\site-packages\sqlalchemy\pool\base.py", 
line 674, in __init__
    self.__connect()
  File 
"C:\Users\ismai\Documents\GitHub\New-Data-Fraud-detection\backend\.venv\Lib\site-packages\sqlalchemy\pool\base.py", 
line 900, in __connect
    with util.safe_reraise():
  File "C:\Users\ismai\Documents\GitHub\New-Data-Fraud-detection\backend\.venv\Lib\site-packages\sqlalchemy\util\langhe
lpers.py", line 146, in __exit__
    raise exc_value.with_traceback(exc_tb)
  File 
"C:\Users\ismai\Documents\GitHub\New-Data-Fraud-detection\backend\.venv\Lib\site-packages\sqlalchemy\pool\base.py", 
line 896, in __connect
    self.dbapi_connection = connection = pool._invoke_creator(self)
                                         ^^^^^^^^^^^^^^^^^^^^^^^^^^
  File "C:\Users\ismai\Documents\GitHub\New-Data-Fraud-detection\backend\.venv\Lib\site-packages\sqlalchemy\engine\crea
te.py", line 643, in connect
    return dialect.connect(*cargs, **cparams)
           ^^^^^^^^^^^^^^^^^^^^^^^^^^^^^^^^^^
  File "C:\Users\ismai\Documents\GitHub\New-Data-Fraud-detection\backend\.venv\Lib\site-packages\sqlalchemy\engine\defa
ult.py", line 621, in connect
    return self.loaded_dbapi.connect(*cargs, **cparams)
           ^^^^^^^^^^^^^^^^^^^^^^^^^^^^^^^^^^^^^^^^^^^^
  File 
"C:\Users\ismai\Documents\GitHub\New-Data-Fraud-detection\backend\.venv\Lib\site-packages\psycopg2\__init__.py", line 
122, in connect
    conn = _connect(dsn, connection_factory=connection_factory, **kwasync)
           ^^^^^^^^^^^^^^^^^^^^^^^^^^^^^^^^^^^^^^^^^^^^^^^^^^^^^^^^^^^^^^^
psycopg2.OperationalError: connection to server at "localhost" (::1), port 5432 failed: Connection refused 
(0x0000274D/10061)
	Is the server running on that host and accepting TCP/IP connections?
connection to server at "localhost" (127.0.0.1), port 5432 failed: Connection refused (0x0000274D/10061)
	Is the server running on that host and accepting TCP/IP connections?


The above exception was the direct cause of the following exception:

Traceback (most recent call last):
  File "C:\Users\ismai\Documents\GitHub\New-Data-Fraud-detection\backend\.venv\Lib\site-packages\uvicorn\protocols\http
\httptools_impl.py", line 409, in run_asgi
    result = await app(  # type: ignore[func-returns-value]
             ^^^^^^^^^^^^^^^^^^^^^^^^^^^^^^^^^^^^^^^^^^^^^^
  File "C:\Users\ismai\Documents\GitHub\New-Data-Fraud-detection\backend\.venv\Lib\site-packages\uvicorn\middleware\pro
xy_headers.py", line 60, in __call__
    return await self.app(scope, receive, send)
           ^^^^^^^^^^^^^^^^^^^^^^^^^^^^^^^^^^^^
  File 
"C:\Users\ismai\Documents\GitHub\New-Data-Fraud-detection\backend\.venv\Lib\site-packages\fastapi\applications.py", 
line 1054, in __call__
    await super().__call__(scope, receive, send)
  File 
"C:\Users\ismai\Documents\GitHub\New-Data-Fraud-detection\backend\.venv\Lib\site-packages\starlette\applications.py", 
line 113, in __call__
    await self.middleware_stack(scope, receive, send)
  File "C:\Users\ismai\Documents\GitHub\New-Data-Fraud-detection\backend\.venv\Lib\site-packages\starlette\middleware\e
rrors.py", line 187, in __call__
    raise exc
  File "C:\Users\ismai\Documents\GitHub\New-Data-Fraud-detection\backend\.venv\Lib\site-packages\starlette\middleware\e
rrors.py", line 165, in __call__
    await self.app(scope, receive, _send)
  File "C:\Users\ismai\Documents\GitHub\New-Data-Fraud-detection\backend\.venv\Lib\site-packages\starlette\middleware\c
ors.py", line 85, in __call__
    await self.app(scope, receive, send)
  File "C:\Users\ismai\Documents\GitHub\New-Data-Fraud-detection\backend\.venv\Lib\site-packages\starlette\middleware\e
xceptions.py", line 62, in __call__
    await wrap_app_handling_exceptions(self.app, conn)(scope, receive, send)
  File "C:\Users\ismai\Documents\GitHub\New-Data-Fraud-detection\backend\.venv\Lib\site-packages\starlette\_exception_h
andler.py", line 53, in wrapped_app
    raise exc
  File "C:\Users\ismai\Documents\GitHub\New-Data-Fraud-detection\backend\.venv\Lib\site-packages\starlette\_exception_h
andler.py", line 42, in wrapped_app
    await app(scope, receive, sender)
  File 
"C:\Users\ismai\Documents\GitHub\New-Data-Fraud-detection\backend\.venv\Lib\site-packages\starlette\routing.py", line 
715, in __call__
    await self.middleware_stack(scope, receive, send)
  File 
"C:\Users\ismai\Documents\GitHub\New-Data-Fraud-detection\backend\.venv\Lib\site-packages\starlette\routing.py", line 
735, in app
    await route.handle(scope, receive, send)
  File 
"C:\Users\ismai\Documents\GitHub\New-Data-Fraud-detection\backend\.venv\Lib\site-packages\starlette\routing.py", line 
288, in handle
    await self.app(scope, receive, send)
  File 
"C:\Users\ismai\Documents\GitHub\New-Data-Fraud-detection\backend\.venv\Lib\site-packages\starlette\routing.py", line 
76, in app
    await wrap_app_handling_exceptions(app, request)(scope, receive, send)
  File "C:\Users\ismai\Documents\GitHub\New-Data-Fraud-detection\backend\.venv\Lib\site-packages\starlette\_exception_h
andler.py", line 53, in wrapped_app
    raise exc
  File "C:\Users\ismai\Documents\GitHub\New-Data-Fraud-detection\backend\.venv\Lib\site-packages\starlette\_exception_h
andler.py", line 42, in wrapped_app
    await app(scope, receive, sender)
  File 
"C:\Users\ismai\Documents\GitHub\New-Data-Fraud-detection\backend\.venv\Lib\site-packages\starlette\routing.py", line 
73, in app
    response = await f(request)
               ^^^^^^^^^^^^^^^^
  File "C:\Users\ismai\Documents\GitHub\New-Data-Fraud-detection\backend\.venv\Lib\site-packages\fastapi\routing.py", 
line 301, in app
    raw_response = await run_endpoint_function(
                   ^^^^^^^^^^^^^^^^^^^^^^^^^^^^
  File "C:\Users\ismai\Documents\GitHub\New-Data-Fraud-detection\backend\.venv\Lib\site-packages\fastapi\routing.py", 
line 214, in run_endpoint_function
    return await run_in_threadpool(dependant.call, **values)
           ^^^^^^^^^^^^^^^^^^^^^^^^^^^^^^^^^^^^^^^^^^^^^^^^^
  File 
"C:\Users\ismai\Documents\GitHub\New-Data-Fraud-detection\backend\.venv\Lib\site-packages\starlette\concurrency.py", 
line 39, in run_in_threadpool
    return await anyio.to_thread.run_sync(func, *args)
           ^^^^^^^^^^^^^^^^^^^^^^^^^^^^^^^^^^^^^^^^^^^
  File "C:\Users\ismai\Documents\GitHub\New-Data-Fraud-detection\backend\.venv\Lib\site-packages\anyio\to_thread.py", 
line 65, in run_sync
    return await get_async_backend().run_sync_in_worker_thread(
           ^^^^^^^^^^^^^^^^^^^^^^^^^^^^^^^^^^^^^^^^^^^^^^^^^^^^
  File "C:\Users\ismai\Documents\GitHub\New-Data-Fraud-detection\backend\.venv\Lib\site-packages\anyio\_backends\_async
io.py", line 2706, in run_sync_in_worker_thread
    return await future
           ^^^^^^^^^^^^
  File "C:\Users\ismai\Documents\GitHub\New-Data-Fraud-detection\backend\.venv\Lib\site-packages\anyio\_backends\_async
io.py", line 1100, in run
    result = context.run(func, *args)
             ^^^^^^^^^^^^^^^^^^^^^^^^
  File "C:\Users\ismai\Documents\GitHub\New-Data-Fraud-detection\backend\app\routers\dashboard.py", line 59, in 
get_kpis
    row = session.execute(sql, params).mappings().one()
          ^^^^^^^^^^^^^^^^^^^^^^^^^^^^
  File 
"C:\Users\ismai\Documents\GitHub\New-Data-Fraud-detection\backend\.venv\Lib\site-packages\sqlalchemy\orm\session.py", 
line 2362, in execute
    return self._execute_internal(
           ^^^^^^^^^^^^^^^^^^^^^^^
  File 
"C:\Users\ismai\Documents\GitHub\New-Data-Fraud-detection\backend\.venv\Lib\site-packages\sqlalchemy\orm\session.py", 
line 2237, in _execute_internal
    conn = self._connection_for_bind(bind)
           ^^^^^^^^^^^^^^^^^^^^^^^^^^^^^^^
  File 
"C:\Users\ismai\Documents\GitHub\New-Data-Fraud-detection\backend\.venv\Lib\site-packages\sqlalchemy\orm\session.py", 
line 2106, in _connection_for_bind
    return trans._connection_for_bind(engine, execution_options)
           ^^^^^^^^^^^^^^^^^^^^^^^^^^^^^^^^^^^^^^^^^^^^^^^^^^^^^
  File "<string>", line 2, in _connection_for_bind
  File "C:\Users\ismai\Documents\GitHub\New-Data-Fraud-detection\backend\.venv\Lib\site-packages\sqlalchemy\orm\state_c
hanges.py", line 139, in _go
    ret_value = fn(self, *arg, **kw)
                ^^^^^^^^^^^^^^^^^^^^
  File 
"C:\Users\ismai\Documents\GitHub\New-Data-Fraud-detection\backend\.venv\Lib\site-packages\sqlalchemy\orm\session.py", 
line 1189, in _connection_for_bind
    conn = bind.connect()
           ^^^^^^^^^^^^^^
  File 
"C:\Users\ismai\Documents\GitHub\New-Data-Fraud-detection\backend\.venv\Lib\site-packages\sqlalchemy\engine\base.py", 
line 3278, in connect
    return self._connection_cls(self)
           ^^^^^^^^^^^^^^^^^^^^^^^^^^
  File 
"C:\Users\ismai\Documents\GitHub\New-Data-Fraud-detection\backend\.venv\Lib\site-packages\sqlalchemy\engine\base.py", 
line 148, in __init__
    Connection._handle_dbapi_exception_noconnection(
  File 
"C:\Users\ismai\Documents\GitHub\New-Data-Fraud-detection\backend\.venv\Lib\site-packages\sqlalchemy\engine\base.py", 
line 2442, in _handle_dbapi_exception_noconnection
    raise sqlalchemy_exception.with_traceback(exc_info[2]) from e
  File 
"C:\Users\ismai\Documents\GitHub\New-Data-Fraud-detection\backend\.venv\Lib\site-packages\sqlalchemy\engine\base.py", 
line 146, in __init__
    self._dbapi_connection = engine.raw_connection()
                             ^^^^^^^^^^^^^^^^^^^^^^^
  File 
"C:\Users\ismai\Documents\GitHub\New-Data-Fraud-detection\backend\.venv\Lib\site-packages\sqlalchemy\engine\base.py", 
line 3302, in raw_connection
    return self.pool.connect()
           ^^^^^^^^^^^^^^^^^^^
  File 
"C:\Users\ismai\Documents\GitHub\New-Data-Fraud-detection\backend\.venv\Lib\site-packages\sqlalchemy\pool\base.py", 
line 449, in connect
    return _ConnectionFairy._checkout(self)
           ^^^^^^^^^^^^^^^^^^^^^^^^^^^^^^^^
  File 
"C:\Users\ismai\Documents\GitHub\New-Data-Fraud-detection\backend\.venv\Lib\site-packages\sqlalchemy\pool\base.py", 
line 1263, in _checkout
    fairy = _ConnectionRecord.checkout(pool)
            ^^^^^^^^^^^^^^^^^^^^^^^^^^^^^^^^
  File 
"C:\Users\ismai\Documents\GitHub\New-Data-Fraud-detection\backend\.venv\Lib\site-packages\sqlalchemy\pool\base.py", 
line 712, in checkout
    rec = pool._do_get()
          ^^^^^^^^^^^^^^
  File 
"C:\Users\ismai\Documents\GitHub\New-Data-Fraud-detection\backend\.venv\Lib\site-packages\sqlalchemy\pool\impl.py", 
line 179, in _do_get
    with util.safe_reraise():
  File "C:\Users\ismai\Documents\GitHub\New-Data-Fraud-detection\backend\.venv\Lib\site-packages\sqlalchemy\util\langhe
lpers.py", line 146, in __exit__
    raise exc_value.with_traceback(exc_tb)
  File 
"C:\Users\ismai\Documents\GitHub\New-Data-Fraud-detection\backend\.venv\Lib\site-packages\sqlalchemy\pool\impl.py", 
line 177, in _do_get
    return self._create_connection()
           ^^^^^^^^^^^^^^^^^^^^^^^^^
  File 
"C:\Users\ismai\Documents\GitHub\New-Data-Fraud-detection\backend\.venv\Lib\site-packages\sqlalchemy\pool\base.py", 
line 390, in _create_connection
    return _ConnectionRecord(self)
           ^^^^^^^^^^^^^^^^^^^^^^^
  File 
"C:\Users\ismai\Documents\GitHub\New-Data-Fraud-detection\backend\.venv\Lib\site-packages\sqlalchemy\pool\base.py", 
line 674, in __init__
    self.__connect()
  File 
"C:\Users\ismai\Documents\GitHub\New-Data-Fraud-detection\backend\.venv\Lib\site-packages\sqlalchemy\pool\base.py", 
line 900, in __connect
    with util.safe_reraise():
  File "C:\Users\ismai\Documents\GitHub\New-Data-Fraud-detection\backend\.venv\Lib\site-packages\sqlalchemy\util\langhe
lpers.py", line 146, in __exit__
    raise exc_value.with_traceback(exc_tb)
  File 
"C:\Users\ismai\Documents\GitHub\New-Data-Fraud-detection\backend\.venv\Lib\site-packages\sqlalchemy\pool\base.py", 
line 896, in __connect
    self.dbapi_connection = connection = pool._invoke_creator(self)
                                         ^^^^^^^^^^^^^^^^^^^^^^^^^^
  File "C:\Users\ismai\Documents\GitHub\New-Data-Fraud-detection\backend\.venv\Lib\site-packages\sqlalchemy\engine\crea
te.py", line 643, in connect
    return dialect.connect(*cargs, **cparams)
           ^^^^^^^^^^^^^^^^^^^^^^^^^^^^^^^^^^
  File "C:\Users\ismai\Documents\GitHub\New-Data-Fraud-detection\backend\.venv\Lib\site-packages\sqlalchemy\engine\defa
ult.py", line 621, in connect
    return self.loaded_dbapi.connect(*cargs, **cparams)
           ^^^^^^^^^^^^^^^^^^^^^^^^^^^^^^^^^^^^^^^^^^^^
  File 
"C:\Users\ismai\Documents\GitHub\New-Data-Fraud-detection\backend\.venv\Lib\site-packages\psycopg2\__init__.py", line 
122, in connect
    conn = _connect(dsn, connection_factory=connection_factory, **kwasync)
           ^^^^^^^^^^^^^^^^^^^^^^^^^^^^^^^^^^^^^^^^^^^^^^^^^^^^^^^^^^^^^^^
sqlalchemy.exc.OperationalError: (psycopg2.OperationalError) connection to server at "localhost" (::1), port 5432 
failed: Connection refused (0x0000274D/10061)
	Is the server running on that host and accepting TCP/IP connections?
connection to server at "localhost" (127.0.0.1), port 5432 failed: Connection refused (0x0000274D/10061)
	Is the server running on that host and accepting TCP/IP connections?

(Background on this error at: https://sqlalche.me/e/20/e3q8)
INFO:     127.0.0.1:49222 - "GET /api/analytics/daily HTTP/1.1" 500 Internal Server Error
ERROR:    Exception in ASGI application
Traceback (most recent call last):
  File 
"C:\Users\ismai\Documents\GitHub\New-Data-Fraud-detection\backend\.venv\Lib\site-packages\sqlalchemy\engine\base.py", 
line 146, in __init__
    self._dbapi_connection = engine.raw_connection()
                             ^^^^^^^^^^^^^^^^^^^^^^^
  File 
"C:\Users\ismai\Documents\GitHub\New-Data-Fraud-detection\backend\.venv\Lib\site-packages\sqlalchemy\engine\base.py", 
line 3302, in raw_connection
    return self.pool.connect()
           ^^^^^^^^^^^^^^^^^^^
  File 
"C:\Users\ismai\Documents\GitHub\New-Data-Fraud-detection\backend\.venv\Lib\site-packages\sqlalchemy\pool\base.py", 
line 449, in connect
    return _ConnectionFairy._checkout(self)
           ^^^^^^^^^^^^^^^^^^^^^^^^^^^^^^^^
  File 
"C:\Users\ismai\Documents\GitHub\New-Data-Fraud-detection\backend\.venv\Lib\site-packages\sqlalchemy\pool\base.py", 
line 1263, in _checkout
    fairy = _ConnectionRecord.checkout(pool)
            ^^^^^^^^^^^^^^^^^^^^^^^^^^^^^^^^
  File 
"C:\Users\ismai\Documents\GitHub\New-Data-Fraud-detection\backend\.venv\Lib\site-packages\sqlalchemy\pool\base.py", 
line 712, in checkout
    rec = pool._do_get()
          ^^^^^^^^^^^^^^
  File 
"C:\Users\ismai\Documents\GitHub\New-Data-Fraud-detection\backend\.venv\Lib\site-packages\sqlalchemy\pool\impl.py", 
line 179, in _do_get
    with util.safe_reraise():
  File "C:\Users\ismai\Documents\GitHub\New-Data-Fraud-detection\backend\.venv\Lib\site-packages\sqlalchemy\util\langhe
lpers.py", line 146, in __exit__
    raise exc_value.with_traceback(exc_tb)
  File 
"C:\Users\ismai\Documents\GitHub\New-Data-Fraud-detection\backend\.venv\Lib\site-packages\sqlalchemy\pool\impl.py", 
line 177, in _do_get
    return self._create_connection()
           ^^^^^^^^^^^^^^^^^^^^^^^^^
  File 
"C:\Users\ismai\Documents\GitHub\New-Data-Fraud-detection\backend\.venv\Lib\site-packages\sqlalchemy\pool\base.py", 
line 390, in _create_connection
    return _ConnectionRecord(self)
           ^^^^^^^^^^^^^^^^^^^^^^^
  File 
"C:\Users\ismai\Documents\GitHub\New-Data-Fraud-detection\backend\.venv\Lib\site-packages\sqlalchemy\pool\base.py", 
line 674, in __init__
    self.__connect()
  File 
"C:\Users\ismai\Documents\GitHub\New-Data-Fraud-detection\backend\.venv\Lib\site-packages\sqlalchemy\pool\base.py", 
line 900, in __connect
    with util.safe_reraise():
  File "C:\Users\ismai\Documents\GitHub\New-Data-Fraud-detection\backend\.venv\Lib\site-packages\sqlalchemy\util\langhe
lpers.py", line 146, in __exit__
    raise exc_value.with_traceback(exc_tb)
  File 
"C:\Users\ismai\Documents\GitHub\New-Data-Fraud-detection\backend\.venv\Lib\site-packages\sqlalchemy\pool\base.py", 
line 896, in __connect
    self.dbapi_connection = connection = pool._invoke_creator(self)
                                         ^^^^^^^^^^^^^^^^^^^^^^^^^^
  File "C:\Users\ismai\Documents\GitHub\New-Data-Fraud-detection\backend\.venv\Lib\site-packages\sqlalchemy\engine\crea
te.py", line 643, in connect
    return dialect.connect(*cargs, **cparams)
           ^^^^^^^^^^^^^^^^^^^^^^^^^^^^^^^^^^
  File "C:\Users\ismai\Documents\GitHub\New-Data-Fraud-detection\backend\.venv\Lib\site-packages\sqlalchemy\engine\defa
ult.py", line 621, in connect
    return self.loaded_dbapi.connect(*cargs, **cparams)
           ^^^^^^^^^^^^^^^^^^^^^^^^^^^^^^^^^^^^^^^^^^^^
  File 
"C:\Users\ismai\Documents\GitHub\New-Data-Fraud-detection\backend\.venv\Lib\site-packages\psycopg2\__init__.py", line 
122, in connect
    conn = _connect(dsn, connection_factory=connection_factory, **kwasync)
           ^^^^^^^^^^^^^^^^^^^^^^^^^^^^^^^^^^^^^^^^^^^^^^^^^^^^^^^^^^^^^^^
psycopg2.OperationalError: connection to server at "localhost" (::1), port 5432 failed: Connection refused 
(0x0000274D/10061)
	Is the server running on that host and accepting TCP/IP connections?
connection to server at "localhost" (127.0.0.1), port 5432 failed: Connection refused (0x0000274D/10061)
	Is the server running on that host and accepting TCP/IP connections?


The above exception was the direct cause of the following exception:

Traceback (most recent call last):
  File "C:\Users\ismai\Documents\GitHub\New-Data-Fraud-detection\backend\.venv\Lib\site-packages\uvicorn\protocols\http
\httptools_impl.py", line 409, in run_asgi
    result = await app(  # type: ignore[func-returns-value]
             ^^^^^^^^^^^^^^^^^^^^^^^^^^^^^^^^^^^^^^^^^^^^^^
  File "C:\Users\ismai\Documents\GitHub\New-Data-Fraud-detection\backend\.venv\Lib\site-packages\uvicorn\middleware\pro
xy_headers.py", line 60, in __call__
    return await self.app(scope, receive, send)
           ^^^^^^^^^^^^^^^^^^^^^^^^^^^^^^^^^^^^
  File 
"C:\Users\ismai\Documents\GitHub\New-Data-Fraud-detection\backend\.venv\Lib\site-packages\fastapi\applications.py", 
line 1054, in __call__
    await super().__call__(scope, receive, send)
  File 
"C:\Users\ismai\Documents\GitHub\New-Data-Fraud-detection\backend\.venv\Lib\site-packages\starlette\applications.py", 
line 113, in __call__
    await self.middleware_stack(scope, receive, send)
  File "C:\Users\ismai\Documents\GitHub\New-Data-Fraud-detection\backend\.venv\Lib\site-packages\starlette\middleware\e
rrors.py", line 187, in __call__
    raise exc
  File "C:\Users\ismai\Documents\GitHub\New-Data-Fraud-detection\backend\.venv\Lib\site-packages\starlette\middleware\e
rrors.py", line 165, in __call__
    await self.app(scope, receive, _send)
  File "C:\Users\ismai\Documents\GitHub\New-Data-Fraud-detection\backend\.venv\Lib\site-packages\starlette\middleware\c
ors.py", line 85, in __call__
    await self.app(scope, receive, send)
  File "C:\Users\ismai\Documents\GitHub\New-Data-Fraud-detection\backend\.venv\Lib\site-packages\starlette\middleware\e
xceptions.py", line 62, in __call__
    await wrap_app_handling_exceptions(self.app, conn)(scope, receive, send)
  File "C:\Users\ismai\Documents\GitHub\New-Data-Fraud-detection\backend\.venv\Lib\site-packages\starlette\_exception_h
andler.py", line 53, in wrapped_app
    raise exc
  File "C:\Users\ismai\Documents\GitHub\New-Data-Fraud-detection\backend\.venv\Lib\site-packages\starlette\_exception_h
andler.py", line 42, in wrapped_app
    await app(scope, receive, sender)
  File 
"C:\Users\ismai\Documents\GitHub\New-Data-Fraud-detection\backend\.venv\Lib\site-packages\starlette\routing.py", line 
715, in __call__
    await self.middleware_stack(scope, receive, send)
  File 
"C:\Users\ismai\Documents\GitHub\New-Data-Fraud-detection\backend\.venv\Lib\site-packages\starlette\routing.py", line 
735, in app
    await route.handle(scope, receive, send)
  File 
"C:\Users\ismai\Documents\GitHub\New-Data-Fraud-detection\backend\.venv\Lib\site-packages\starlette\routing.py", line 
288, in handle
    await self.app(scope, receive, send)
  File 
"C:\Users\ismai\Documents\GitHub\New-Data-Fraud-detection\backend\.venv\Lib\site-packages\starlette\routing.py", line 
76, in app
    await wrap_app_handling_exceptions(app, request)(scope, receive, send)
  File "C:\Users\ismai\Documents\GitHub\New-Data-Fraud-detection\backend\.venv\Lib\site-packages\starlette\_exception_h
andler.py", line 53, in wrapped_app
    raise exc
  File "C:\Users\ismai\Documents\GitHub\New-Data-Fraud-detection\backend\.venv\Lib\site-packages\starlette\_exception_h
andler.py", line 42, in wrapped_app
    await app(scope, receive, sender)
  File 
"C:\Users\ismai\Documents\GitHub\New-Data-Fraud-detection\backend\.venv\Lib\site-packages\starlette\routing.py", line 
73, in app
    response = await f(request)
               ^^^^^^^^^^^^^^^^
  File "C:\Users\ismai\Documents\GitHub\New-Data-Fraud-detection\backend\.venv\Lib\site-packages\fastapi\routing.py", 
line 301, in app
    raw_response = await run_endpoint_function(
                   ^^^^^^^^^^^^^^^^^^^^^^^^^^^^
  File "C:\Users\ismai\Documents\GitHub\New-Data-Fraud-detection\backend\.venv\Lib\site-packages\fastapi\routing.py", 
line 214, in run_endpoint_function
    return await run_in_threadpool(dependant.call, **values)
           ^^^^^^^^^^^^^^^^^^^^^^^^^^^^^^^^^^^^^^^^^^^^^^^^^
  File 
"C:\Users\ismai\Documents\GitHub\New-Data-Fraud-detection\backend\.venv\Lib\site-packages\starlette\concurrency.py", 
line 39, in run_in_threadpool
    return await anyio.to_thread.run_sync(func, *args)
           ^^^^^^^^^^^^^^^^^^^^^^^^^^^^^^^^^^^^^^^^^^^
  File "C:\Users\ismai\Documents\GitHub\New-Data-Fraud-detection\backend\.venv\Lib\site-packages\anyio\to_thread.py", 
line 65, in run_sync
    return await get_async_backend().run_sync_in_worker_thread(
           ^^^^^^^^^^^^^^^^^^^^^^^^^^^^^^^^^^^^^^^^^^^^^^^^^^^^
  File "C:\Users\ismai\Documents\GitHub\New-Data-Fraud-detection\backend\.venv\Lib\site-packages\anyio\_backends\_async
io.py", line 2706, in run_sync_in_worker_thread
    return await future
           ^^^^^^^^^^^^
  File "C:\Users\ismai\Documents\GitHub\New-Data-Fraud-detection\backend\.venv\Lib\site-packages\anyio\_backends\_async
io.py", line 1100, in run
    result = context.run(func, *args)
             ^^^^^^^^^^^^^^^^^^^^^^^^
  File "C:\Users\ismai\Documents\GitHub\New-Data-Fraud-detection\backend\app\routers\dashboard.py", line 104, in 
get_daily_trend
    rows = session.execute(sql, params).mappings().all()
           ^^^^^^^^^^^^^^^^^^^^^^^^^^^^
  File 
"C:\Users\ismai\Documents\GitHub\New-Data-Fraud-detection\backend\.venv\Lib\site-packages\sqlalchemy\orm\session.py", 
line 2362, in execute
    return self._execute_internal(
           ^^^^^^^^^^^^^^^^^^^^^^^
  File 
"C:\Users\ismai\Documents\GitHub\New-Data-Fraud-detection\backend\.venv\Lib\site-packages\sqlalchemy\orm\session.py", 
line 2237, in _execute_internal
    conn = self._connection_for_bind(bind)
           ^^^^^^^^^^^^^^^^^^^^^^^^^^^^^^^
  File 
"C:\Users\ismai\Documents\GitHub\New-Data-Fraud-detection\backend\.venv\Lib\site-packages\sqlalchemy\orm\session.py", 
line 2106, in _connection_for_bind
    return trans._connection_for_bind(engine, execution_options)
           ^^^^^^^^^^^^^^^^^^^^^^^^^^^^^^^^^^^^^^^^^^^^^^^^^^^^^
  File "<string>", line 2, in _connection_for_bind
  File "C:\Users\ismai\Documents\GitHub\New-Data-Fraud-detection\backend\.venv\Lib\site-packages\sqlalchemy\orm\state_c
hanges.py", line 139, in _go
    ret_value = fn(self, *arg, **kw)
                ^^^^^^^^^^^^^^^^^^^^
  File 
"C:\Users\ismai\Documents\GitHub\New-Data-Fraud-detection\backend\.venv\Lib\site-packages\sqlalchemy\orm\session.py", 
line 1189, in _connection_for_bind
    conn = bind.connect()
           ^^^^^^^^^^^^^^
  File 
"C:\Users\ismai\Documents\GitHub\New-Data-Fraud-detection\backend\.venv\Lib\site-packages\sqlalchemy\engine\base.py", 
line 3278, in connect
    return self._connection_cls(self)
           ^^^^^^^^^^^^^^^^^^^^^^^^^^
  File 
"C:\Users\ismai\Documents\GitHub\New-Data-Fraud-detection\backend\.venv\Lib\site-packages\sqlalchemy\engine\base.py", 
line 148, in __init__
    Connection._handle_dbapi_exception_noconnection(
  File 
"C:\Users\ismai\Documents\GitHub\New-Data-Fraud-detection\backend\.venv\Lib\site-packages\sqlalchemy\engine\base.py", 
line 2442, in _handle_dbapi_exception_noconnection
    raise sqlalchemy_exception.with_traceback(exc_info[2]) from e
  File 
"C:\Users\ismai\Documents\GitHub\New-Data-Fraud-detection\backend\.venv\Lib\site-packages\sqlalchemy\engine\base.py", 
line 146, in __init__
    self._dbapi_connection = engine.raw_connection()
                             ^^^^^^^^^^^^^^^^^^^^^^^
  File 
"C:\Users\ismai\Documents\GitHub\New-Data-Fraud-detection\backend\.venv\Lib\site-packages\sqlalchemy\engine\base.py", 
line 3302, in raw_connection
    return self.pool.connect()
           ^^^^^^^^^^^^^^^^^^^
  File 
"C:\Users\ismai\Documents\GitHub\New-Data-Fraud-detection\backend\.venv\Lib\site-packages\sqlalchemy\pool\base.py", 
line 449, in connect
    return _ConnectionFairy._checkout(self)
           ^^^^^^^^^^^^^^^^^^^^^^^^^^^^^^^^
  File 
"C:\Users\ismai\Documents\GitHub\New-Data-Fraud-detection\backend\.venv\Lib\site-packages\sqlalchemy\pool\base.py", 
line 1263, in _checkout
    fairy = _ConnectionRecord.checkout(pool)
            ^^^^^^^^^^^^^^^^^^^^^^^^^^^^^^^^
  File 
"C:\Users\ismai\Documents\GitHub\New-Data-Fraud-detection\backend\.venv\Lib\site-packages\sqlalchemy\pool\base.py", 
line 712, in checkout
    rec = pool._do_get()
          ^^^^^^^^^^^^^^
  File 
"C:\Users\ismai\Documents\GitHub\New-Data-Fraud-detection\backend\.venv\Lib\site-packages\sqlalchemy\pool\impl.py", 
line 179, in _do_get
    with util.safe_reraise():
  File "C:\Users\ismai\Documents\GitHub\New-Data-Fraud-detection\backend\.venv\Lib\site-packages\sqlalchemy\util\langhe
lpers.py", line 146, in __exit__
    raise exc_value.with_traceback(exc_tb)
  File 
"C:\Users\ismai\Documents\GitHub\New-Data-Fraud-detection\backend\.venv\Lib\site-packages\sqlalchemy\pool\impl.py", 
line 177, in _do_get
    return self._create_connection()
           ^^^^^^^^^^^^^^^^^^^^^^^^^
  File 
"C:\Users\ismai\Documents\GitHub\New-Data-Fraud-detection\backend\.venv\Lib\site-packages\sqlalchemy\pool\base.py", 
line 390, in _create_connection
    return _ConnectionRecord(self)
           ^^^^^^^^^^^^^^^^^^^^^^^
  File 
"C:\Users\ismai\Documents\GitHub\New-Data-Fraud-detection\backend\.venv\Lib\site-packages\sqlalchemy\pool\base.py", 
line 674, in __init__
    self.__connect()
  File 
"C:\Users\ismai\Documents\GitHub\New-Data-Fraud-detection\backend\.venv\Lib\site-packages\sqlalchemy\pool\base.py", 
line 900, in __connect
    with util.safe_reraise():
  File "C:\Users\ismai\Documents\GitHub\New-Data-Fraud-detection\backend\.venv\Lib\site-packages\sqlalchemy\util\langhe
lpers.py", line 146, in __exit__
    raise exc_value.with_traceback(exc_tb)
  File 
"C:\Users\ismai\Documents\GitHub\New-Data-Fraud-detection\backend\.venv\Lib\site-packages\sqlalchemy\pool\base.py", 
line 896, in __connect
    self.dbapi_connection = connection = pool._invoke_creator(self)
                                         ^^^^^^^^^^^^^^^^^^^^^^^^^^
  File "C:\Users\ismai\Documents\GitHub\New-Data-Fraud-detection\backend\.venv\Lib\site-packages\sqlalchemy\engine\crea
te.py", line 643, in connect
    return dialect.connect(*cargs, **cparams)
           ^^^^^^^^^^^^^^^^^^^^^^^^^^^^^^^^^^
  File "C:\Users\ismai\Documents\GitHub\New-Data-Fraud-detection\backend\.venv\Lib\site-packages\sqlalchemy\engine\defa
ult.py", line 621, in connect
    return self.loaded_dbapi.connect(*cargs, **cparams)
           ^^^^^^^^^^^^^^^^^^^^^^^^^^^^^^^^^^^^^^^^^^^^
  File 
"C:\Users\ismai\Documents\GitHub\New-Data-Fraud-detection\backend\.venv\Lib\site-packages\psycopg2\__init__.py", line 
122, in connect
    conn = _connect(dsn, connection_factory=connection_factory, **kwasync)
           ^^^^^^^^^^^^^^^^^^^^^^^^^^^^^^^^^^^^^^^^^^^^^^^^^^^^^^^^^^^^^^^
sqlalchemy.exc.OperationalError: (psycopg2.OperationalError) connection to server at "localhost" (::1), port 5432 
failed: Connection refused (0x0000274D/10061)
	Is the server running on that host and accepting TCP/IP connections?
connection to server at "localhost" (127.0.0.1), port 5432 failed: Connection refused (0x0000274D/10061)
	Is the server running on that host and accepting TCP/IP connections?

(Background on this error at: https://sqlalche.me/e/20/e3q8)
INFO:     127.0.0.1:55458 - "GET /api/analytics/windows HTTP/1.1" 500 Internal Server Error
ERROR:    Exception in ASGI application
Traceback (most recent call last):
  File 
"C:\Users\ismai\Documents\GitHub\New-Data-Fraud-detection\backend\.venv\Lib\site-packages\sqlalchemy\engine\base.py", 
line 146, in __init__
    self._dbapi_connection = engine.raw_connection()
                             ^^^^^^^^^^^^^^^^^^^^^^^
  File 
"C:\Users\ismai\Documents\GitHub\New-Data-Fraud-detection\backend\.venv\Lib\site-packages\sqlalchemy\engine\base.py", 
line 3302, in raw_connection
    return self.pool.connect()
           ^^^^^^^^^^^^^^^^^^^
  File 
"C:\Users\ismai\Documents\GitHub\New-Data-Fraud-detection\backend\.venv\Lib\site-packages\sqlalchemy\pool\base.py", 
line 449, in connect
    return _ConnectionFairy._checkout(self)
           ^^^^^^^^^^^^^^^^^^^^^^^^^^^^^^^^
  File 
"C:\Users\ismai\Documents\GitHub\New-Data-Fraud-detection\backend\.venv\Lib\site-packages\sqlalchemy\pool\base.py", 
line 1263, in _checkout
    fairy = _ConnectionRecord.checkout(pool)
            ^^^^^^^^^^^^^^^^^^^^^^^^^^^^^^^^
  File 
"C:\Users\ismai\Documents\GitHub\New-Data-Fraud-detection\backend\.venv\Lib\site-packages\sqlalchemy\pool\base.py", 
line 712, in checkout
    rec = pool._do_get()
          ^^^^^^^^^^^^^^
  File 
"C:\Users\ismai\Documents\GitHub\New-Data-Fraud-detection\backend\.venv\Lib\site-packages\sqlalchemy\pool\impl.py", 
line 179, in _do_get
    with util.safe_reraise():
  File "C:\Users\ismai\Documents\GitHub\New-Data-Fraud-detection\backend\.venv\Lib\site-packages\sqlalchemy\util\langhe
lpers.py", line 146, in __exit__
    raise exc_value.with_traceback(exc_tb)
  File 
"C:\Users\ismai\Documents\GitHub\New-Data-Fraud-detection\backend\.venv\Lib\site-packages\sqlalchemy\pool\impl.py", 
line 177, in _do_get
    return self._create_connection()
           ^^^^^^^^^^^^^^^^^^^^^^^^^
  File 
"C:\Users\ismai\Documents\GitHub\New-Data-Fraud-detection\backend\.venv\Lib\site-packages\sqlalchemy\pool\base.py", 
line 390, in _create_connection
    return _ConnectionRecord(self)
           ^^^^^^^^^^^^^^^^^^^^^^^
  File 
"C:\Users\ismai\Documents\GitHub\New-Data-Fraud-detection\backend\.venv\Lib\site-packages\sqlalchemy\pool\base.py", 
line 674, in __init__
    self.__connect()
  File 
"C:\Users\ismai\Documents\GitHub\New-Data-Fraud-detection\backend\.venv\Lib\site-packages\sqlalchemy\pool\base.py", 
line 900, in __connect
    with util.safe_reraise():
  File "C:\Users\ismai\Documents\GitHub\New-Data-Fraud-detection\backend\.venv\Lib\site-packages\sqlalchemy\util\langhe
lpers.py", line 146, in __exit__
    raise exc_value.with_traceback(exc_tb)
  File 
"C:\Users\ismai\Documents\GitHub\New-Data-Fraud-detection\backend\.venv\Lib\site-packages\sqlalchemy\pool\base.py", 
line 896, in __connect
    self.dbapi_connection = connection = pool._invoke_creator(self)
                                         ^^^^^^^^^^^^^^^^^^^^^^^^^^
  File "C:\Users\ismai\Documents\GitHub\New-Data-Fraud-detection\backend\.venv\Lib\site-packages\sqlalchemy\engine\crea
te.py", line 643, in connect
    return dialect.connect(*cargs, **cparams)
           ^^^^^^^^^^^^^^^^^^^^^^^^^^^^^^^^^^
  File "C:\Users\ismai\Documents\GitHub\New-Data-Fraud-detection\backend\.venv\Lib\site-packages\sqlalchemy\engine\defa
ult.py", line 621, in connect
    return self.loaded_dbapi.connect(*cargs, **cparams)
           ^^^^^^^^^^^^^^^^^^^^^^^^^^^^^^^^^^^^^^^^^^^^
  File 
"C:\Users\ismai\Documents\GitHub\New-Data-Fraud-detection\backend\.venv\Lib\site-packages\psycopg2\__init__.py", line 
122, in connect
    conn = _connect(dsn, connection_factory=connection_factory, **kwasync)
           ^^^^^^^^^^^^^^^^^^^^^^^^^^^^^^^^^^^^^^^^^^^^^^^^^^^^^^^^^^^^^^^
psycopg2.OperationalError: connection to server at "localhost" (::1), port 5432 failed: Connection refused 
(0x0000274D/10061)
	Is the server running on that host and accepting TCP/IP connections?
connection to server at "localhost" (127.0.0.1), port 5432 failed: Connection refused (0x0000274D/10061)
	Is the server running on that host and accepting TCP/IP connections?


The above exception was the direct cause of the following exception:

Traceback (most recent call last):
  File "C:\Users\ismai\Documents\GitHub\New-Data-Fraud-detection\backend\.venv\Lib\site-packages\uvicorn\protocols\http
\httptools_impl.py", line 409, in run_asgi
    result = await app(  # type: ignore[func-returns-value]
             ^^^^^^^^^^^^^^^^^^^^^^^^^^^^^^^^^^^^^^^^^^^^^^
  File "C:\Users\ismai\Documents\GitHub\New-Data-Fraud-detection\backend\.venv\Lib\site-packages\uvicorn\middleware\pro
xy_headers.py", line 60, in __call__
    return await self.app(scope, receive, send)
           ^^^^^^^^^^^^^^^^^^^^^^^^^^^^^^^^^^^^
  File 
"C:\Users\ismai\Documents\GitHub\New-Data-Fraud-detection\backend\.venv\Lib\site-packages\fastapi\applications.py", 
line 1054, in __call__
    await super().__call__(scope, receive, send)
  File 
"C:\Users\ismai\Documents\GitHub\New-Data-Fraud-detection\backend\.venv\Lib\site-packages\starlette\applications.py", 
line 113, in __call__
    await self.middleware_stack(scope, receive, send)
  File "C:\Users\ismai\Documents\GitHub\New-Data-Fraud-detection\backend\.venv\Lib\site-packages\starlette\middleware\e
rrors.py", line 187, in __call__
    raise exc
  File "C:\Users\ismai\Documents\GitHub\New-Data-Fraud-detection\backend\.venv\Lib\site-packages\starlette\middleware\e
rrors.py", line 165, in __call__
    await self.app(scope, receive, _send)
  File "C:\Users\ismai\Documents\GitHub\New-Data-Fraud-detection\backend\.venv\Lib\site-packages\starlette\middleware\c
ors.py", line 85, in __call__
    await self.app(scope, receive, send)
  File "C:\Users\ismai\Documents\GitHub\New-Data-Fraud-detection\backend\.venv\Lib\site-packages\starlette\middleware\e
xceptions.py", line 62, in __call__
    await wrap_app_handling_exceptions(self.app, conn)(scope, receive, send)
  File "C:\Users\ismai\Documents\GitHub\New-Data-Fraud-detection\backend\.venv\Lib\site-packages\starlette\_exception_h
andler.py", line 53, in wrapped_app
    raise exc
  File "C:\Users\ismai\Documents\GitHub\New-Data-Fraud-detection\backend\.venv\Lib\site-packages\starlette\_exception_h
andler.py", line 42, in wrapped_app
    await app(scope, receive, sender)
  File 
"C:\Users\ismai\Documents\GitHub\New-Data-Fraud-detection\backend\.venv\Lib\site-packages\starlette\routing.py", line 
715, in __call__
    await self.middleware_stack(scope, receive, send)
  File 
"C:\Users\ismai\Documents\GitHub\New-Data-Fraud-detection\backend\.venv\Lib\site-packages\starlette\routing.py", line 
735, in app
    await route.handle(scope, receive, send)
  File 
"C:\Users\ismai\Documents\GitHub\New-Data-Fraud-detection\backend\.venv\Lib\site-packages\starlette\routing.py", line 
288, in handle
    await self.app(scope, receive, send)
  File 
"C:\Users\ismai\Documents\GitHub\New-Data-Fraud-detection\backend\.venv\Lib\site-packages\starlette\routing.py", line 
76, in app
    await wrap_app_handling_exceptions(app, request)(scope, receive, send)
  File "C:\Users\ismai\Documents\GitHub\New-Data-Fraud-detection\backend\.venv\Lib\site-packages\starlette\_exception_h
andler.py", line 53, in wrapped_app
    raise exc
  File "C:\Users\ismai\Documents\GitHub\New-Data-Fraud-detection\backend\.venv\Lib\site-packages\starlette\_exception_h
andler.py", line 42, in wrapped_app
    await app(scope, receive, sender)
  File 
"C:\Users\ismai\Documents\GitHub\New-Data-Fraud-detection\backend\.venv\Lib\site-packages\starlette\routing.py", line 
73, in app
    response = await f(request)
               ^^^^^^^^^^^^^^^^
  File "C:\Users\ismai\Documents\GitHub\New-Data-Fraud-detection\backend\.venv\Lib\site-packages\fastapi\routing.py", 
line 301, in app
    raw_response = await run_endpoint_function(
                   ^^^^^^^^^^^^^^^^^^^^^^^^^^^^
  File "C:\Users\ismai\Documents\GitHub\New-Data-Fraud-detection\backend\.venv\Lib\site-packages\fastapi\routing.py", 
line 214, in run_endpoint_function
    return await run_in_threadpool(dependant.call, **values)
           ^^^^^^^^^^^^^^^^^^^^^^^^^^^^^^^^^^^^^^^^^^^^^^^^^
  File 
"C:\Users\ismai\Documents\GitHub\New-Data-Fraud-detection\backend\.venv\Lib\site-packages\starlette\concurrency.py", 
line 39, in run_in_threadpool
    return await anyio.to_thread.run_sync(func, *args)
           ^^^^^^^^^^^^^^^^^^^^^^^^^^^^^^^^^^^^^^^^^^^
  File "C:\Users\ismai\Documents\GitHub\New-Data-Fraud-detection\backend\.venv\Lib\site-packages\anyio\to_thread.py", 
line 65, in run_sync
    return await get_async_backend().run_sync_in_worker_thread(
           ^^^^^^^^^^^^^^^^^^^^^^^^^^^^^^^^^^^^^^^^^^^^^^^^^^^^
  File "C:\Users\ismai\Documents\GitHub\New-Data-Fraud-detection\backend\.venv\Lib\site-packages\anyio\_backends\_async
io.py", line 2706, in run_sync_in_worker_thread
    return await future
           ^^^^^^^^^^^^
  File "C:\Users\ismai\Documents\GitHub\New-Data-Fraud-detection\backend\.venv\Lib\site-packages\anyio\_backends\_async
io.py", line 1100, in run
    result = context.run(func, *args)
             ^^^^^^^^^^^^^^^^^^^^^^^^
  File "C:\Users\ismai\Documents\GitHub\New-Data-Fraud-detection\backend\app\routers\dashboard.py", line 155, in 
get_analytics_windows
    latest = session.execute(text("SELECT MAX(session_date) FROM subscribers_daily")).scalar_one()
             ^^^^^^^^^^^^^^^^^^^^^^^^^^^^^^^^^^^^^^^^^^^^^^^^^^^^^^^^^^^^^^^^^^^^^^^^
  File 
"C:\Users\ismai\Documents\GitHub\New-Data-Fraud-detection\backend\.venv\Lib\site-packages\sqlalchemy\orm\session.py", 
line 2362, in execute
    return self._execute_internal(
           ^^^^^^^^^^^^^^^^^^^^^^^
  File 
"C:\Users\ismai\Documents\GitHub\New-Data-Fraud-detection\backend\.venv\Lib\site-packages\sqlalchemy\orm\session.py", 
line 2237, in _execute_internal
    conn = self._connection_for_bind(bind)
           ^^^^^^^^^^^^^^^^^^^^^^^^^^^^^^^
  File 
"C:\Users\ismai\Documents\GitHub\New-Data-Fraud-detection\backend\.venv\Lib\site-packages\sqlalchemy\orm\session.py", 
line 2106, in _connection_for_bind
    return trans._connection_for_bind(engine, execution_options)
           ^^^^^^^^^^^^^^^^^^^^^^^^^^^^^^^^^^^^^^^^^^^^^^^^^^^^^
  File "<string>", line 2, in _connection_for_bind
  File "C:\Users\ismai\Documents\GitHub\New-Data-Fraud-detection\backend\.venv\Lib\site-packages\sqlalchemy\orm\state_c
hanges.py", line 139, in _go
    ret_value = fn(self, *arg, **kw)
                ^^^^^^^^^^^^^^^^^^^^
  File 
"C:\Users\ismai\Documents\GitHub\New-Data-Fraud-detection\backend\.venv\Lib\site-packages\sqlalchemy\orm\session.py", 
line 1189, in _connection_for_bind
    conn = bind.connect()
           ^^^^^^^^^^^^^^
  File 
"C:\Users\ismai\Documents\GitHub\New-Data-Fraud-detection\backend\.venv\Lib\site-packages\sqlalchemy\engine\base.py", 
line 3278, in connect
    return self._connection_cls(self)
           ^^^^^^^^^^^^^^^^^^^^^^^^^^
  File 
"C:\Users\ismai\Documents\GitHub\New-Data-Fraud-detection\backend\.venv\Lib\site-packages\sqlalchemy\engine\base.py", 
line 148, in __init__
    Connection._handle_dbapi_exception_noconnection(
  File 
"C:\Users\ismai\Documents\GitHub\New-Data-Fraud-detection\backend\.venv\Lib\site-packages\sqlalchemy\engine\base.py", 
line 2442, in _handle_dbapi_exception_noconnection
    raise sqlalchemy_exception.with_traceback(exc_info[2]) from e
  File 
"C:\Users\ismai\Documents\GitHub\New-Data-Fraud-detection\backend\.venv\Lib\site-packages\sqlalchemy\engine\base.py", 
line 146, in __init__
    self._dbapi_connection = engine.raw_connection()
                             ^^^^^^^^^^^^^^^^^^^^^^^
  File 
"C:\Users\ismai\Documents\GitHub\New-Data-Fraud-detection\backend\.venv\Lib\site-packages\sqlalchemy\engine\base.py", 
line 3302, in raw_connection
    return self.pool.connect()
           ^^^^^^^^^^^^^^^^^^^
  File 
"C:\Users\ismai\Documents\GitHub\New-Data-Fraud-detection\backend\.venv\Lib\site-packages\sqlalchemy\pool\base.py", 
line 449, in connect
    return _ConnectionFairy._checkout(self)
           ^^^^^^^^^^^^^^^^^^^^^^^^^^^^^^^^
  File 
"C:\Users\ismai\Documents\GitHub\New-Data-Fraud-detection\backend\.venv\Lib\site-packages\sqlalchemy\pool\base.py", 
line 1263, in _checkout
    fairy = _ConnectionRecord.checkout(pool)
            ^^^^^^^^^^^^^^^^^^^^^^^^^^^^^^^^
  File 
"C:\Users\ismai\Documents\GitHub\New-Data-Fraud-detection\backend\.venv\Lib\site-packages\sqlalchemy\pool\base.py", 
line 712, in checkout
    rec = pool._do_get()
          ^^^^^^^^^^^^^^
  File 
"C:\Users\ismai\Documents\GitHub\New-Data-Fraud-detection\backend\.venv\Lib\site-packages\sqlalchemy\pool\impl.py", 
line 179, in _do_get
    with util.safe_reraise():
  File "C:\Users\ismai\Documents\GitHub\New-Data-Fraud-detection\backend\.venv\Lib\site-packages\sqlalchemy\util\langhe
lpers.py", line 146, in __exit__
    raise exc_value.with_traceback(exc_tb)
  File 
"C:\Users\ismai\Documents\GitHub\New-Data-Fraud-detection\backend\.venv\Lib\site-packages\sqlalchemy\pool\impl.py", 
line 177, in _do_get
    return self._create_connection()
           ^^^^^^^^^^^^^^^^^^^^^^^^^
  File 
"C:\Users\ismai\Documents\GitHub\New-Data-Fraud-detection\backend\.venv\Lib\site-packages\sqlalchemy\pool\base.py", 
line 390, in _create_connection
    return _ConnectionRecord(self)
           ^^^^^^^^^^^^^^^^^^^^^^^
  File 
"C:\Users\ismai\Documents\GitHub\New-Data-Fraud-detection\backend\.venv\Lib\site-packages\sqlalchemy\pool\base.py", 
line 674, in __init__
    self.__connect()
  File 
"C:\Users\ismai\Documents\GitHub\New-Data-Fraud-detection\backend\.venv\Lib\site-packages\sqlalchemy\pool\base.py", 
line 900, in __connect
    with util.safe_reraise():
  File "C:\Users\ismai\Documents\GitHub\New-Data-Fraud-detection\backend\.venv\Lib\site-packages\sqlalchemy\util\langhe
lpers.py", line 146, in __exit__
    raise exc_value.with_traceback(exc_tb)
  File 
"C:\Users\ismai\Documents\GitHub\New-Data-Fraud-detection\backend\.venv\Lib\site-packages\sqlalchemy\pool\base.py", 
line 896, in __connect
    self.dbapi_connection = connection = pool._invoke_creator(self)
                                         ^^^^^^^^^^^^^^^^^^^^^^^^^^
  File "C:\Users\ismai\Documents\GitHub\New-Data-Fraud-detection\backend\.venv\Lib\site-packages\sqlalchemy\engine\crea
te.py", line 643, in connect
    return dialect.connect(*cargs, **cparams)
           ^^^^^^^^^^^^^^^^^^^^^^^^^^^^^^^^^^
  File "C:\Users\ismai\Documents\GitHub\New-Data-Fraud-detection\backend\.venv\Lib\site-packages\sqlalchemy\engine\defa
ult.py", line 621, in connect
    return self.loaded_dbapi.connect(*cargs, **cparams)
           ^^^^^^^^^^^^^^^^^^^^^^^^^^^^^^^^^^^^^^^^^^^^
  File 
"C:\Users\ismai\Documents\GitHub\New-Data-Fraud-detection\backend\.venv\Lib\site-packages\psycopg2\__init__.py", line 
122, in connect
    conn = _connect(dsn, connection_factory=connection_factory, **kwasync)
           ^^^^^^^^^^^^^^^^^^^^^^^^^^^^^^^^^^^^^^^^^^^^^^^^^^^^^^^^^^^^^^^
sqlalchemy.exc.OperationalError: (psycopg2.OperationalError) connection to server at "localhost" (::1), port 5432 
failed: Connection refused (0x0000274D/10061)
	Is the server running on that host and accepting TCP/IP connections?
connection to server at "localhost" (127.0.0.1), port 5432 failed: Connection refused (0x0000274D/10061)
	Is the server running on that host and accepting TCP/IP connections?

(Background on this error at: https://sqlalche.me/e/20/e3q8)
INFO:     127.0.0.1:55742 - "GET /api/analytics/risk-distribution HTTP/1.1" 500 Internal Server Error
ERROR:    Exception in ASGI application
Traceback (most recent call last):
  File 
"C:\Users\ismai\Documents\GitHub\New-Data-Fraud-detection\backend\.venv\Lib\site-packages\sqlalchemy\engine\base.py", 
line 146, in __init__
    self._dbapi_connection = engine.raw_connection()
                             ^^^^^^^^^^^^^^^^^^^^^^^
  File 
"C:\Users\ismai\Documents\GitHub\New-Data-Fraud-detection\backend\.venv\Lib\site-packages\sqlalchemy\engine\base.py", 
line 3302, in raw_connection
    return self.pool.connect()
           ^^^^^^^^^^^^^^^^^^^
  File 
"C:\Users\ismai\Documents\GitHub\New-Data-Fraud-detection\backend\.venv\Lib\site-packages\sqlalchemy\pool\base.py", 
line 449, in connect
    return _ConnectionFairy._checkout(self)
           ^^^^^^^^^^^^^^^^^^^^^^^^^^^^^^^^
  File 
"C:\Users\ismai\Documents\GitHub\New-Data-Fraud-detection\backend\.venv\Lib\site-packages\sqlalchemy\pool\base.py", 
line 1263, in _checkout
    fairy = _ConnectionRecord.checkout(pool)
            ^^^^^^^^^^^^^^^^^^^^^^^^^^^^^^^^
  File 
"C:\Users\ismai\Documents\GitHub\New-Data-Fraud-detection\backend\.venv\Lib\site-packages\sqlalchemy\pool\base.py", 
line 712, in checkout
    rec = pool._do_get()
          ^^^^^^^^^^^^^^
  File 
"C:\Users\ismai\Documents\GitHub\New-Data-Fraud-detection\backend\.venv\Lib\site-packages\sqlalchemy\pool\impl.py", 
line 179, in _do_get
    with util.safe_reraise():
  File "C:\Users\ismai\Documents\GitHub\New-Data-Fraud-detection\backend\.venv\Lib\site-packages\sqlalchemy\util\langhe
lpers.py", line 146, in __exit__
    raise exc_value.with_traceback(exc_tb)
  File 
"C:\Users\ismai\Documents\GitHub\New-Data-Fraud-detection\backend\.venv\Lib\site-packages\sqlalchemy\pool\impl.py", 
line 177, in _do_get
    return self._create_connection()
           ^^^^^^^^^^^^^^^^^^^^^^^^^
  File 
"C:\Users\ismai\Documents\GitHub\New-Data-Fraud-detection\backend\.venv\Lib\site-packages\sqlalchemy\pool\base.py", 
line 390, in _create_connection
    return _ConnectionRecord(self)
           ^^^^^^^^^^^^^^^^^^^^^^^
  File 
"C:\Users\ismai\Documents\GitHub\New-Data-Fraud-detection\backend\.venv\Lib\site-packages\sqlalchemy\pool\base.py", 
line 674, in __init__
    self.__connect()
  File 
"C:\Users\ismai\Documents\GitHub\New-Data-Fraud-detection\backend\.venv\Lib\site-packages\sqlalchemy\pool\base.py", 
line 900, in __connect
    with util.safe_reraise():
  File "C:\Users\ismai\Documents\GitHub\New-Data-Fraud-detection\backend\.venv\Lib\site-packages\sqlalchemy\util\langhe
lpers.py", line 146, in __exit__
    raise exc_value.with_traceback(exc_tb)
  File 
"C:\Users\ismai\Documents\GitHub\New-Data-Fraud-detection\backend\.venv\Lib\site-packages\sqlalchemy\pool\base.py", 
line 896, in __connect
    self.dbapi_connection = connection = pool._invoke_creator(self)
                                         ^^^^^^^^^^^^^^^^^^^^^^^^^^
  File "C:\Users\ismai\Documents\GitHub\New-Data-Fraud-detection\backend\.venv\Lib\site-packages\sqlalchemy\engine\crea
te.py", line 643, in connect
    return dialect.connect(*cargs, **cparams)
           ^^^^^^^^^^^^^^^^^^^^^^^^^^^^^^^^^^
  File "C:\Users\ismai\Documents\GitHub\New-Data-Fraud-detection\backend\.venv\Lib\site-packages\sqlalchemy\engine\defa
ult.py", line 621, in connect
    return self.loaded_dbapi.connect(*cargs, **cparams)
           ^^^^^^^^^^^^^^^^^^^^^^^^^^^^^^^^^^^^^^^^^^^^
  File 
"C:\Users\ismai\Documents\GitHub\New-Data-Fraud-detection\backend\.venv\Lib\site-packages\psycopg2\__init__.py", line 
122, in connect
    conn = _connect(dsn, connection_factory=connection_factory, **kwasync)
           ^^^^^^^^^^^^^^^^^^^^^^^^^^^^^^^^^^^^^^^^^^^^^^^^^^^^^^^^^^^^^^^
psycopg2.OperationalError: connection to server at "localhost" (::1), port 5432 failed: Connection refused 
(0x0000274D/10061)
	Is the server running on that host and accepting TCP/IP connections?
connection to server at "localhost" (127.0.0.1), port 5432 failed: Connection refused (0x0000274D/10061)
	Is the server running on that host and accepting TCP/IP connections?


The above exception was the direct cause of the following exception:

Traceback (most recent call last):
  File "C:\Users\ismai\Documents\GitHub\New-Data-Fraud-detection\backend\.venv\Lib\site-packages\uvicorn\protocols\http
\httptools_impl.py", line 409, in run_asgi
    result = await app(  # type: ignore[func-returns-value]
             ^^^^^^^^^^^^^^^^^^^^^^^^^^^^^^^^^^^^^^^^^^^^^^
  File "C:\Users\ismai\Documents\GitHub\New-Data-Fraud-detection\backend\.venv\Lib\site-packages\uvicorn\middleware\pro
xy_headers.py", line 60, in __call__
    return await self.app(scope, receive, send)
           ^^^^^^^^^^^^^^^^^^^^^^^^^^^^^^^^^^^^
  File 
"C:\Users\ismai\Documents\GitHub\New-Data-Fraud-detection\backend\.venv\Lib\site-packages\fastapi\applications.py", 
line 1054, in __call__
    await super().__call__(scope, receive, send)
  File 
"C:\Users\ismai\Documents\GitHub\New-Data-Fraud-detection\backend\.venv\Lib\site-packages\starlette\applications.py", 
line 113, in __call__
    await self.middleware_stack(scope, receive, send)
  File "C:\Users\ismai\Documents\GitHub\New-Data-Fraud-detection\backend\.venv\Lib\site-packages\starlette\middleware\e
rrors.py", line 187, in __call__
    raise exc
  File "C:\Users\ismai\Documents\GitHub\New-Data-Fraud-detection\backend\.venv\Lib\site-packages\starlette\middleware\e
rrors.py", line 165, in __call__
    await self.app(scope, receive, _send)
  File "C:\Users\ismai\Documents\GitHub\New-Data-Fraud-detection\backend\.venv\Lib\site-packages\starlette\middleware\c
ors.py", line 85, in __call__
    await self.app(scope, receive, send)
  File "C:\Users\ismai\Documents\GitHub\New-Data-Fraud-detection\backend\.venv\Lib\site-packages\starlette\middleware\e
xceptions.py", line 62, in __call__
    await wrap_app_handling_exceptions(self.app, conn)(scope, receive, send)
  File "C:\Users\ismai\Documents\GitHub\New-Data-Fraud-detection\backend\.venv\Lib\site-packages\starlette\_exception_h
andler.py", line 53, in wrapped_app
    raise exc
  File "C:\Users\ismai\Documents\GitHub\New-Data-Fraud-detection\backend\.venv\Lib\site-packages\starlette\_exception_h
andler.py", line 42, in wrapped_app
    await app(scope, receive, sender)
  File 
"C:\Users\ismai\Documents\GitHub\New-Data-Fraud-detection\backend\.venv\Lib\site-packages\starlette\routing.py", line 
715, in __call__
    await self.middleware_stack(scope, receive, send)
  File 
"C:\Users\ismai\Documents\GitHub\New-Data-Fraud-detection\backend\.venv\Lib\site-packages\starlette\routing.py", line 
735, in app
    await route.handle(scope, receive, send)
  File 
"C:\Users\ismai\Documents\GitHub\New-Data-Fraud-detection\backend\.venv\Lib\site-packages\starlette\routing.py", line 
288, in handle
    await self.app(scope, receive, send)
  File 
"C:\Users\ismai\Documents\GitHub\New-Data-Fraud-detection\backend\.venv\Lib\site-packages\starlette\routing.py", line 
76, in app
    await wrap_app_handling_exceptions(app, request)(scope, receive, send)
  File "C:\Users\ismai\Documents\GitHub\New-Data-Fraud-detection\backend\.venv\Lib\site-packages\starlette\_exception_h
andler.py", line 53, in wrapped_app
    raise exc
  File "C:\Users\ismai\Documents\GitHub\New-Data-Fraud-detection\backend\.venv\Lib\site-packages\starlette\_exception_h
andler.py", line 42, in wrapped_app
    await app(scope, receive, sender)
  File 
"C:\Users\ismai\Documents\GitHub\New-Data-Fraud-detection\backend\.venv\Lib\site-packages\starlette\routing.py", line 
73, in app
    response = await f(request)
               ^^^^^^^^^^^^^^^^
  File "C:\Users\ismai\Documents\GitHub\New-Data-Fraud-detection\backend\.venv\Lib\site-packages\fastapi\routing.py", 
line 301, in app
    raw_response = await run_endpoint_function(
                   ^^^^^^^^^^^^^^^^^^^^^^^^^^^^
  File "C:\Users\ismai\Documents\GitHub\New-Data-Fraud-detection\backend\.venv\Lib\site-packages\fastapi\routing.py", 
line 214, in run_endpoint_function
    return await run_in_threadpool(dependant.call, **values)
           ^^^^^^^^^^^^^^^^^^^^^^^^^^^^^^^^^^^^^^^^^^^^^^^^^
  File 
"C:\Users\ismai\Documents\GitHub\New-Data-Fraud-detection\backend\.venv\Lib\site-packages\starlette\concurrency.py", 
line 39, in run_in_threadpool
    return await anyio.to_thread.run_sync(func, *args)
           ^^^^^^^^^^^^^^^^^^^^^^^^^^^^^^^^^^^^^^^^^^^
  File "C:\Users\ismai\Documents\GitHub\New-Data-Fraud-detection\backend\.venv\Lib\site-packages\anyio\to_thread.py", 
line 65, in run_sync
    return await get_async_backend().run_sync_in_worker_thread(
           ^^^^^^^^^^^^^^^^^^^^^^^^^^^^^^^^^^^^^^^^^^^^^^^^^^^^
  File "C:\Users\ismai\Documents\GitHub\New-Data-Fraud-detection\backend\.venv\Lib\site-packages\anyio\_backends\_async
io.py", line 2706, in run_sync_in_worker_thread
    return await future
           ^^^^^^^^^^^^
  File "C:\Users\ismai\Documents\GitHub\New-Data-Fraud-detection\backend\.venv\Lib\site-packages\anyio\_backends\_async
io.py", line 1100, in run
    result = context.run(func, *args)
             ^^^^^^^^^^^^^^^^^^^^^^^^
  File "C:\Users\ismai\Documents\GitHub\New-Data-Fraud-detection\backend\app\routers\dashboard.py", line 194, in 
get_risk_distribution
    rows = session.execute(sql).mappings().all()
           ^^^^^^^^^^^^^^^^^^^^
  File 
"C:\Users\ismai\Documents\GitHub\New-Data-Fraud-detection\backend\.venv\Lib\site-packages\sqlalchemy\orm\session.py", 
line 2362, in execute
    return self._execute_internal(
           ^^^^^^^^^^^^^^^^^^^^^^^
  File 
"C:\Users\ismai\Documents\GitHub\New-Data-Fraud-detection\backend\.venv\Lib\site-packages\sqlalchemy\orm\session.py", 
line 2237, in _execute_internal
    conn = self._connection_for_bind(bind)
           ^^^^^^^^^^^^^^^^^^^^^^^^^^^^^^^
  File 
"C:\Users\ismai\Documents\GitHub\New-Data-Fraud-detection\backend\.venv\Lib\site-packages\sqlalchemy\orm\session.py", 
line 2106, in _connection_for_bind
    return trans._connection_for_bind(engine, execution_options)
           ^^^^^^^^^^^^^^^^^^^^^^^^^^^^^^^^^^^^^^^^^^^^^^^^^^^^^
  File "<string>", line 2, in _connection_for_bind
  File "C:\Users\ismai\Documents\GitHub\New-Data-Fraud-detection\backend\.venv\Lib\site-packages\sqlalchemy\orm\state_c
hanges.py", line 139, in _go
    ret_value = fn(self, *arg, **kw)
                ^^^^^^^^^^^^^^^^^^^^
  File 
"C:\Users\ismai\Documents\GitHub\New-Data-Fraud-detection\backend\.venv\Lib\site-packages\sqlalchemy\orm\session.py", 
line 1189, in _connection_for_bind
    conn = bind.connect()
           ^^^^^^^^^^^^^^
  File 
"C:\Users\ismai\Documents\GitHub\New-Data-Fraud-detection\backend\.venv\Lib\site-packages\sqlalchemy\engine\base.py", 
line 3278, in connect
    return self._connection_cls(self)
           ^^^^^^^^^^^^^^^^^^^^^^^^^^
  File 
"C:\Users\ismai\Documents\GitHub\New-Data-Fraud-detection\backend\.venv\Lib\site-packages\sqlalchemy\engine\base.py", 
line 148, in __init__
    Connection._handle_dbapi_exception_noconnection(
  File 
"C:\Users\ismai\Documents\GitHub\New-Data-Fraud-detection\backend\.venv\Lib\site-packages\sqlalchemy\engine\base.py", 
line 2442, in _handle_dbapi_exception_noconnection
    raise sqlalchemy_exception.with_traceback(exc_info[2]) from e
  File 
"C:\Users\ismai\Documents\GitHub\New-Data-Fraud-detection\backend\.venv\Lib\site-packages\sqlalchemy\engine\base.py", 
line 146, in __init__
    self._dbapi_connection = engine.raw_connection()
                             ^^^^^^^^^^^^^^^^^^^^^^^
  File 
"C:\Users\ismai\Documents\GitHub\New-Data-Fraud-detection\backend\.venv\Lib\site-packages\sqlalchemy\engine\base.py", 
line 3302, in raw_connection
    return self.pool.connect()
           ^^^^^^^^^^^^^^^^^^^
  File 
"C:\Users\ismai\Documents\GitHub\New-Data-Fraud-detection\backend\.venv\Lib\site-packages\sqlalchemy\pool\base.py", 
line 449, in connect
    return _ConnectionFairy._checkout(self)
           ^^^^^^^^^^^^^^^^^^^^^^^^^^^^^^^^
  File 
"C:\Users\ismai\Documents\GitHub\New-Data-Fraud-detection\backend\.venv\Lib\site-packages\sqlalchemy\pool\base.py", 
line 1263, in _checkout
    fairy = _ConnectionRecord.checkout(pool)
            ^^^^^^^^^^^^^^^^^^^^^^^^^^^^^^^^
  File 
"C:\Users\ismai\Documents\GitHub\New-Data-Fraud-detection\backend\.venv\Lib\site-packages\sqlalchemy\pool\base.py", 
line 712, in checkout
    rec = pool._do_get()
          ^^^^^^^^^^^^^^
  File 
"C:\Users\ismai\Documents\GitHub\New-Data-Fraud-detection\backend\.venv\Lib\site-packages\sqlalchemy\pool\impl.py", 
line 179, in _do_get
    with util.safe_reraise():
  File "C:\Users\ismai\Documents\GitHub\New-Data-Fraud-detection\backend\.venv\Lib\site-packages\sqlalchemy\util\langhe
lpers.py", line 146, in __exit__
    raise exc_value.with_traceback(exc_tb)
  File 
"C:\Users\ismai\Documents\GitHub\New-Data-Fraud-detection\backend\.venv\Lib\site-packages\sqlalchemy\pool\impl.py", 
line 177, in _do_get
    return self._create_connection()
           ^^^^^^^^^^^^^^^^^^^^^^^^^
  File 
"C:\Users\ismai\Documents\GitHub\New-Data-Fraud-detection\backend\.venv\Lib\site-packages\sqlalchemy\pool\base.py", 
line 390, in _create_connection
    return _ConnectionRecord(self)
           ^^^^^^^^^^^^^^^^^^^^^^^
  File 
"C:\Users\ismai\Documents\GitHub\New-Data-Fraud-detection\backend\.venv\Lib\site-packages\sqlalchemy\pool\base.py", 
line 674, in __init__
    self.__connect()
  File 
"C:\Users\ismai\Documents\GitHub\New-Data-Fraud-detection\backend\.venv\Lib\site-packages\sqlalchemy\pool\base.py", 
line 900, in __connect
    with util.safe_reraise():
  File "C:\Users\ismai\Documents\GitHub\New-Data-Fraud-detection\backend\.venv\Lib\site-packages\sqlalchemy\util\langhe
lpers.py", line 146, in __exit__
    raise exc_value.with_traceback(exc_tb)
  File 
"C:\Users\ismai\Documents\GitHub\New-Data-Fraud-detection\backend\.venv\Lib\site-packages\sqlalchemy\pool\base.py", 
line 896, in __connect
    self.dbapi_connection = connection = pool._invoke_creator(self)
                                         ^^^^^^^^^^^^^^^^^^^^^^^^^^
  File "C:\Users\ismai\Documents\GitHub\New-Data-Fraud-detection\backend\.venv\Lib\site-packages\sqlalchemy\engine\crea
te.py", line 643, in connect
    return dialect.connect(*cargs, **cparams)
           ^^^^^^^^^^^^^^^^^^^^^^^^^^^^^^^^^^
  File "C:\Users\ismai\Documents\GitHub\New-Data-Fraud-detection\backend\.venv\Lib\site-packages\sqlalchemy\engine\defa
ult.py", line 621, in connect
    return self.loaded_dbapi.connect(*cargs, **cparams)
           ^^^^^^^^^^^^^^^^^^^^^^^^^^^^^^^^^^^^^^^^^^^^
  File 
"C:\Users\ismai\Documents\GitHub\New-Data-Fraud-detection\backend\.venv\Lib\site-packages\psycopg2\__init__.py", line 
122, in connect
    conn = _connect(dsn, connection_factory=connection_factory, **kwasync)
           ^^^^^^^^^^^^^^^^^^^^^^^^^^^^^^^^^^^^^^^^^^^^^^^^^^^^^^^^^^^^^^^
sqlalchemy.exc.OperationalError: (psycopg2.OperationalError) connection to server at "localhost" (::1), port 5432 
failed: Connection refused (0x0000274D/10061)
	Is the server running on that host and accepting TCP/IP connections?
connection to server at "localhost" (127.0.0.1), port 5432 failed: Connection refused (0x0000274D/10061)
	Is the server running on that host and accepting TCP/IP connections?

(Background on this error at: https://sqlalche.me/e/20/e3q8)
INFO:app.websocket_manager:WebSocket disconnected. Total active: 7
INFO:     connection closed
INFO:app.websocket_manager:WebSocket disconnected. Total active: 6
INFO:app.websocket_manager:WebSocket disconnected. Total active: 5
INFO:     connection closed
INFO:app.websocket_manager:WebSocket disconnected. Total active: 4
INFO:     connection closed
INFO:     connection closed
INFO:     127.0.0.1:52393 - "GET /api/health HTTP/1.1" 200 OK
INFO:     127.0.0.1:52394 - "GET /api/system-health HTTP/1.1" 200 OK
INFO:     127.0.0.1:52396 - "GET /api/kpis HTTP/1.1" 500 Internal Server Error
ERROR:    Exception in ASGI application
Traceback (most recent call last):
  File 
"C:\Users\ismai\Documents\GitHub\New-Data-Fraud-detection\backend\.venv\Lib\site-packages\sqlalchemy\engine\base.py", 
line 146, in __init__
    self._dbapi_connection = engine.raw_connection()
                             ^^^^^^^^^^^^^^^^^^^^^^^
  File 
"C:\Users\ismai\Documents\GitHub\New-Data-Fraud-detection\backend\.venv\Lib\site-packages\sqlalchemy\engine\base.py", 
line 3302, in raw_connection
    return self.pool.connect()
           ^^^^^^^^^^^^^^^^^^^
  File 
"C:\Users\ismai\Documents\GitHub\New-Data-Fraud-detection\backend\.venv\Lib\site-packages\sqlalchemy\pool\base.py", 
line 449, in connect
    return _ConnectionFairy._checkout(self)
           ^^^^^^^^^^^^^^^^^^^^^^^^^^^^^^^^
  File 
"C:\Users\ismai\Documents\GitHub\New-Data-Fraud-detection\backend\.venv\Lib\site-packages\sqlalchemy\pool\base.py", 
line 1263, in _checkout
    fairy = _ConnectionRecord.checkout(pool)
            ^^^^^^^^^^^^^^^^^^^^^^^^^^^^^^^^
  File 
"C:\Users\ismai\Documents\GitHub\New-Data-Fraud-detection\backend\.venv\Lib\site-packages\sqlalchemy\pool\base.py", 
line 712, in checkout
    rec = pool._do_get()
          ^^^^^^^^^^^^^^
  File 
"C:\Users\ismai\Documents\GitHub\New-Data-Fraud-detection\backend\.venv\Lib\site-packages\sqlalchemy\pool\impl.py", 
line 179, in _do_get
    with util.safe_reraise():
  File "C:\Users\ismai\Documents\GitHub\New-Data-Fraud-detection\backend\.venv\Lib\site-packages\sqlalchemy\util\langhe
lpers.py", line 146, in __exit__
    raise exc_value.with_traceback(exc_tb)
  File 
"C:\Users\ismai\Documents\GitHub\New-Data-Fraud-detection\backend\.venv\Lib\site-packages\sqlalchemy\pool\impl.py", 
line 177, in _do_get
    return self._create_connection()
           ^^^^^^^^^^^^^^^^^^^^^^^^^
  File 
"C:\Users\ismai\Documents\GitHub\New-Data-Fraud-detection\backend\.venv\Lib\site-packages\sqlalchemy\pool\base.py", 
line 390, in _create_connection
    return _ConnectionRecord(self)
           ^^^^^^^^^^^^^^^^^^^^^^^
  File 
"C:\Users\ismai\Documents\GitHub\New-Data-Fraud-detection\backend\.venv\Lib\site-packages\sqlalchemy\pool\base.py", 
line 674, in __init__
    self.__connect()
  File 
"C:\Users\ismai\Documents\GitHub\New-Data-Fraud-detection\backend\.venv\Lib\site-packages\sqlalchemy\pool\base.py", 
line 900, in __connect
    with util.safe_reraise():
  File "C:\Users\ismai\Documents\GitHub\New-Data-Fraud-detection\backend\.venv\Lib\site-packages\sqlalchemy\util\langhe
lpers.py", line 146, in __exit__
    raise exc_value.with_traceback(exc_tb)
  File 
"C:\Users\ismai\Documents\GitHub\New-Data-Fraud-detection\backend\.venv\Lib\site-packages\sqlalchemy\pool\base.py", 
line 896, in __connect
    self.dbapi_connection = connection = pool._invoke_creator(self)
                                         ^^^^^^^^^^^^^^^^^^^^^^^^^^
  File "C:\Users\ismai\Documents\GitHub\New-Data-Fraud-detection\backend\.venv\Lib\site-packages\sqlalchemy\engine\crea
te.py", line 643, in connect
    return dialect.connect(*cargs, **cparams)
           ^^^^^^^^^^^^^^^^^^^^^^^^^^^^^^^^^^
  File "C:\Users\ismai\Documents\GitHub\New-Data-Fraud-detection\backend\.venv\Lib\site-packages\sqlalchemy\engine\defa
ult.py", line 621, in connect
    return self.loaded_dbapi.connect(*cargs, **cparams)
           ^^^^^^^^^^^^^^^^^^^^^^^^^^^^^^^^^^^^^^^^^^^^
  File 
"C:\Users\ismai\Documents\GitHub\New-Data-Fraud-detection\backend\.venv\Lib\site-packages\psycopg2\__init__.py", line 
122, in connect
    conn = _connect(dsn, connection_factory=connection_factory, **kwasync)
           ^^^^^^^^^^^^^^^^^^^^^^^^^^^^^^^^^^^^^^^^^^^^^^^^^^^^^^^^^^^^^^^
psycopg2.OperationalError: connection to server at "localhost" (::1), port 5432 failed: FATAL:  password 
authentication failed for user "user"


The above exception was the direct cause of the following exception:

Traceback (most recent call last):
  File "C:\Users\ismai\Documents\GitHub\New-Data-Fraud-detection\backend\.venv\Lib\site-packages\uvicorn\protocols\http
\httptools_impl.py", line 409, in run_asgi
    result = await app(  # type: ignore[func-returns-value]
             ^^^^^^^^^^^^^^^^^^^^^^^^^^^^^^^^^^^^^^^^^^^^^^
  File "C:\Users\ismai\Documents\GitHub\New-Data-Fraud-detection\backend\.venv\Lib\site-packages\uvicorn\middleware\pro
xy_headers.py", line 60, in __call__
    return await self.app(scope, receive, send)
           ^^^^^^^^^^^^^^^^^^^^^^^^^^^^^^^^^^^^
  File 
"C:\Users\ismai\Documents\GitHub\New-Data-Fraud-detection\backend\.venv\Lib\site-packages\fastapi\applications.py", 
line 1054, in __call__
    await super().__call__(scope, receive, send)
  File 
"C:\Users\ismai\Documents\GitHub\New-Data-Fraud-detection\backend\.venv\Lib\site-packages\starlette\applications.py", 
line 113, in __call__
    await self.middleware_stack(scope, receive, send)
  File "C:\Users\ismai\Documents\GitHub\New-Data-Fraud-detection\backend\.venv\Lib\site-packages\starlette\middleware\e
rrors.py", line 187, in __call__
    raise exc
  File "C:\Users\ismai\Documents\GitHub\New-Data-Fraud-detection\backend\.venv\Lib\site-packages\starlette\middleware\e
rrors.py", line 165, in __call__
    await self.app(scope, receive, _send)
  File "C:\Users\ismai\Documents\GitHub\New-Data-Fraud-detection\backend\.venv\Lib\site-packages\starlette\middleware\c
ors.py", line 85, in __call__
    await self.app(scope, receive, send)
  File "C:\Users\ismai\Documents\GitHub\New-Data-Fraud-detection\backend\.venv\Lib\site-packages\starlette\middleware\e
xceptions.py", line 62, in __call__
    await wrap_app_handling_exceptions(self.app, conn)(scope, receive, send)
  File "C:\Users\ismai\Documents\GitHub\New-Data-Fraud-detection\backend\.venv\Lib\site-packages\starlette\_exception_h
andler.py", line 53, in wrapped_app
    raise exc
  File "C:\Users\ismai\Documents\GitHub\New-Data-Fraud-detection\backend\.venv\Lib\site-packages\starlette\_exception_h
andler.py", line 42, in wrapped_app
    await app(scope, receive, sender)
  File 
"C:\Users\ismai\Documents\GitHub\New-Data-Fraud-detection\backend\.venv\Lib\site-packages\starlette\routing.py", line 
715, in __call__
    await self.middleware_stack(scope, receive, send)
  File 
"C:\Users\ismai\Documents\GitHub\New-Data-Fraud-detection\backend\.venv\Lib\site-packages\starlette\routing.py", line 
735, in app
    await route.handle(scope, receive, send)
  File 
"C:\Users\ismai\Documents\GitHub\New-Data-Fraud-detection\backend\.venv\Lib\site-packages\starlette\routing.py", line 
288, in handle
    await self.app(scope, receive, send)
  File 
"C:\Users\ismai\Documents\GitHub\New-Data-Fraud-detection\backend\.venv\Lib\site-packages\starlette\routing.py", line 
76, in app
    await wrap_app_handling_exceptions(app, request)(scope, receive, send)
  File "C:\Users\ismai\Documents\GitHub\New-Data-Fraud-detection\backend\.venv\Lib\site-packages\starlette\_exception_h
andler.py", line 53, in wrapped_app
    raise exc
  File "C:\Users\ismai\Documents\GitHub\New-Data-Fraud-detection\backend\.venv\Lib\site-packages\starlette\_exception_h
andler.py", line 42, in wrapped_app
    await app(scope, receive, sender)
  File 
"C:\Users\ismai\Documents\GitHub\New-Data-Fraud-detection\backend\.venv\Lib\site-packages\starlette\routing.py", line 
73, in app
    response = await f(request)
               ^^^^^^^^^^^^^^^^
  File "C:\Users\ismai\Documents\GitHub\New-Data-Fraud-detection\backend\.venv\Lib\site-packages\fastapi\routing.py", 
line 301, in app
    raw_response = await run_endpoint_function(
                   ^^^^^^^^^^^^^^^^^^^^^^^^^^^^
  File "C:\Users\ismai\Documents\GitHub\New-Data-Fraud-detection\backend\.venv\Lib\site-packages\fastapi\routing.py", 
line 214, in run_endpoint_function
    return await run_in_threadpool(dependant.call, **values)
           ^^^^^^^^^^^^^^^^^^^^^^^^^^^^^^^^^^^^^^^^^^^^^^^^^
  File 
"C:\Users\ismai\Documents\GitHub\New-Data-Fraud-detection\backend\.venv\Lib\site-packages\starlette\concurrency.py", 
line 39, in run_in_threadpool
    return await anyio.to_thread.run_sync(func, *args)
           ^^^^^^^^^^^^^^^^^^^^^^^^^^^^^^^^^^^^^^^^^^^
  File "C:\Users\ismai\Documents\GitHub\New-Data-Fraud-detection\backend\.venv\Lib\site-packages\anyio\to_thread.py", 
line 65, in run_sync
    return await get_async_backend().run_sync_in_worker_thread(
           ^^^^^^^^^^^^^^^^^^^^^^^^^^^^^^^^^^^^^^^^^^^^^^^^^^^^
  File "C:\Users\ismai\Documents\GitHub\New-Data-Fraud-detection\backend\.venv\Lib\site-packages\anyio\_backends\_async
io.py", line 2706, in run_sync_in_worker_thread
    return await future
           ^^^^^^^^^^^^
  File "C:\Users\ismai\Documents\GitHub\New-Data-Fraud-detection\backend\.venv\Lib\site-packages\anyio\_backends\_async
io.py", line 1100, in run
    result = context.run(func, *args)
             ^^^^^^^^^^^^^^^^^^^^^^^^
  File "C:\Users\ismai\Documents\GitHub\New-Data-Fraud-detection\backend\app\routers\dashboard.py", line 59, in 
get_kpis
    row = session.execute(sql, params).mappings().one()
          ^^^^^^^^^^^^^^^^^^^^^^^^^^^^
  File 
"C:\Users\ismai\Documents\GitHub\New-Data-Fraud-detection\backend\.venv\Lib\site-packages\sqlalchemy\orm\session.py", 
line 2362, in execute
    return self._execute_internal(
           ^^^^^^^^^^^^^^^^^^^^^^^
  File 
"C:\Users\ismai\Documents\GitHub\New-Data-Fraud-detection\backend\.venv\Lib\site-packages\sqlalchemy\orm\session.py", 
line 2237, in _execute_internal
    conn = self._connection_for_bind(bind)
           ^^^^^^^^^^^^^^^^^^^^^^^^^^^^^^^
  File 
"C:\Users\ismai\Documents\GitHub\New-Data-Fraud-detection\backend\.venv\Lib\site-packages\sqlalchemy\orm\session.py", 
line 2106, in _connection_for_bind
    return trans._connection_for_bind(engine, execution_options)
           ^^^^^^^^^^^^^^^^^^^^^^^^^^^^^^^^^^^^^^^^^^^^^^^^^^^^^
  File "<string>", line 2, in _connection_for_bind
  File "C:\Users\ismai\Documents\GitHub\New-Data-Fraud-detection\backend\.venv\Lib\site-packages\sqlalchemy\orm\state_c
hanges.py", line 139, in _go
    ret_value = fn(self, *arg, **kw)
                ^^^^^^^^^^^^^^^^^^^^
  File 
"C:\Users\ismai\Documents\GitHub\New-Data-Fraud-detection\backend\.venv\Lib\site-packages\sqlalchemy\orm\session.py", 
line 1189, in _connection_for_bind
    conn = bind.connect()
           ^^^^^^^^^^^^^^
  File 
"C:\Users\ismai\Documents\GitHub\New-Data-Fraud-detection\backend\.venv\Lib\site-packages\sqlalchemy\engine\base.py", 
line 3278, in connect
    return self._connection_cls(self)
           ^^^^^^^^^^^^^^^^^^^^^^^^^^
  File 
"C:\Users\ismai\Documents\GitHub\New-Data-Fraud-detection\backend\.venv\Lib\site-packages\sqlalchemy\engine\base.py", 
line 148, in __init__
    Connection._handle_dbapi_exception_noconnection(
  File 
"C:\Users\ismai\Documents\GitHub\New-Data-Fraud-detection\backend\.venv\Lib\site-packages\sqlalchemy\engine\base.py", 
line 2442, in _handle_dbapi_exception_noconnection
    raise sqlalchemy_exception.with_traceback(exc_info[2]) from e
  File 
"C:\Users\ismai\Documents\GitHub\New-Data-Fraud-detection\backend\.venv\Lib\site-packages\sqlalchemy\engine\base.py", 
line 146, in __init__
    self._dbapi_connection = engine.raw_connection()
                             ^^^^^^^^^^^^^^^^^^^^^^^
  File 
"C:\Users\ismai\Documents\GitHub\New-Data-Fraud-detection\backend\.venv\Lib\site-packages\sqlalchemy\engine\base.py", 
line 3302, in raw_connection
    return self.pool.connect()
           ^^^^^^^^^^^^^^^^^^^
  File 
"C:\Users\ismai\Documents\GitHub\New-Data-Fraud-detection\backend\.venv\Lib\site-packages\sqlalchemy\pool\base.py", 
line 449, in connect
    return _ConnectionFairy._checkout(self)
           ^^^^^^^^^^^^^^^^^^^^^^^^^^^^^^^^
  File 
"C:\Users\ismai\Documents\GitHub\New-Data-Fraud-detection\backend\.venv\Lib\site-packages\sqlalchemy\pool\base.py", 
line 1263, in _checkout
    fairy = _ConnectionRecord.checkout(pool)
            ^^^^^^^^^^^^^^^^^^^^^^^^^^^^^^^^
  File 
"C:\Users\ismai\Documents\GitHub\New-Data-Fraud-detection\backend\.venv\Lib\site-packages\sqlalchemy\pool\base.py", 
line 712, in checkout
    rec = pool._do_get()
          ^^^^^^^^^^^^^^
  File 
"C:\Users\ismai\Documents\GitHub\New-Data-Fraud-detection\backend\.venv\Lib\site-packages\sqlalchemy\pool\impl.py", 
line 179, in _do_get
    with util.safe_reraise():
  File "C:\Users\ismai\Documents\GitHub\New-Data-Fraud-detection\backend\.venv\Lib\site-packages\sqlalchemy\util\langhe
lpers.py", line 146, in __exit__
    raise exc_value.with_traceback(exc_tb)
  File 
"C:\Users\ismai\Documents\GitHub\New-Data-Fraud-detection\backend\.venv\Lib\site-packages\sqlalchemy\pool\impl.py", 
line 177, in _do_get
    return self._create_connection()
           ^^^^^^^^^^^^^^^^^^^^^^^^^
  File 
"C:\Users\ismai\Documents\GitHub\New-Data-Fraud-detection\backend\.venv\Lib\site-packages\sqlalchemy\pool\base.py", 
line 390, in _create_connection
    return _ConnectionRecord(self)
           ^^^^^^^^^^^^^^^^^^^^^^^
  File 
"C:\Users\ismai\Documents\GitHub\New-Data-Fraud-detection\backend\.venv\Lib\site-packages\sqlalchemy\pool\base.py", 
line 674, in __init__
    self.__connect()
  File 
"C:\Users\ismai\Documents\GitHub\New-Data-Fraud-detection\backend\.venv\Lib\site-packages\sqlalchemy\pool\base.py", 
line 900, in __connect
    with util.safe_reraise():
  File "C:\Users\ismai\Documents\GitHub\New-Data-Fraud-detection\backend\.venv\Lib\site-packages\sqlalchemy\util\langhe
lpers.py", line 146, in __exit__
    raise exc_value.with_traceback(exc_tb)
  File 
"C:\Users\ismai\Documents\GitHub\New-Data-Fraud-detection\backend\.venv\Lib\site-packages\sqlalchemy\pool\base.py", 
line 896, in __connect
    self.dbapi_connection = connection = pool._invoke_creator(self)
                                         ^^^^^^^^^^^^^^^^^^^^^^^^^^
  File "C:\Users\ismai\Documents\GitHub\New-Data-Fraud-detection\backend\.venv\Lib\site-packages\sqlalchemy\engine\crea
te.py", line 643, in connect
    return dialect.connect(*cargs, **cparams)
           ^^^^^^^^^^^^^^^^^^^^^^^^^^^^^^^^^^
  File "C:\Users\ismai\Documents\GitHub\New-Data-Fraud-detection\backend\.venv\Lib\site-packages\sqlalchemy\engine\defa
ult.py", line 621, in connect
    return self.loaded_dbapi.connect(*cargs, **cparams)
           ^^^^^^^^^^^^^^^^^^^^^^^^^^^^^^^^^^^^^^^^^^^^
  File 
"C:\Users\ismai\Documents\GitHub\New-Data-Fraud-detection\backend\.venv\Lib\site-packages\psycopg2\__init__.py", line 
122, in connect
    conn = _connect(dsn, connection_factory=connection_factory, **kwasync)
           ^^^^^^^^^^^^^^^^^^^^^^^^^^^^^^^^^^^^^^^^^^^^^^^^^^^^^^^^^^^^^^^
sqlalchemy.exc.OperationalError: (psycopg2.OperationalError) connection to server at "localhost" (::1), port 5432 
failed: FATAL:  password authentication failed for user "user"

(Background on this error at: https://sqlalche.me/e/20/e3q8)
